Loading config: config/planet_formation.json
Output dir: data/20260525_195133
Initializing disk (10000 particles)...
Starting simulation: 100000 steps, output every 10 steps

[0.0%] t=0.1 T0  aggregates=0    
[0.0%] t=0.2 T0  aggregates=0    
[0.0%] t=0.3 T0  aggregates=0    
[0.0%] t=0.4 T0  aggregates=0    
[0.1%] t=0.5 T0  aggregates=0    
[0.1%] t=0.6 T0  aggregates=0    
[0.1%] t=0.7 T0  aggregates=0    
[0.1%] t=0.8 T0  aggregates=0    
[0.1%] t=0.9 T0  aggregates=0    
[0.1%] t=1.0 T0  aggregates=0    
[0.1%] t=1.1 T0  aggregates=0    
[0.1%] t=1.2 T0  aggregates=0    
[0.1%] t=1.3 T0  aggregates=0    
[0.1%] t=1.4 T0  aggregates=0    
[0.2%] t=1.5 T0  aggregates=0    
[0.2%] t=1.6 T0  aggregates=0    
[0.2%] t=1.7 T0  aggregates=1    
[0.2%] t=1.8 T0  aggregates=0    
[0.2%] t=1.9 T0  aggregates=0    
[0.2%] t=2.0 T0  aggregates=0    
[0.2%] t=2.1 T0  aggregates=0    
[0.2%] t=2.2 T0  aggregates=0    
[0.2%] t=2.3 T0  aggregates=0    
[0.2%] t=2.4 T0  aggregates=1    
[0.2%] t=2.5 T0  aggregates=0    
[0.3%] t=2.6 T0  aggregates=0    
[0.3%] t=2.7 T0  aggregates=0    
[0.3%] t=2.8 T0  aggregates=0    
[0.3%] t=2.9 T0  aggregates=0    
[0.3%] t=3.0 T0  aggregates=0    
[0.3%] t=3.1 T0  aggregates=0    
[0.3%] t=3.2 T0  aggregates=0    
[0.3%] t=3.3 T0  aggregates=0    
[0.3%] t=3.4 T0  aggregates=0    
[0.3%] t=3.5 T0  aggregates=0    
[0.4%] t=3.6 T0  aggregates=0    
[0.4%] t=3.7 T0  aggregates=0    
[0.4%] t=3.8 T0  aggregates=0    
[0.4%] t=3.9 T0  aggregates=0    
[0.4%] t=4.0 T0  aggregates=0    
[0.4%] t=4.1 T0  aggregates=0    
[0.4%] t=4.2 T0  aggregates=0    
[0.4%] t=4.3 T0  aggregates=0    
[0.4%] t=4.4 T0  aggregates=0    
[0.4%] t=4.5 T0  aggregates=0    
[0.5%] t=4.6 T0  aggregates=0    
[0.5%] t=4.7 T0  aggregates=0    
[0.5%] t=4.8 T0  aggregates=1    
[0.5%] t=4.9 T0  aggregates=0    
[0.5%] t=5.0 T0  aggregates=0    
[0.5%] t=5.1 T0  aggregates=0    
[0.5%] t=5.2 T0  aggregates=0    
[0.5%] t=5.3 T0  aggregates=0    
[0.5%] t=5.4 T0  aggregates=0    
[0.6%] t=5.5 T0  aggregates=0    
[0.6%] t=5.6 T0  aggregates=0    
[0.6%] t=5.7 T0  aggregates=0    
[0.6%] t=5.8 T0  aggregates=0    
[0.6%] t=5.9 T0  aggregates=0    
[0.6%] t=6.0 T0  aggregates=0    
[0.6%] t=6.1 T0  aggregates=0    
[0.6%] t=6.2 T0  aggregates=0    
[0.6%] t=6.3 T0  aggregates=0    
[0.6%] t=6.4 T0  aggregates=0    
[0.6%] t=6.5 T0  aggregates=1    
[0.7%] t=6.6 T0  aggregates=0    
[0.7%] t=6.7 T0  aggregates=0    
[0.7%] t=6.8 T0  aggregates=1    
[0.7%] t=6.9 T0  aggregates=0    
[0.7%] t=7.0 T0  aggregates=0    
[0.7%] t=7.1 T0  aggregates=0    
[0.7%] t=7.2 T0  aggregates=0    
[0.7%] t=7.3 T0  aggregates=1    
[0.7%] t=7.4 T0  aggregates=0    
[0.8%] t=7.5 T0  aggregates=0    
[0.8%] t=7.6 T0  aggregates=0    
[0.8%] t=7.7 T0  aggregates=0    
[0.8%] t=7.8 T0  aggregates=0    
[0.8%] t=7.9 T0  aggregates=0    
[0.8%] t=8.0 T0  aggregates=0    
[0.8%] t=8.1 T0  aggregates=0    
[0.8%] t=8.2 T0  aggregates=0    
[0.8%] t=8.3 T0  aggregates=0    
[0.8%] t=8.4 T0  aggregates=0    
[0.9%] t=8.5 T0  aggregates=0    
[0.9%] t=8.6 T0  aggregates=0    
[0.9%] t=8.7 T0  aggregates=0    
[0.9%] t=8.8 T0  aggregates=0    
[0.9%] t=8.9 T0  aggregates=0    
[0.9%] t=9.0 T0  aggregates=0    
[0.9%] t=9.1 T0  aggregates=0    
[0.9%] t=9.2 T0  aggregates=0    
[0.9%] t=9.3 T0  aggregates=0    
[0.9%] t=9.4 T0  aggregates=0    
[0.9%] t=9.5 T0  aggregates=0    
[1.0%] t=9.6 T0  aggregates=0    
[1.0%] t=9.7 T0  aggregates=0    
[1.0%] t=9.8 T0  aggregates=0    
[1.0%] t=9.9 T0  aggregates=0    
[1.0%] t=10.0 T0  aggregates=0    
[1.0%] t=10.1 T0  aggregates=0    
[1.0%] t=10.2 T0  aggregates=0    
[1.0%] t=10.3 T0  aggregates=0    
[1.0%] t=10.4 T0  aggregates=0    
[1.0%] t=10.5 T0  aggregates=0    
[1.1%] t=10.6 T0  aggregates=0    
[1.1%] t=10.7 T0  aggregates=0    
[1.1%] t=10.8 T0  aggregates=1    
[1.1%] t=10.9 T0  aggregates=0    
[1.1%] t=11.0 T0  aggregates=0    
[1.1%] t=11.1 T0  aggregates=0    
[1.1%] t=11.2 T0  aggregates=0    
[1.1%] t=11.3 T0  aggregates=0    
[1.1%] t=11.4 T0  aggregates=1    
[1.1%] t=11.5 T0  aggregates=0    
[1.2%] t=11.6 T0  aggregates=0    
[1.2%] t=11.7 T0  aggregates=0    
[1.2%] t=11.8 T0  aggregates=0    
[1.2%] t=11.9 T0  aggregates=0    
[1.2%] t=12.0 T0  aggregates=0    
[1.2%] t=12.1 T0  aggregates=0    
[1.2%] t=12.2 T0  aggregates=0    
[1.2%] t=12.3 T0  aggregates=0    
[1.2%] t=12.4 T0  aggregates=0    
[1.2%] t=12.5 T0  aggregates=0    
[1.3%] t=12.6 T0  aggregates=0    
[1.3%] t=12.7 T0  aggregates=0    
[1.3%] t=12.8 T0  aggregates=0    
[1.3%] t=12.9 T0  aggregates=0    
[1.3%] t=13.0 T0  aggregates=0    
[1.3%] t=13.1 T0  aggregates=0    
[1.3%] t=13.2 T0  aggregates=0    
[1.3%] t=13.3 T0  aggregates=0    
[1.3%] t=13.4 T0  aggregates=0    
[1.4%] t=13.5 T0  aggregates=0    
[1.4%] t=13.6 T0  aggregates=0    
[1.4%] t=13.7 T0  aggregates=0    
[1.4%] t=13.8 T0  aggregates=0    
[1.4%] t=13.9 T0  aggregates=0    
[1.4%] t=14.0 T0  aggregates=0    
[1.4%] t=14.1 T0  aggregates=0    
[1.4%] t=14.2 T0  aggregates=0    
[1.4%] t=14.3 T0  aggregates=0    
[1.4%] t=14.4 T0  aggregates=1    
[1.5%] t=14.5 T0  aggregates=0    
[1.5%] t=14.6 T0  aggregates=0    
[1.5%] t=14.7 T0  aggregates=0    
[1.5%] t=14.8 T0  aggregates=0    
[1.5%] t=14.9 T0  aggregates=0    
[1.5%] t=15.0 T0  aggregates=0    
[1.5%] t=15.1 T0  aggregates=0    
[1.5%] t=15.2 T0  aggregates=0    
[1.5%] t=15.3 T0  aggregates=0    
[1.5%] t=15.4 T0  aggregates=0    
[1.5%] t=15.5 T0  aggregates=1    
[1.6%] t=15.6 T0  aggregates=0    
[1.6%] t=15.7 T0  aggregates=0    
[1.6%] t=15.8 T0  aggregates=0    
[1.6%] t=15.9 T0  aggregates=0    
[1.6%] t=16.0 T0  aggregates=0    
[1.6%] t=16.1 T0  aggregates=0    
[1.6%] t=16.2 T0  aggregates=0    
[1.6%] t=16.3 T0  aggregates=0    
[1.6%] t=16.4 T0  aggregates=1    
[1.6%] t=16.5 T0  aggregates=0    
[1.7%] t=16.6 T0  aggregates=0    
[1.7%] t=16.7 T0  aggregates=0    
[1.7%] t=16.8 T0  aggregates=0    
[1.7%] t=16.9 T0  aggregates=0    
[1.7%] t=17.0 T0  aggregates=0    
[1.7%] t=17.1 T0  aggregates=0    
[1.7%] t=17.2 T0  aggregates=0    
[1.7%] t=17.3 T0  aggregates=0    
[1.7%] t=17.4 T0  aggregates=0    
[1.8%] t=17.5 T0  aggregates=0    
[1.8%] t=17.6 T0  aggregates=0    
[1.8%] t=17.7 T0  aggregates=0    
[1.8%] t=17.8 T0  aggregates=0    
[1.8%] t=17.9 T0  aggregates=1    
[1.8%] t=18.0 T0  aggregates=1    
[1.8%] t=18.1 T0  aggregates=0    
[1.8%] t=18.2 T0  aggregates=0    
[1.8%] t=18.3 T0  aggregates=0    
[1.8%] t=18.4 T0  aggregates=0    
[1.9%] t=18.5 T0  aggregates=0    
[1.9%] t=18.6 T0  aggregates=0    
[1.9%] t=18.7 T0  aggregates=0    
[1.9%] t=18.8 T0  aggregates=0    
[1.9%] t=18.9 T0  aggregates=0    
[1.9%] t=19.0 T0  aggregates=0    
[1.9%] t=19.1 T0  aggregates=2    
[1.9%] t=19.2 T0  aggregates=0    
[1.9%] t=19.3 T0  aggregates=0    
[1.9%] t=19.4 T0  aggregates=0    
[2.0%] t=19.5 T0  aggregates=0    
[2.0%] t=19.6 T0  aggregates=0    
[2.0%] t=19.7 T0  aggregates=0    
[2.0%] t=19.8 T0  aggregates=0    
[2.0%] t=19.9 T0  aggregates=0    
[2.0%] t=20.0 T0  aggregates=0    
[2.0%] t=20.1 T0  aggregates=0    
[2.0%] t=20.2 T0  aggregates=0    
[2.0%] t=20.3 T0  aggregates=1    
[2.0%] t=20.4 T0  aggregates=0    
[2.0%] t=20.5 T0  aggregates=0    
[2.1%] t=20.6 T0  aggregates=0    
[2.1%] t=20.7 T0  aggregates=0    
[2.1%] t=20.8 T0  aggregates=0    
[2.1%] t=20.9 T0  aggregates=0    
[2.1%] t=21.0 T0  aggregates=0    
[2.1%] t=21.1 T0  aggregates=0    
[2.1%] t=21.2 T0  aggregates=0    
[2.1%] t=21.3 T0  aggregates=0    
[2.1%] t=21.4 T0  aggregates=1    
[2.2%] t=21.5 T0  aggregates=0    
[2.2%] t=21.6 T0  aggregates=0    
[2.2%] t=21.7 T0  aggregates=0    
[2.2%] t=21.8 T0  aggregates=1    
[2.2%] t=21.9 T0  aggregates=0    
[2.2%] t=22.0 T0  aggregates=1    
[2.2%] t=22.1 T0  aggregates=0    
[2.2%] t=22.2 T0  aggregates=2    
[2.2%] t=22.3 T0  aggregates=0    
[2.2%] t=22.4 T0  aggregates=0    
[2.2%] t=22.5 T0  aggregates=0    
[2.3%] t=22.6 T0  aggregates=0    
[2.3%] t=22.7 T0  aggregates=0    
[2.3%] t=22.8 T0  aggregates=0    
[2.3%] t=22.9 T0  aggregates=0    
[2.3%] t=23.0 T0  aggregates=0    
[2.3%] t=23.1 T0  aggregates=1    
[2.3%] t=23.2 T0  aggregates=1    
[2.3%] t=23.3 T0  aggregates=0    
[2.3%] t=23.4 T0  aggregates=0    
[2.3%] t=23.5 T0  aggregates=0    
[2.4%] t=23.6 T0  aggregates=0    
[2.4%] t=23.7 T0  aggregates=0    
[2.4%] t=23.8 T0  aggregates=0    
[2.4%] t=23.9 T0  aggregates=0    
[2.4%] t=24.0 T0  aggregates=0    
[2.4%] t=24.1 T0  aggregates=0    
[2.4%] t=24.2 T0  aggregates=0    
[2.4%] t=24.3 T0  aggregates=0    
[2.4%] t=24.4 T0  aggregates=1    
[2.5%] t=24.5 T0  aggregates=0    
[2.5%] t=24.6 T0  aggregates=0    
[2.5%] t=24.7 T0  aggregates=0    
[2.5%] t=24.8 T0  aggregates=0    
[2.5%] t=24.9 T0  aggregates=0    
[2.5%] t=25.0 T0  aggregates=0    
[2.5%] t=25.1 T0  aggregates=0    
[2.5%] t=25.2 T0  aggregates=0    
[2.5%] t=25.3 T0  aggregates=0    
[2.5%] t=25.4 T0  aggregates=0    
[2.5%] t=25.5 T0  aggregates=0    
[2.6%] t=25.6 T0  aggregates=0    
[2.6%] t=25.7 T0  aggregates=0    
[2.6%] t=25.8 T0  aggregates=0    
[2.6%] t=25.9 T0  aggregates=0    
[2.6%] t=26.0 T0  aggregates=0    
[2.6%] t=26.1 T0  aggregates=0    
[2.6%] t=26.2 T0  aggregates=0    
[2.6%] t=26.3 T0  aggregates=1    
[2.6%] t=26.4 T0  aggregates=0    
[2.7%] t=26.5 T0  aggregates=0    
[2.7%] t=26.6 T0  aggregates=0    
[2.7%] t=26.7 T0  aggregates=1    
[2.7%] t=26.8 T0  aggregates=0    
[2.7%] t=26.9 T0  aggregates=0    
[2.7%] t=27.0 T0  aggregates=0    
[2.7%] t=27.1 T0  aggregates=1    
[2.7%] t=27.2 T0  aggregates=0    
[2.7%] t=27.3 T0  aggregates=0    
[2.7%] t=27.4 T0  aggregates=0    
[2.8%] t=27.5 T0  aggregates=0    
[2.8%] t=27.6 T0  aggregates=0    
[2.8%] t=27.7 T0  aggregates=0    
[2.8%] t=27.8 T0  aggregates=0    
[2.8%] t=27.9 T0  aggregates=0    
[2.8%] t=28.0 T0  aggregates=0    
[2.8%] t=28.1 T0  aggregates=0    
[2.8%] t=28.2 T0  aggregates=0    
[2.8%] t=28.3 T0  aggregates=0    
[2.8%] t=28.4 T0  aggregates=0    
[2.8%] t=28.5 T0  aggregates=0    
[2.9%] t=28.6 T0  aggregates=0    
[2.9%] t=28.7 T0  aggregates=0    
[2.9%] t=28.8 T0  aggregates=0    
[2.9%] t=28.9 T0  aggregates=0    
[2.9%] t=29.0 T0  aggregates=0    
[2.9%] t=29.1 T0  aggregates=0    
[2.9%] t=29.2 T0  aggregates=0    
[2.9%] t=29.3 T0  aggregates=0    
[2.9%] t=29.4 T0  aggregates=0    
[3.0%] t=29.5 T0  aggregates=0    
[3.0%] t=29.6 T0  aggregates=0    
[3.0%] t=29.7 T0  aggregates=1    
[3.0%] t=29.8 T0  aggregates=0    
[3.0%] t=29.9 T0  aggregates=2    
[3.0%] t=30.0 T0  aggregates=1    
[3.0%] t=30.1 T0  aggregates=0    
[3.0%] t=30.2 T0  aggregates=0    
[3.0%] t=30.3 T0  aggregates=0    
[3.0%] t=30.4 T0  aggregates=0    
[3.0%] t=30.5 T0  aggregates=1    
[3.1%] t=30.6 T0  aggregates=0    
[3.1%] t=30.7 T0  aggregates=0    
[3.1%] t=30.8 T0  aggregates=0    
[3.1%] t=30.9 T0  aggregates=1    
[3.1%] t=31.0 T0  aggregates=2    
[3.1%] t=31.1 T0  aggregates=1    
[3.1%] t=31.2 T0  aggregates=1    
[3.1%] t=31.3 T0  aggregates=1    
[3.1%] t=31.4 T0  aggregates=1    
[3.2%] t=31.5 T0  aggregates=1    
[3.2%] t=31.6 T0  aggregates=1    
[3.2%] t=31.7 T0  aggregates=2    
[3.2%] t=31.8 T0  aggregates=1    
[3.2%] t=31.9 T0  aggregates=1    
[3.2%] t=32.0 T0  aggregates=1    
[3.2%] t=32.1 T0  aggregates=1    
[3.2%] t=32.2 T0  aggregates=2    
[3.2%] t=32.3 T0  aggregates=1    
[3.2%] t=32.4 T0  aggregates=1    
[3.2%] t=32.5 T0  aggregates=1    
[3.3%] t=32.6 T0  aggregates=2    
[3.3%] t=32.7 T0  aggregates=1    
[3.3%] t=32.8 T0  aggregates=1    
[3.3%] t=32.9 T0  aggregates=1    
[3.3%] t=33.0 T0  aggregates=2    
[3.3%] t=33.1 T0  aggregates=1    
[3.3%] t=33.2 T0  aggregates=1    
[3.3%] t=33.3 T0  aggregates=2    
[3.3%] t=33.4 T0  aggregates=2    
[3.3%] t=33.5 T0  aggregates=2    
[3.4%] t=33.6 T0  aggregates=1    
[3.4%] t=33.7 T0  aggregates=1    
[3.4%] t=33.8 T0  aggregates=2    
[3.4%] t=33.9 T0  aggregates=1    
[3.4%] t=34.0 T0  aggregates=1    
[3.4%] t=34.1 T0  aggregates=1    
[3.4%] t=34.2 T0  aggregates=1    
[3.4%] t=34.3 T0  aggregates=2    
[3.4%] t=34.4 T0  aggregates=1    
[3.5%] t=34.5 T0  aggregates=1    
[3.5%] t=34.6 T0  aggregates=2    
[3.5%] t=34.7 T0  aggregates=1    
[3.5%] t=34.8 T0  aggregates=1    
[3.5%] t=34.9 T0  aggregates=1    
[3.5%] t=35.0 T0  aggregates=2    
[3.5%] t=35.1 T0  aggregates=2    
[3.5%] t=35.2 T0  aggregates=2    
[3.5%] t=35.3 T0  aggregates=2    
[3.5%] t=35.4 T0  aggregates=2    
[3.5%] t=35.5 T0  aggregates=2    
[3.6%] t=35.6 T0  aggregates=2    
[3.6%] t=35.7 T0  aggregates=2    
[3.6%] t=35.8 T0  aggregates=2    
[3.6%] t=35.9 T0  aggregates=2    
[3.6%] t=36.0 T0  aggregates=2    
[3.6%] t=36.1 T0  aggregates=2    
[3.6%] t=36.2 T0  aggregates=2    
[3.6%] t=36.3 T0  aggregates=3    
[3.6%] t=36.4 T0  aggregates=2    
[3.7%] t=36.5 T0  aggregates=2    
[3.7%] t=36.6 T0  aggregates=2    
[3.7%] t=36.7 T0  aggregates=3    
[3.7%] t=36.8 T0  aggregates=3    
[3.7%] t=36.9 T0  aggregates=3    
[3.7%] t=37.0 T0  aggregates=3    
[3.7%] t=37.1 T0  aggregates=3    
[3.7%] t=37.2 T0  aggregates=3    
[3.7%] t=37.3 T0  aggregates=3    
[3.7%] t=37.4 T0  aggregates=3    
[3.8%] t=37.5 T0  aggregates=3    
[3.8%] t=37.6 T0  aggregates=2    
[3.8%] t=37.7 T0  aggregates=3    
[3.8%] t=37.8 T0  aggregates=3    
[3.8%] t=37.9 T0  aggregates=2    
[3.8%] t=38.0 T0  aggregates=3    
[3.8%] t=38.1 T0  aggregates=3    
[3.8%] t=38.2 T0  aggregates=3    
[3.8%] t=38.3 T0  aggregates=3    
[3.8%] t=38.4 T0  aggregates=3    
[3.8%] t=38.5 T0  aggregates=3    
[3.9%] t=38.6 T0  aggregates=3    
[3.9%] t=38.7 T0  aggregates=3    
[3.9%] t=38.8 T0  aggregates=3    
[3.9%] t=38.9 T0  aggregates=3    
[3.9%] t=39.0 T0  aggregates=4    
[3.9%] t=39.1 T0  aggregates=3    
[3.9%] t=39.2 T0  aggregates=5    
[3.9%] t=39.3 T0  aggregates=3    
[3.9%] t=39.4 T0  aggregates=5    
[4.0%] t=39.5 T0  aggregates=4    
[4.0%] t=39.6 T0  aggregates=4    
[4.0%] t=39.7 T0  aggregates=3    
[4.0%] t=39.8 T0  aggregates=3    
[4.0%] t=39.9 T0  aggregates=4    
[4.0%] t=40.0 T0  aggregates=3    
[4.0%] t=40.1 T0  aggregates=3    
[4.0%] t=40.2 T0  aggregates=3    
[4.0%] t=40.3 T0  aggregates=3    
[4.0%] t=40.4 T0  aggregates=3    
[4.1%] t=40.5 T0  aggregates=3    
[4.1%] t=40.6 T0  aggregates=4    
[4.1%] t=40.7 T0  aggregates=5    
[4.1%] t=40.8 T0  aggregates=5    
[4.1%] t=40.9 T0  aggregates=6    
[4.1%] t=41.0 T0  aggregates=5    
[4.1%] t=41.1 T0  aggregates=4    
[4.1%] t=41.2 T0  aggregates=5    
[4.1%] t=41.3 T0  aggregates=4    
[4.1%] t=41.4 T0  aggregates=4    
[4.2%] t=41.5 T0  aggregates=4    
[4.2%] t=41.6 T0  aggregates=4    
[4.2%] t=41.7 T0  aggregates=6    
[4.2%] t=41.8 T0  aggregates=4    
[4.2%] t=41.9 T0  aggregates=4    
[4.2%] t=42.0 T0  aggregates=5    
[4.2%] t=42.1 T0  aggregates=4    
[4.2%] t=42.2 T0  aggregates=5    
[4.2%] t=42.3 T0  aggregates=4    
[4.2%] t=42.4 T0  aggregates=5    
[4.2%] t=42.5 T0  aggregates=4    
[4.3%] t=42.6 T0  aggregates=4    
[4.3%] t=42.7 T0  aggregates=5    
[4.3%] t=42.8 T0  aggregates=5    
[4.3%] t=42.9 T0  aggregates=4    
[4.3%] t=43.0 T0  aggregates=5    
[4.3%] t=43.1 T0  aggregates=6    
[4.3%] t=43.2 T0  aggregates=5    
[4.3%] t=43.3 T0  aggregates=5    
[4.3%] t=43.4 T0  aggregates=6    
[4.3%] t=43.5 T0  aggregates=5    
[4.4%] t=43.6 T0  aggregates=5    
[4.4%] t=43.7 T0  aggregates=6    
[4.4%] t=43.8 T0  aggregates=5    
[4.4%] t=43.9 T0  aggregates=5    
[4.4%] t=44.0 T0  aggregates=7    
[4.4%] t=44.1 T0  aggregates=5    
[4.4%] t=44.2 T0  aggregates=5    
[4.4%] t=44.3 T0  aggregates=7    
[4.4%] t=44.4 T0  aggregates=5    
[4.4%] t=44.5 T0  aggregates=6    
[4.5%] t=44.6 T0  aggregates=6    
[4.5%] t=44.7 T0  aggregates=7    
[4.5%] t=44.8 T0  aggregates=9    
[4.5%] t=44.9 T0  aggregates=7    
[4.5%] t=45.0 T0  aggregates=7    
[4.5%] t=45.1 T0  aggregates=9    
[4.5%] t=45.2 T0  aggregates=10    
[4.5%] t=45.3 T0  aggregates=9    
[4.5%] t=45.4 T0  aggregates=8    
[4.6%] t=45.5 T0  aggregates=8    
[4.6%] t=45.6 T0  aggregates=8    
[4.6%] t=45.7 T0  aggregates=10    
[4.6%] t=45.8 T0  aggregates=8    
[4.6%] t=45.9 T0  aggregates=8    
[4.6%] t=46.0 T0  aggregates=8    
[4.6%] t=46.1 T0  aggregates=8    
[4.6%] t=46.2 T0  aggregates=10    
[4.6%] t=46.3 T0  aggregates=10    
[4.6%] t=46.4 T0  aggregates=9    
[4.7%] t=46.5 T0  aggregates=11    
[4.7%] t=46.6 T0  aggregates=11    
[4.7%] t=46.7 T0  aggregates=12    
[4.7%] t=46.8 T0  aggregates=13    
[4.7%] t=46.9 T0  aggregates=12    
[4.7%] t=47.0 T0  aggregates=12    
[4.7%] t=47.1 T0  aggregates=12    
[4.7%] t=47.2 T0  aggregates=12    
[4.7%] t=47.3 T0  aggregates=14    
[4.7%] t=47.4 T0  aggregates=13    
[4.8%] t=47.5 T0  aggregates=14    
[4.8%] t=47.6 T0  aggregates=12    
[4.8%] t=47.7 T0  aggregates=15    
[4.8%] t=47.8 T0  aggregates=13    
[4.8%] t=47.9 T0  aggregates=14    
[4.8%] t=48.0 T0  aggregates=17    
[4.8%] t=48.1 T0  aggregates=15    
[4.8%] t=48.2 T0  aggregates=19    
[4.8%] t=48.3 T0  aggregates=17    
[4.8%] t=48.4 T0  aggregates=17    
[4.8%] t=48.5 T0  aggregates=16    
[4.9%] t=48.6 T0  aggregates=17    
[4.9%] t=48.7 T0  aggregates=17    
[4.9%] t=48.8 T0  aggregates=16    
[4.9%] t=48.9 T0  aggregates=18    
[4.9%] t=49.0 T0  aggregates=22    
[4.9%] t=49.1 T0  aggregates=20    
[4.9%] t=49.2 T0  aggregates=22    
[4.9%] t=49.3 T0  aggregates=20    
[4.9%] t=49.4 T0  aggregates=22    
[4.9%] t=49.5 T0  aggregates=24    
[5.0%] t=49.6 T0  aggregates=27    
[5.0%] t=49.7 T0  aggregates=23    
[5.0%] t=49.8 T0  aggregates=22    
[5.0%] t=49.9 T0  aggregates=23    
[5.0%] t=50.0 T0  aggregates=25    
[5.0%] t=50.1 T0  aggregates=25    
[5.0%] t=50.2 T0  aggregates=26    
[5.0%] t=50.3 T0  aggregates=29    
[5.0%] t=50.4 T0  aggregates=28    
[5.1%] t=50.5 T0  aggregates=28    
[5.1%] t=50.6 T0  aggregates=30    
[5.1%] t=50.7 T0  aggregates=29    
[5.1%] t=50.8 T0  aggregates=29    
[5.1%] t=50.9 T0  aggregates=29    
[5.1%] t=51.0 T0  aggregates=30    
[5.1%] t=51.1 T0  aggregates=30    
[5.1%] t=51.2 T0  aggregates=31    
[5.1%] t=51.3 T0  aggregates=31    
[5.1%] t=51.4 T0  aggregates=29    
[5.2%] t=51.5 T0  aggregates=30    
[5.2%] t=51.6 T0  aggregates=33    
[5.2%] t=51.7 T0  aggregates=30    
[5.2%] t=51.8 T0  aggregates=31    
[5.2%] t=51.9 T0  aggregates=32    
[5.2%] t=52.0 T0  aggregates=31    
[5.2%] t=52.1 T0  aggregates=32    
[5.2%] t=52.2 T0  aggregates=30    
[5.2%] t=52.3 T0  aggregates=31    
[5.2%] t=52.4 T0  aggregates=32    
[5.2%] t=52.5 T0  aggregates=32    
[5.3%] t=52.6 T0  aggregates=33    
[5.3%] t=52.7 T0  aggregates=33    
[5.3%] t=52.8 T0  aggregates=39    
[5.3%] t=52.9 T0  aggregates=38    
[5.3%] t=53.0 T0  aggregates=38    
[5.3%] t=53.1 T0  aggregates=39    
[5.3%] t=53.2 T0  aggregates=39    
[5.3%] t=53.3 T0  aggregates=38    
[5.3%] t=53.4 T0  aggregates=40    
[5.3%] t=53.5 T0  aggregates=40    
[5.4%] t=53.6 T0  aggregates=39    
[5.4%] t=53.7 T0  aggregates=42    
[5.4%] t=53.8 T0  aggregates=43    
[5.4%] t=53.9 T0  aggregates=44    
[5.4%] t=54.0 T0  aggregates=43    
[5.4%] t=54.1 T0  aggregates=49    
[5.4%] t=54.2 T0  aggregates=49    
[5.4%] t=54.3 T0  aggregates=47    
[5.4%] t=54.4 T0  aggregates=50    
[5.4%] t=54.5 T0  aggregates=49    
[5.5%] t=54.6 T0  aggregates=50    
[5.5%] t=54.7 T0  aggregates=50    
[5.5%] t=54.8 T0  aggregates=50    
[5.5%] t=54.9 T0  aggregates=50    
[5.5%] t=55.0 T0  aggregates=51    
[5.5%] t=55.1 T0  aggregates=55    
[5.5%] t=55.2 T0  aggregates=53    
[5.5%] t=55.3 T0  aggregates=55    
[5.5%] t=55.4 T0  aggregates=55    
[5.6%] t=55.5 T0  aggregates=54    
[5.6%] t=55.6 T0  aggregates=58    
[5.6%] t=55.7 T0  aggregates=57    
[5.6%] t=55.8 T0  aggregates=57    
[5.6%] t=55.9 T0  aggregates=57    
[5.6%] t=56.0 T0  aggregates=56    
[5.6%] t=56.1 T0  aggregates=60    
[5.6%] t=56.2 T0  aggregates=59    
[5.6%] t=56.3 T0  aggregates=59    
[5.6%] t=56.4 T0  aggregates=60    
[5.7%] t=56.5 T0  aggregates=61    
[5.7%] t=56.6 T0  aggregates=63    
[5.7%] t=56.7 T0  aggregates=62    
[5.7%] t=56.8 T0  aggregates=64    
[5.7%] t=56.9 T0  aggregates=64    
[5.7%] t=57.0 T0  aggregates=68    
[5.7%] t=57.1 T0  aggregates=63    
[5.7%] t=57.2 T0  aggregates=64    
[5.7%] t=57.3 T0  aggregates=68    
[5.7%] t=57.4 T0  aggregates=68    
[5.8%] t=57.5 T0  aggregates=67    
[5.8%] t=57.6 T0  aggregates=68    
[5.8%] t=57.7 T0  aggregates=68    
[5.8%] t=57.8 T0  aggregates=68    
[5.8%] t=57.9 T0  aggregates=68    
[5.8%] t=58.0 T0  aggregates=69    
[5.8%] t=58.1 T0  aggregates=70    
[5.8%] t=58.2 T0  aggregates=71    
[5.8%] t=58.3 T0  aggregates=68    
[5.8%] t=58.4 T0  aggregates=67    
[5.8%] t=58.5 T0  aggregates=70    
[5.9%] t=58.6 T0  aggregates=70    
[5.9%] t=58.7 T0  aggregates=71    
[5.9%] t=58.8 T0  aggregates=70    
[5.9%] t=58.9 T0  aggregates=73    
[5.9%] t=59.0 T0  aggregates=71    
[5.9%] t=59.1 T0  aggregates=74    
[5.9%] t=59.2 T0  aggregates=69    
[5.9%] t=59.3 T0  aggregates=70    
[5.9%] t=59.4 T0  aggregates=72    
[5.9%] t=59.5 T0  aggregates=74    
[6.0%] t=59.6 T0  aggregates=73    
[6.0%] t=59.7 T0  aggregates=77    
[6.0%] t=59.8 T0  aggregates=73    
[6.0%] t=59.9 T0  aggregates=74    
[6.0%] t=60.0 T0  aggregates=74    
[6.0%] t=60.1 T0  aggregates=72    
[6.0%] t=60.2 T0  aggregates=73    
[6.0%] t=60.3 T0  aggregates=73    
[6.0%] t=60.4 T0  aggregates=70    
[6.1%] t=60.5 T0  aggregates=73    
[6.1%] t=60.6 T0  aggregates=74    
[6.1%] t=60.7 T0  aggregates=78    
[6.1%] t=60.8 T0  aggregates=79    
[6.1%] t=60.9 T0  aggregates=79    
[6.1%] t=61.0 T0  aggregates=82    
[6.1%] t=61.1 T0  aggregates=82    
[6.1%] t=61.2 T0  aggregates=81    
[6.1%] t=61.3 T0  aggregates=82    
[6.1%] t=61.4 T0  aggregates=85    
[6.2%] t=61.5 T0  aggregates=86    
[6.2%] t=61.6 T0  aggregates=86    
[6.2%] t=61.7 T0  aggregates=89    
[6.2%] t=61.8 T0  aggregates=89    
[6.2%] t=61.9 T0  aggregates=93    
[6.2%] t=62.0 T0  aggregates=94    
[6.2%] t=62.1 T0  aggregates=96    
[6.2%] t=62.2 T0  aggregates=95    
[6.2%] t=62.3 T0  aggregates=96    
[6.2%] t=62.4 T0  aggregates=96    
[6.2%] t=62.5 T0  aggregates=98    
[6.3%] t=62.6 T0  aggregates=98    
[6.3%] t=62.7 T0  aggregates=100    
[6.3%] t=62.8 T0  aggregates=99    
[6.3%] t=62.9 T0  aggregates=101    
[6.3%] t=63.0 T0  aggregates=103    
[6.3%] t=63.1 T0  aggregates=104    
[6.3%] t=63.2 T0  aggregates=104    
[6.3%] t=63.3 T0  aggregates=107    
[6.3%] t=63.4 T0  aggregates=106    
[6.3%] t=63.5 T0  aggregates=107    
[6.4%] t=63.6 T0  aggregates=107    
[6.4%] t=63.7 T0  aggregates=110    
[6.4%] t=63.8 T0  aggregates=110    
[6.4%] t=63.9 T0  aggregates=104    
[6.4%] t=64.0 T0  aggregates=107    
[6.4%] t=64.1 T0  aggregates=107    
[6.4%] t=64.2 T0  aggregates=109    
[6.4%] t=64.3 T0  aggregates=112    
[6.4%] t=64.4 T0  aggregates=116    
[6.4%] t=64.5 T0  aggregates=115    
[6.5%] t=64.6 T0  aggregates=117    
[6.5%] t=64.7 T0  aggregates=118    
[6.5%] t=64.8 T0  aggregates=118    
[6.5%] t=64.9 T0  aggregates=118    
[6.5%] t=65.0 T0  aggregates=122    
[6.5%] t=65.1 T0  aggregates=120    
[6.5%] t=65.2 T0  aggregates=123    
[6.5%] t=65.3 T0  aggregates=128    
[6.5%] t=65.4 T0  aggregates=126    
[6.6%] t=65.5 T0  aggregates=130    
[6.6%] t=65.6 T0  aggregates=128    
[6.6%] t=65.7 T0  aggregates=128    
[6.6%] t=65.8 T0  aggregates=129    
[6.6%] t=65.9 T0  aggregates=130    
[6.6%] t=66.0 T0  aggregates=133    
[6.6%] t=66.1 T0  aggregates=134    
[6.6%] t=66.2 T0  aggregates=135    
[6.6%] t=66.3 T0  aggregates=135    
[6.6%] t=66.4 T0  aggregates=138    
[6.7%] t=66.5 T0  aggregates=141    
[6.7%] t=66.6 T0  aggregates=142    
[6.7%] t=66.7 T0  aggregates=144    
[6.7%] t=66.8 T0  aggregates=143    
[6.7%] t=66.9 T0  aggregates=146    
[6.7%] t=67.0 T0  aggregates=145    
[6.7%] t=67.1 T0  aggregates=146    
[6.7%] t=67.2 T0  aggregates=149    
[6.7%] t=67.3 T0  aggregates=145    
[6.7%] t=67.4 T0  aggregates=149    
[6.8%] t=67.5 T0  aggregates=146    
[6.8%] t=67.6 T0  aggregates=147    
[6.8%] t=67.7 T0  aggregates=148    
[6.8%] t=67.8 T0  aggregates=152    
[6.8%] t=67.9 T0  aggregates=152    
[6.8%] t=68.0 T0  aggregates=155    
[6.8%] t=68.1 T0  aggregates=155    
[6.8%] t=68.2 T0  aggregates=157    
[6.8%] t=68.3 T0  aggregates=155    
[6.8%] t=68.4 T0  aggregates=156    
[6.8%] t=68.5 T0  aggregates=156    
[6.9%] t=68.6 T0  aggregates=156    
[6.9%] t=68.7 T0  aggregates=157    
[6.9%] t=68.8 T0  aggregates=154    
[6.9%] t=68.9 T0  aggregates=159    
[6.9%] t=69.0 T0  aggregates=161    
[6.9%] t=69.1 T0  aggregates=162    
[6.9%] t=69.2 T0  aggregates=162    
[6.9%] t=69.3 T0  aggregates=163    
[6.9%] t=69.4 T0  aggregates=166    
[6.9%] t=69.5 T0  aggregates=165    
[7.0%] t=69.6 T0  aggregates=163    
[7.0%] t=69.7 T0  aggregates=166    
[7.0%] t=69.8 T0  aggregates=165    
[7.0%] t=69.9 T0  aggregates=167    
[7.0%] t=70.0 T0  aggregates=171    
[7.0%] t=70.1 T0  aggregates=172    
[7.0%] t=70.2 T0  aggregates=173    
[7.0%] t=70.3 T0  aggregates=173    
[7.0%] t=70.4 T0  aggregates=178    
[7.1%] t=70.5 T0  aggregates=180    
[7.1%] t=70.6 T0  aggregates=184    
[7.1%] t=70.7 T0  aggregates=182    
[7.1%] t=70.8 T0  aggregates=188    
[7.1%] t=70.9 T0  aggregates=184    
[7.1%] t=71.0 T0  aggregates=189    
[7.1%] t=71.1 T0  aggregates=194    
[7.1%] t=71.2 T0  aggregates=197    
[7.1%] t=71.3 T0  aggregates=199    
[7.1%] t=71.4 T0  aggregates=202    
[7.2%] t=71.5 T0  aggregates=199    
[7.2%] t=71.6 T0  aggregates=199    
[7.2%] t=71.7 T0  aggregates=198    
[7.2%] t=71.8 T0  aggregates=198    
[7.2%] t=71.9 T0  aggregates=197    
[7.2%] t=72.0 T0  aggregates=195    
[7.2%] t=72.1 T0  aggregates=195    
[7.2%] t=72.2 T0  aggregates=199    
[7.2%] t=72.3 T0  aggregates=201    
[7.2%] t=72.4 T0  aggregates=205    
[7.2%] t=72.5 T0  aggregates=208    
[7.3%] t=72.6 T0  aggregates=207    
[7.3%] t=72.7 T0  aggregates=209    
[7.3%] t=72.8 T0  aggregates=210    
[7.3%] t=72.9 T0  aggregates=213    
[7.3%] t=73.0 T0  aggregates=214    
[7.3%] t=73.1 T0  aggregates=212    
[7.3%] t=73.2 T0  aggregates=216    
[7.3%] t=73.3 T0  aggregates=212    
[7.3%] t=73.4 T0  aggregates=215    
[7.3%] t=73.5 T0  aggregates=214    
[7.4%] t=73.6 T0  aggregates=216    
[7.4%] t=73.7 T0  aggregates=217    
[7.4%] t=73.8 T0  aggregates=220    
[7.4%] t=73.9 T0  aggregates=216    
[7.4%] t=74.0 T0  aggregates=217    
[7.4%] t=74.1 T0  aggregates=221    
[7.4%] t=74.2 T0  aggregates=224    
[7.4%] t=74.3 T0  aggregates=223    
[7.4%] t=74.4 T0  aggregates=226    
[7.4%] t=74.5 T0  aggregates=226    
[7.5%] t=74.6 T0  aggregates=221    
[7.5%] t=74.7 T0  aggregates=221    
[7.5%] t=74.8 T0  aggregates=223    
[7.5%] t=74.9 T0  aggregates=227    
[7.5%] t=75.0 T0  aggregates=225    
[7.5%] t=75.1 T0  aggregates=227    
[7.5%] t=75.2 T0  aggregates=225    
[7.5%] t=75.3 T0  aggregates=229    
[7.5%] t=75.4 T0  aggregates=231    
[7.6%] t=75.5 T0  aggregates=233    
[7.6%] t=75.6 T0  aggregates=232    
[7.6%] t=75.7 T0  aggregates=230    
[7.6%] t=75.8 T0  aggregates=226    
[7.6%] t=75.9 T0  aggregates=229    
[7.6%] t=76.0 T0  aggregates=228    
[7.6%] t=76.1 T0  aggregates=231    
[7.6%] t=76.2 T0  aggregates=233    
[7.6%] t=76.3 T0  aggregates=236    
[7.6%] t=76.4 T0  aggregates=233    
[7.7%] t=76.5 T0  aggregates=235    
[7.7%] t=76.6 T0  aggregates=241    
[7.7%] t=76.7 T0  aggregates=242    
[7.7%] t=76.8 T0  aggregates=243    
[7.7%] t=76.9 T0  aggregates=243    
[7.7%] t=77.0 T0  aggregates=246    
[7.7%] t=77.1 T0  aggregates=243    
[7.7%] t=77.2 T0  aggregates=252    
[7.7%] t=77.3 T0  aggregates=249    
[7.7%] t=77.4 T0  aggregates=253    
[7.8%] t=77.5 T0  aggregates=254    
[7.8%] t=77.6 T0  aggregates=253    
[7.8%] t=77.7 T0  aggregates=254    
[7.8%] t=77.8 T0  aggregates=256    
[7.8%] t=77.9 T0  aggregates=259    
[7.8%] t=78.0 T0  aggregates=256    
[7.8%] t=78.1 T0  aggregates=257    
[7.8%] t=78.2 T0  aggregates=256    
[7.8%] t=78.3 T0  aggregates=264    
[7.8%] t=78.4 T0  aggregates=263    
[7.8%] t=78.5 T0  aggregates=264    
[7.9%] t=78.6 T0  aggregates=264    
[7.9%] t=78.7 T0  aggregates=264    
[7.9%] t=78.8 T0  aggregates=275    
[7.9%] t=78.9 T0  aggregates=271    
[7.9%] t=79.0 T0  aggregates=269    
[7.9%] t=79.1 T0  aggregates=275    
[7.9%] t=79.2 T0  aggregates=276    
[7.9%] t=79.3 T0  aggregates=274    
[7.9%] t=79.4 T0  aggregates=275    
[7.9%] t=79.5 T0  aggregates=273    
[8.0%] t=79.6 T0  aggregates=272    
[8.0%] t=79.7 T0  aggregates=270    
[8.0%] t=79.8 T0  aggregates=274    
[8.0%] t=79.9 T0  aggregates=277    
[8.0%] t=80.0 T0  aggregates=280    
[8.0%] t=80.1 T0  aggregates=276    
[8.0%] t=80.2 T0  aggregates=281    
[8.0%] t=80.3 T0  aggregates=280    
[8.0%] t=80.4 T0  aggregates=280    
[8.1%] t=80.5 T0  aggregates=286    
[8.1%] t=80.6 T0  aggregates=285    
[8.1%] t=80.7 T0  aggregates=286    
[8.1%] t=80.8 T0  aggregates=292    
[8.1%] t=80.9 T0  aggregates=292    
[8.1%] t=81.0 T0  aggregates=294    
[8.1%] t=81.1 T0  aggregates=294    
[8.1%] t=81.2 T0  aggregates=292    
[8.1%] t=81.3 T0  aggregates=295    
[8.1%] t=81.4 T0  aggregates=301    
[8.1%] t=81.5 T0  aggregates=298    
[8.2%] t=81.6 T0  aggregates=303    
[8.2%] t=81.7 T0  aggregates=308    
[8.2%] t=81.8 T0  aggregates=307    
[8.2%] t=81.9 T0  aggregates=307    
[8.2%] t=82.0 T0  aggregates=313    
[8.2%] t=82.1 T0  aggregates=316    
[8.2%] t=82.2 T0  aggregates=312    
[8.2%] t=82.3 T0  aggregates=314    
[8.2%] t=82.4 T0  aggregates=316    
[8.2%] t=82.5 T0  aggregates=315    
[8.3%] t=82.6 T0  aggregates=314    
[8.3%] t=82.7 T0  aggregates=319    
[8.3%] t=82.8 T0  aggregates=318    
[8.3%] t=82.9 T0  aggregates=318    
[8.3%] t=83.0 T0  aggregates=318    
[8.3%] t=83.1 T0  aggregates=325    
[8.3%] t=83.2 T0  aggregates=326    
[8.3%] t=83.3 T0  aggregates=326    
[8.3%] t=83.4 T0  aggregates=326    
[8.4%] t=83.5 T0  aggregates=327    
[8.4%] t=83.6 T0  aggregates=331    
[8.4%] t=83.7 T0  aggregates=332    
[8.4%] t=83.8 T0  aggregates=340    
[8.4%] t=83.9 T0  aggregates=335    
[8.4%] t=84.0 T0  aggregates=336    
[8.4%] t=84.1 T0  aggregates=335    
[8.4%] t=84.2 T0  aggregates=338    
[8.4%] t=84.3 T0  aggregates=338    
[8.4%] t=84.4 T0  aggregates=339    
[8.4%] t=84.5 T0  aggregates=336    
[8.5%] t=84.6 T0  aggregates=334    
[8.5%] t=84.7 T0  aggregates=340    
[8.5%] t=84.8 T0  aggregates=343    
[8.5%] t=84.9 T0  aggregates=338    
[8.5%] t=85.0 T0  aggregates=340    
[8.5%] t=85.1 T0  aggregates=341    
[8.5%] t=85.2 T0  aggregates=344    
[8.5%] t=85.3 T0  aggregates=348    
[8.5%] t=85.4 T0  aggregates=351    
[8.6%] t=85.5 T0  aggregates=354    
[8.6%] t=85.6 T0  aggregates=354    
[8.6%] t=85.7 T0  aggregates=357    
[8.6%] t=85.8 T0  aggregates=356    
[8.6%] t=85.9 T0  aggregates=363    
[8.6%] t=86.0 T0  aggregates=359    
[8.6%] t=86.1 T0  aggregates=361    
[8.6%] t=86.2 T0  aggregates=365    
[8.6%] t=86.3 T0  aggregates=364    
[8.6%] t=86.4 T0  aggregates=361    
[8.6%] t=86.5 T0  aggregates=363    
[8.7%] t=86.6 T0  aggregates=361    
[8.7%] t=86.7 T0  aggregates=365    
[8.7%] t=86.8 T0  aggregates=366    
[8.7%] t=86.9 T0  aggregates=365    
[8.7%] t=87.0 T0  aggregates=367    
[8.7%] t=87.1 T0  aggregates=370    
[8.7%] t=87.2 T0  aggregates=370    
[8.7%] t=87.3 T0  aggregates=370    
[8.7%] t=87.4 T0  aggregates=371    
[8.8%] t=87.5 T0  aggregates=375    
[8.8%] t=87.6 T0  aggregates=369    
[8.8%] t=87.7 T0  aggregates=372    
[8.8%] t=87.8 T0  aggregates=373    
[8.8%] t=87.9 T0  aggregates=377    
[8.8%] t=88.0 T0  aggregates=377    
[8.8%] t=88.1 T0  aggregates=378    
[8.8%] t=88.2 T0  aggregates=381    
[8.8%] t=88.3 T0  aggregates=382    
[8.8%] t=88.4 T0  aggregates=381    
[8.9%] t=88.5 T0  aggregates=384    
[8.9%] t=88.6 T0  aggregates=382    
[8.9%] t=88.7 T0  aggregates=380    
[8.9%] t=88.8 T0  aggregates=379    
[8.9%] t=88.9 T0  aggregates=379    
[8.9%] t=89.0 T0  aggregates=386    
[8.9%] t=89.1 T0  aggregates=387    
[8.9%] t=89.2 T0  aggregates=388    
[8.9%] t=89.3 T0  aggregates=388    
[8.9%] t=89.4 T0  aggregates=388    
[8.9%] t=89.5 T0  aggregates=384    
[9.0%] t=89.6 T0  aggregates=388    
[9.0%] t=89.7 T0  aggregates=390    
[9.0%] t=89.8 T0  aggregates=388    
[9.0%] t=89.9 T0  aggregates=386    
[9.0%] t=90.0 T0  aggregates=390    
[9.0%] t=90.1 T0  aggregates=398    
[9.0%] t=90.2 T0  aggregates=398    
[9.0%] t=90.3 T0  aggregates=395    
[9.0%] t=90.4 T0  aggregates=398    
[9.1%] t=90.5 T0  aggregates=399    
[9.1%] t=90.6 T0  aggregates=403    
[9.1%] t=90.7 T0  aggregates=406    
[9.1%] t=90.8 T0  aggregates=407    
[9.1%] t=90.9 T0  aggregates=408    
[9.1%] t=91.0 T0  aggregates=411    
[9.1%] t=91.1 T0  aggregates=411    
[9.1%] t=91.2 T0  aggregates=409    
[9.1%] t=91.3 T0  aggregates=419    
[9.1%] t=91.4 T0  aggregates=419    
[9.1%] t=91.5 T0  aggregates=417    
[9.2%] t=91.6 T0  aggregates=415    
[9.2%] t=91.7 T0  aggregates=418    
[9.2%] t=91.8 T0  aggregates=417    
[9.2%] t=91.9 T0  aggregates=421    
[9.2%] t=92.0 T0  aggregates=416    
[9.2%] t=92.1 T0  aggregates=421    
[9.2%] t=92.2 T0  aggregates=424    
[9.2%] t=92.3 T0  aggregates=420    
[9.2%] t=92.4 T0  aggregates=422    
[9.2%] t=92.5 T0  aggregates=422    
[9.3%] t=92.6 T0  aggregates=426    
[9.3%] t=92.7 T0  aggregates=423    
[9.3%] t=92.8 T0  aggregates=425    
[9.3%] t=92.9 T0  aggregates=426    
[9.3%] t=93.0 T0  aggregates=429    
[9.3%] t=93.1 T0  aggregates=432    
[9.3%] t=93.2 T0  aggregates=434    
[9.3%] t=93.3 T0  aggregates=434    
[9.3%] t=93.4 T0  aggregates=435    
[9.4%] t=93.5 T0  aggregates=435    
[9.4%] t=93.6 T0  aggregates=439    
[9.4%] t=93.7 T0  aggregates=439    
[9.4%] t=93.8 T0  aggregates=441    
[9.4%] t=93.9 T0  aggregates=445    
[9.4%] t=94.0 T0  aggregates=443    
[9.4%] t=94.1 T0  aggregates=443    
[9.4%] t=94.2 T0  aggregates=440    
[9.4%] t=94.3 T0  aggregates=434    
[9.4%] t=94.4 T0  aggregates=434    
[9.4%] t=94.5 T0  aggregates=437    
[9.5%] t=94.6 T0  aggregates=434    
[9.5%] t=94.7 T0  aggregates=434    
[9.5%] t=94.8 T0  aggregates=431    
[9.5%] t=94.9 T0  aggregates=436    
[9.5%] t=95.0 T0  aggregates=430    
[9.5%] t=95.1 T0  aggregates=434    
[9.5%] t=95.2 T0  aggregates=440    
[9.5%] t=95.3 T0  aggregates=441    
[9.5%] t=95.4 T0  aggregates=442    
[9.6%] t=95.5 T0  aggregates=441    
[9.6%] t=95.6 T0  aggregates=441    
[9.6%] t=95.7 T0  aggregates=447    
[9.6%] t=95.8 T0  aggregates=449    
[9.6%] t=95.9 T0  aggregates=445    
[9.6%] t=96.0 T0  aggregates=446    
[9.6%] t=96.1 T0  aggregates=443    
[9.6%] t=96.2 T0  aggregates=454    
[9.6%] t=96.3 T0  aggregates=450    
[9.6%] t=96.4 T0  aggregates=449    
[9.6%] t=96.5 T0  aggregates=458    
[9.7%] t=96.6 T0  aggregates=449    
[9.7%] t=96.7 T0  aggregates=453    
[9.7%] t=96.8 T0  aggregates=448    
[9.7%] t=96.9 T0  aggregates=454    
[9.7%] t=97.0 T0  aggregates=453    
[9.7%] t=97.1 T0  aggregates=456    
[9.7%] t=97.2 T0  aggregates=457    
[9.7%] t=97.3 T0  aggregates=459    
[9.7%] t=97.4 T0  aggregates=461    
[9.8%] t=97.5 T0  aggregates=458    
[9.8%] t=97.6 T0  aggregates=461    
[9.8%] t=97.7 T0  aggregates=463    
[9.8%] t=97.8 T0  aggregates=462    
[9.8%] t=97.9 T0  aggregates=463    
[9.8%] t=98.0 T0  aggregates=458    
[9.8%] t=98.1 T0  aggregates=461    
[9.8%] t=98.2 T0  aggregates=463    
[9.8%] t=98.3 T0  aggregates=462    
[9.8%] t=98.4 T0  aggregates=463    
[9.9%] t=98.5 T0  aggregates=467    
[9.9%] t=98.6 T0  aggregates=468    
[9.9%] t=98.7 T0  aggregates=474    
[9.9%] t=98.8 T0  aggregates=473    
[9.9%] t=98.9 T0  aggregates=469    
[9.9%] t=99.0 T0  aggregates=470    
[9.9%] t=99.1 T0  aggregates=469    
[9.9%] t=99.2 T0  aggregates=467    
[9.9%] t=99.3 T0  aggregates=469    
[9.9%] t=99.4 T0  aggregates=468    
[9.9%] t=99.5 T0  aggregates=472    
[10.0%] t=99.6 T0  aggregates=476    
[10.0%] t=99.7 T0  aggregates=475    
[10.0%] t=99.8 T0  aggregates=472    
[10.0%] t=99.9 T0  aggregates=474    
[10.0%] t=100.0 T0  aggregates=483    
[10.0%] t=100.1 T0  aggregates=474    
[10.0%] t=100.2 T0  aggregates=480    
[10.0%] t=100.3 T0  aggregates=483    
[10.0%] t=100.4 T0  aggregates=487    
[10.1%] t=100.5 T0  aggregates=487    
[10.1%] t=100.6 T0  aggregates=483    
[10.1%] t=100.7 T0  aggregates=483    
[10.1%] t=100.8 T0  aggregates=485    
[10.1%] t=100.9 T0  aggregates=481    
[10.1%] t=101.0 T0  aggregates=488    
[10.1%] t=101.1 T0  aggregates=491    
[10.1%] t=101.2 T0  aggregates=486    
[10.1%] t=101.3 T0  aggregates=484    
[10.1%] t=101.4 T0  aggregates=488    
[10.1%] t=101.5 T0  aggregates=488    
[10.2%] t=101.6 T0  aggregates=489    
[10.2%] t=101.7 T0  aggregates=489    
[10.2%] t=101.8 T0  aggregates=484    
[10.2%] t=101.9 T0  aggregates=493    
[10.2%] t=102.0 T0  aggregates=490    
[10.2%] t=102.1 T0  aggregates=491    
[10.2%] t=102.2 T0  aggregates=493    
[10.2%] t=102.3 T0  aggregates=492    
[10.2%] t=102.4 T0  aggregates=495    
[10.2%] t=102.5 T0  aggregates=497    
[10.3%] t=102.6 T0  aggregates=493    
[10.3%] t=102.7 T0  aggregates=494    
[10.3%] t=102.8 T0  aggregates=496    
[10.3%] t=102.9 T0  aggregates=496    
[10.3%] t=103.0 T0  aggregates=493    
[10.3%] t=103.1 T0  aggregates=490    
[10.3%] t=103.2 T0  aggregates=490    
[10.3%] t=103.3 T0  aggregates=491    
[10.3%] t=103.4 T0  aggregates=495    
[10.4%] t=103.5 T0  aggregates=501    
[10.4%] t=103.6 T0  aggregates=504    
[10.4%] t=103.7 T0  aggregates=508    
[10.4%] t=103.8 T0  aggregates=511    
[10.4%] t=103.9 T0  aggregates=506    
[10.4%] t=104.0 T0  aggregates=506    
[10.4%] t=104.1 T0  aggregates=504    
[10.4%] t=104.2 T0  aggregates=509    
[10.4%] t=104.3 T0  aggregates=506    
[10.4%] t=104.4 T0  aggregates=508    
[10.4%] t=104.5 T0  aggregates=508    
[10.5%] t=104.6 T0  aggregates=508    
[10.5%] t=104.7 T0  aggregates=508    
[10.5%] t=104.8 T0  aggregates=510    
[10.5%] t=104.9 T0  aggregates=509    
[10.5%] t=105.0 T0  aggregates=512    
[10.5%] t=105.1 T0  aggregates=508    
[10.5%] t=105.2 T0  aggregates=511    
[10.5%] t=105.3 T0  aggregates=512    
[10.5%] t=105.4 T0  aggregates=508    
[10.6%] t=105.5 T0  aggregates=508    
[10.6%] t=105.6 T0  aggregates=508    
[10.6%] t=105.7 T0  aggregates=508    
[10.6%] t=105.8 T0  aggregates=516    
[10.6%] t=105.9 T0  aggregates=516    
[10.6%] t=106.0 T0  aggregates=518    
[10.6%] t=106.1 T0  aggregates=522    
[10.6%] t=106.2 T0  aggregates=519    
[10.6%] t=106.3 T0  aggregates=520    
[10.6%] t=106.4 T0  aggregates=521    
[10.6%] t=106.5 T0  aggregates=521    
[10.7%] t=106.6 T0  aggregates=524    
[10.7%] t=106.7 T0  aggregates=528    
[10.7%] t=106.8 T0  aggregates=534    
[10.7%] t=106.9 T0  aggregates=530    
[10.7%] t=107.0 T0  aggregates=537    
[10.7%] t=107.1 T0  aggregates=536    
[10.7%] t=107.2 T0  aggregates=537    
[10.7%] t=107.3 T0  aggregates=532    
[10.7%] t=107.4 T0  aggregates=539    
[10.8%] t=107.5 T0  aggregates=539    
[10.8%] t=107.6 T0  aggregates=541    
[10.8%] t=107.7 T0  aggregates=545    
[10.8%] t=107.8 T0  aggregates=539    
[10.8%] t=107.9 T0  aggregates=539    
[10.8%] t=108.0 T0  aggregates=545    
[10.8%] t=108.1 T0  aggregates=546    
[10.8%] t=108.2 T0  aggregates=541    
[10.8%] t=108.3 T0  aggregates=540    
[10.8%] t=108.4 T0  aggregates=541    
[10.9%] t=108.5 T0  aggregates=542    
[10.9%] t=108.6 T0  aggregates=551    
[10.9%] t=108.7 T0  aggregates=549    
[10.9%] t=108.8 T0  aggregates=551    
[10.9%] t=108.9 T0  aggregates=555    
[10.9%] t=109.0 T0  aggregates=554    
[10.9%] t=109.1 T0  aggregates=553    
[10.9%] t=109.2 T0  aggregates=550    
[10.9%] t=109.3 T0  aggregates=554    
[10.9%] t=109.4 T0  aggregates=556    
[10.9%] t=109.5 T0  aggregates=556    
[11.0%] t=109.6 T0  aggregates=552    
[11.0%] t=109.7 T0  aggregates=556    
[11.0%] t=109.8 T0  aggregates=559    
[11.0%] t=109.9 T0  aggregates=559    
[11.0%] t=110.0 T0  aggregates=559    
[11.0%] t=110.1 T0  aggregates=557    
[11.0%] t=110.2 T0  aggregates=562    
[11.0%] t=110.3 T0  aggregates=564    
[11.0%] t=110.4 T0  aggregates=563    
[11.1%] t=110.5 T0  aggregates=564    
[11.1%] t=110.6 T0  aggregates=567    
[11.1%] t=110.7 T0  aggregates=566    
[11.1%] t=110.8 T0  aggregates=566    
[11.1%] t=110.9 T0  aggregates=568    
[11.1%] t=111.0 T0  aggregates=569    
[11.1%] t=111.1 T0  aggregates=572    
[11.1%] t=111.2 T0  aggregates=570    
[11.1%] t=111.3 T0  aggregates=572    
[11.1%] t=111.4 T0  aggregates=566    
[11.1%] t=111.5 T0  aggregates=570    
[11.2%] t=111.6 T0  aggregates=573    
[11.2%] t=111.7 T0  aggregates=572    
[11.2%] t=111.8 T0  aggregates=576    
[11.2%] t=111.9 T0  aggregates=574    
[11.2%] t=112.0 T0  aggregates=580    
[11.2%] t=112.1 T0  aggregates=574    
[11.2%] t=112.2 T0  aggregates=576    
[11.2%] t=112.3 T0  aggregates=575    
[11.2%] t=112.4 T0  aggregates=575    
[11.2%] t=112.5 T0  aggregates=575    
[11.3%] t=112.6 T0  aggregates=580    
[11.3%] t=112.7 T0  aggregates=578    
[11.3%] t=112.8 T0  aggregates=576    
[11.3%] t=112.9 T0  aggregates=579    
[11.3%] t=113.0 T0  aggregates=576    
[11.3%] t=113.1 T0  aggregates=578    
[11.3%] t=113.2 T0  aggregates=580    
[11.3%] t=113.3 T0  aggregates=577    
[11.3%] t=113.4 T0  aggregates=580    
[11.4%] t=113.5 T0  aggregates=584    
[11.4%] t=113.6 T0  aggregates=585    
[11.4%] t=113.7 T0  aggregates=586    
[11.4%] t=113.8 T0  aggregates=586    
[11.4%] t=113.9 T0  aggregates=589    
[11.4%] t=114.0 T0  aggregates=584    
[11.4%] t=114.1 T0  aggregates=586    
[11.4%] t=114.2 T0  aggregates=584    
[11.4%] t=114.3 T0  aggregates=585    
[11.4%] t=114.4 T0  aggregates=583    
[11.4%] t=114.5 T0  aggregates=579    
[11.5%] t=114.6 T0  aggregates=580    
[11.5%] t=114.7 T0  aggregates=577    
[11.5%] t=114.8 T0  aggregates=576    
[11.5%] t=114.9 T0  aggregates=567    
[11.5%] t=115.0 T0  aggregates=568    
[11.5%] t=115.1 T0  aggregates=567    
[11.5%] t=115.2 T0  aggregates=563    
[11.5%] t=115.3 T0  aggregates=563    
[11.5%] t=115.4 T0  aggregates=565    
[11.6%] t=115.5 T0  aggregates=563    
[11.6%] t=115.6 T0  aggregates=562    
[11.6%] t=115.7 T0  aggregates=563    
[11.6%] t=115.8 T0  aggregates=566    
[11.6%] t=115.9 T0  aggregates=565    
[11.6%] t=116.0 T0  aggregates=568    
[11.6%] t=116.1 T0  aggregates=565    
[11.6%] t=116.2 T0  aggregates=568    
[11.6%] t=116.3 T0  aggregates=565    
[11.6%] t=116.4 T0  aggregates=567    
[11.6%] t=116.5 T0  aggregates=573    
[11.7%] t=116.6 T0  aggregates=573    
[11.7%] t=116.7 T0  aggregates=573    
[11.7%] t=116.8 T0  aggregates=574    
[11.7%] t=116.9 T0  aggregates=571    
[11.7%] t=117.0 T0  aggregates=574    
[11.7%] t=117.1 T0  aggregates=574    
[11.7%] t=117.2 T0  aggregates=575    
[11.7%] t=117.3 T0  aggregates=572    
[11.7%] t=117.4 T0  aggregates=577    
[11.8%] t=117.5 T0  aggregates=578    
[11.8%] t=117.6 T0  aggregates=576    
[11.8%] t=117.7 T0  aggregates=577    
[11.8%] t=117.8 T0  aggregates=578    
[11.8%] t=117.9 T0  aggregates=583    
[11.8%] t=118.0 T0  aggregates=583    
[11.8%] t=118.1 T0  aggregates=584    
[11.8%] t=118.2 T0  aggregates=580    
[11.8%] t=118.3 T0  aggregates=581    
[11.8%] t=118.4 T0  aggregates=578    
[11.9%] t=118.5 T0  aggregates=577    
[11.9%] t=118.6 T0  aggregates=583    
[11.9%] t=118.7 T0  aggregates=580    
[11.9%] t=118.8 T0  aggregates=579    
[11.9%] t=118.9 T0  aggregates=584    
[11.9%] t=119.0 T0  aggregates=585    
[11.9%] t=119.1 T0  aggregates=585    
[11.9%] t=119.2 T0  aggregates=585    
[11.9%] t=119.3 T0  aggregates=584    
[11.9%] t=119.4 T0  aggregates=582    
[11.9%] t=119.5 T0  aggregates=584    
[12.0%] t=119.6 T0  aggregates=584    
[12.0%] t=119.7 T0  aggregates=586    
[12.0%] t=119.8 T0  aggregates=592    
[12.0%] t=119.9 T0  aggregates=590    
[12.0%] t=120.0 T0  aggregates=595    
[12.0%] t=120.1 T0  aggregates=597    
[12.0%] t=120.2 T0  aggregates=597    
[12.0%] t=120.3 T0  aggregates=607    
[12.0%] t=120.4 T0  aggregates=609    
[12.1%] t=120.5 T0  aggregates=616    
[12.1%] t=120.6 T0  aggregates=611    
[12.1%] t=120.7 T0  aggregates=608    
[12.1%] t=120.8 T0  aggregates=610    
[12.1%] t=120.9 T0  aggregates=616    
[12.1%] t=121.0 T0  aggregates=610    
[12.1%] t=121.1 T0  aggregates=613    
[12.1%] t=121.2 T0  aggregates=614    
[12.1%] t=121.3 T0  aggregates=615    
[12.1%] t=121.4 T0  aggregates=614    
[12.1%] t=121.5 T0  aggregates=616    
[12.2%] t=121.6 T0  aggregates=616    
[12.2%] t=121.7 T0  aggregates=615    
[12.2%] t=121.8 T0  aggregates=614    
[12.2%] t=121.9 T0  aggregates=617    
[12.2%] t=122.0 T0  aggregates=614    
[12.2%] t=122.1 T0  aggregates=618    
[12.2%] t=122.2 T0  aggregates=620    
[12.2%] t=122.3 T0  aggregates=623    
[12.2%] t=122.4 T0  aggregates=623    
[12.2%] t=122.5 T0  aggregates=624    
[12.3%] t=122.6 T0  aggregates=623    
[12.3%] t=122.7 T0  aggregates=625    
[12.3%] t=122.8 T0  aggregates=627    
[12.3%] t=122.9 T0  aggregates=624    
[12.3%] t=123.0 T0  aggregates=625    
[12.3%] t=123.1 T0  aggregates=630    
[12.3%] t=123.2 T0  aggregates=633    
[12.3%] t=123.3 T0  aggregates=627    
[12.3%] t=123.4 T0  aggregates=631    
[12.4%] t=123.5 T0  aggregates=630    
[12.4%] t=123.6 T0  aggregates=624    
[12.4%] t=123.7 T0  aggregates=628    
[12.4%] t=123.8 T0  aggregates=628    
[12.4%] t=123.9 T0  aggregates=629    
[12.4%] t=124.0 T0  aggregates=624    
[12.4%] t=124.1 T0  aggregates=630    
[12.4%] t=124.2 T0  aggregates=630    
[12.4%] t=124.3 T0  aggregates=634    
[12.4%] t=124.4 T0  aggregates=631    
[12.4%] t=124.5 T0  aggregates=638    
[12.5%] t=124.6 T0  aggregates=638    
[12.5%] t=124.7 T0  aggregates=639    
[12.5%] t=124.8 T0  aggregates=639    
[12.5%] t=124.9 T0  aggregates=633    
[12.5%] t=125.0 T0  aggregates=634    
[12.5%] t=125.1 T0  aggregates=630    
[12.5%] t=125.2 T0  aggregates=629    
[12.5%] t=125.3 T0  aggregates=633    
[12.5%] t=125.4 T0  aggregates=632    
[12.6%] t=125.5 T0  aggregates=632    
[12.6%] t=125.6 T0  aggregates=631    
[12.6%] t=125.7 T0  aggregates=636    
[12.6%] t=125.8 T0  aggregates=635    
[12.6%] t=125.9 T0  aggregates=634    
[12.6%] t=126.0 T0  aggregates=635    
[12.6%] t=126.1 T0  aggregates=636    
[12.6%] t=126.2 T0  aggregates=640    
[12.6%] t=126.3 T0  aggregates=647    
[12.6%] t=126.4 T0  aggregates=647    
[12.6%] t=126.5 T0  aggregates=645    
[12.7%] t=126.6 T0  aggregates=647    
[12.7%] t=126.7 T0  aggregates=645    
[12.7%] t=126.8 T0  aggregates=654    
[12.7%] t=126.9 T0  aggregates=654    
[12.7%] t=127.0 T0  aggregates=657    
[12.7%] t=127.1 T0  aggregates=660    
[12.7%] t=127.2 T0  aggregates=663    
[12.7%] t=127.3 T0  aggregates=663    
[12.7%] t=127.4 T0  aggregates=660    
[12.8%] t=127.5 T0  aggregates=658    
[12.8%] t=127.6 T0  aggregates=660    
[12.8%] t=127.7 T0  aggregates=656    
[12.8%] t=127.8 T0  aggregates=658    
[12.8%] t=127.9 T0  aggregates=660    
[12.8%] t=128.0 T0  aggregates=656    
[12.8%] t=128.1 T0  aggregates=661    
[12.8%] t=128.2 T0  aggregates=664    
[12.8%] t=128.3 T0  aggregates=663    
[12.8%] t=128.4 T0  aggregates=660    
[12.9%] t=128.5 T0  aggregates=663    
[12.9%] t=128.6 T0  aggregates=664    
[12.9%] t=128.7 T0  aggregates=665    
[12.9%] t=128.8 T0  aggregates=663    
[12.9%] t=128.9 T0  aggregates=667    
[12.9%] t=129.0 T0  aggregates=669    
[12.9%] t=129.1 T0  aggregates=671    
[12.9%] t=129.2 T0  aggregates=676    
[12.9%] t=129.3 T0  aggregates=677    
[12.9%] t=129.4 T0  aggregates=681    
[12.9%] t=129.5 T0  aggregates=683    
[13.0%] t=129.6 T0  aggregates=683    
[13.0%] t=129.7 T0  aggregates=682    
[13.0%] t=129.8 T0  aggregates=679    
[13.0%] t=129.9 T0  aggregates=676    
[13.0%] t=130.0 T0  aggregates=678    
[13.0%] t=130.1 T0  aggregates=679    
[13.0%] t=130.2 T0  aggregates=676    
[13.0%] t=130.3 T0  aggregates=673    
[13.0%] t=130.4 T0  aggregates=674    
[13.1%] t=130.5 T0  aggregates=670    
[13.1%] t=130.6 T0  aggregates=669    
[13.1%] t=130.7 T0  aggregates=671    
[13.1%] t=130.8 T0  aggregates=676    
[13.1%] t=130.9 T0  aggregates=669    
[13.1%] t=131.0 T0  aggregates=665    
[13.1%] t=131.1 T0  aggregates=660    
[13.1%] t=131.2 T0  aggregates=652    
[13.1%] t=131.3 T0  aggregates=650    
[13.1%] t=131.4 T0  aggregates=642    
[13.1%] t=131.5 T0  aggregates=630    
[13.2%] t=131.6 T0  aggregates=626    
[13.2%] t=131.7 T0  aggregates=626    
[13.2%] t=131.8 T0  aggregates=609    
[13.2%] t=131.9 T0  aggregates=603    
[13.2%] t=132.0 T0  aggregates=599    
[13.2%] t=132.1 T0  aggregates=600    
[13.2%] t=132.2 T0  aggregates=598    
[13.2%] t=132.3 T0  aggregates=605    
[13.2%] t=132.4 T0  aggregates=604    
[13.2%] t=132.5 T0  aggregates=606    
[13.3%] t=132.6 T0  aggregates=603    
[13.3%] t=132.7 T0  aggregates=608    
[13.3%] t=132.8 T0  aggregates=606    
[13.3%] t=132.9 T0  aggregates=606    
[13.3%] t=133.0 T0  aggregates=608    
[13.3%] t=133.1 T0  aggregates=611    
[13.3%] t=133.2 T0  aggregates=613    
[13.3%] t=133.3 T0  aggregates=615    
[13.3%] t=133.4 T0  aggregates=611    
[13.4%] t=133.5 T0  aggregates=609    
[13.4%] t=133.6 T0  aggregates=614    
[13.4%] t=133.7 T0  aggregates=619    
[13.4%] t=133.8 T0  aggregates=618    
[13.4%] t=133.9 T0  aggregates=616    
[13.4%] t=134.0 T0  aggregates=617    
[13.4%] t=134.1 T0  aggregates=611    
[13.4%] t=134.2 T0  aggregates=612    
[13.4%] t=134.3 T0  aggregates=616    
[13.4%] t=134.4 T0  aggregates=623    
[13.4%] t=134.5 T0  aggregates=618    
[13.5%] t=134.6 T0  aggregates=621    
[13.5%] t=134.7 T0  aggregates=619    
[13.5%] t=134.8 T0  aggregates=620    
[13.5%] t=134.9 T0  aggregates=626    
[13.5%] t=135.0 T0  aggregates=625    
[13.5%] t=135.1 T0  aggregates=627    
[13.5%] t=135.2 T0  aggregates=629    
[13.5%] t=135.3 T0  aggregates=629    
[13.5%] t=135.4 T0  aggregates=630    
[13.6%] t=135.5 T0  aggregates=632    
[13.6%] t=135.6 T0  aggregates=638    
[13.6%] t=135.7 T0  aggregates=631    
[13.6%] t=135.8 T0  aggregates=635    
[13.6%] t=135.9 T0  aggregates=632    
[13.6%] t=136.0 T0  aggregates=641    
[13.6%] t=136.1 T0  aggregates=644    
[13.6%] t=136.2 T0  aggregates=651    
[13.6%] t=136.3 T0  aggregates=654    
[13.6%] t=136.4 T0  aggregates=651    
[13.6%] t=136.5 T0  aggregates=649    
[13.7%] t=136.6 T0  aggregates=648    
[13.7%] t=136.7 T0  aggregates=644    
[13.7%] t=136.8 T0  aggregates=648    
[13.7%] t=136.9 T0  aggregates=651    
[13.7%] t=137.0 T0  aggregates=653    
[13.7%] t=137.1 T0  aggregates=652    
[13.7%] t=137.2 T0  aggregates=655    
[13.7%] t=137.3 T0  aggregates=647    
[13.7%] t=137.4 T0  aggregates=651    
[13.8%] t=137.5 T0  aggregates=651    
[13.8%] t=137.6 T0  aggregates=653    
[13.8%] t=137.7 T0  aggregates=650    
[13.8%] t=137.8 T0  aggregates=649    
[13.8%] t=137.9 T0  aggregates=650    
[13.8%] t=138.0 T0  aggregates=649    
[13.8%] t=138.1 T0  aggregates=657    
[13.8%] t=138.2 T0  aggregates=653    
[13.8%] t=138.3 T0  aggregates=658    
[13.8%] t=138.4 T0  aggregates=668    
[13.9%] t=138.5 T0  aggregates=664    
[13.9%] t=138.6 T0  aggregates=664    
[13.9%] t=138.7 T0  aggregates=665    
[13.9%] t=138.8 T0  aggregates=672    
[13.9%] t=138.9 T0  aggregates=665    
[13.9%] t=139.0 T0  aggregates=671    
[13.9%] t=139.1 T0  aggregates=668    
[13.9%] t=139.2 T0  aggregates=666    
[13.9%] t=139.3 T0  aggregates=667    
[13.9%] t=139.4 T0  aggregates=671    
[13.9%] t=139.5 T0  aggregates=666    
[14.0%] t=139.6 T0  aggregates=672    
[14.0%] t=139.7 T0  aggregates=675    
[14.0%] t=139.8 T0  aggregates=679    
[14.0%] t=139.9 T0  aggregates=679    
[14.0%] t=140.0 T0  aggregates=678    
[14.0%] t=140.1 T0  aggregates=681    
[14.0%] t=140.2 T0  aggregates=678    
[14.0%] t=140.3 T0  aggregates=683    
[14.0%] t=140.4 T0  aggregates=680    
[14.1%] t=140.5 T0  aggregates=682    
[14.1%] t=140.6 T0  aggregates=683    
[14.1%] t=140.7 T0  aggregates=686    
[14.1%] t=140.8 T0  aggregates=688    
[14.1%] t=140.9 T0  aggregates=695    
[14.1%] t=141.0 T0  aggregates=694    
[14.1%] t=141.1 T0  aggregates=694    
[14.1%] t=141.2 T0  aggregates=698    
[14.1%] t=141.3 T0  aggregates=697    
[14.1%] t=141.4 T0  aggregates=703    
[14.1%] t=141.5 T0  aggregates=696    
[14.2%] t=141.6 T0  aggregates=703    
[14.2%] t=141.7 T0  aggregates=700    
[14.2%] t=141.8 T0  aggregates=699    
[14.2%] t=141.9 T0  aggregates=706    
[14.2%] t=142.0 T0  aggregates=705    
[14.2%] t=142.1 T0  aggregates=699    
[14.2%] t=142.2 T0  aggregates=706    
[14.2%] t=142.3 T0  aggregates=705    
[14.2%] t=142.4 T0  aggregates=706    
[14.2%] t=142.5 T0  aggregates=710    
[14.3%] t=142.6 T0  aggregates=710    
[14.3%] t=142.7 T0  aggregates=704    
[14.3%] t=142.8 T0  aggregates=702    
[14.3%] t=142.9 T0  aggregates=711    
[14.3%] t=143.0 T0  aggregates=704    
[14.3%] t=143.1 T0  aggregates=706    
[14.3%] t=143.2 T0  aggregates=716    
[14.3%] t=143.3 T0  aggregates=716    
[14.3%] t=143.4 T0  aggregates=719    
[14.4%] t=143.5 T0  aggregates=721    
[14.4%] t=143.6 T0  aggregates=716    
[14.4%] t=143.7 T0  aggregates=713    
[14.4%] t=143.8 T0  aggregates=722    
[14.4%] t=143.9 T0  aggregates=721    
[14.4%] t=144.0 T0  aggregates=725    
[14.4%] t=144.1 T0  aggregates=724    
[14.4%] t=144.2 T0  aggregates=722    
[14.4%] t=144.3 T0  aggregates=720    
[14.4%] t=144.4 T0  aggregates=722    
[14.4%] t=144.5 T0  aggregates=725    
[14.5%] t=144.6 T0  aggregates=724    
[14.5%] t=144.7 T0  aggregates=728    
[14.5%] t=144.8 T0  aggregates=730    
[14.5%] t=144.9 T0  aggregates=727    
[14.5%] t=145.0 T0  aggregates=730    
[14.5%] t=145.1 T0  aggregates=733    
[14.5%] t=145.2 T0  aggregates=733    
[14.5%] t=145.3 T0  aggregates=731    
[14.5%] t=145.4 T0  aggregates=734    
[14.6%] t=145.5 T0  aggregates=731    
[14.6%] t=145.6 T0  aggregates=729    
[14.6%] t=145.7 T0  aggregates=730    
[14.6%] t=145.8 T0  aggregates=734    
[14.6%] t=145.9 T0  aggregates=734    
[14.6%] t=146.0 T0  aggregates=735    
[14.6%] t=146.1 T0  aggregates=737    
[14.6%] t=146.2 T0  aggregates=729    
[14.6%] t=146.3 T0  aggregates=733    
[14.6%] t=146.4 T0  aggregates=735    
[14.6%] t=146.5 T0  aggregates=733    
[14.7%] t=146.6 T0  aggregates=739    
[14.7%] t=146.7 T0  aggregates=734    
[14.7%] t=146.8 T0  aggregates=738    
[14.7%] t=146.9 T0  aggregates=739    
[14.7%] t=147.0 T0  aggregates=746    
[14.7%] t=147.1 T0  aggregates=744    
[14.7%] t=147.2 T0  aggregates=742    
[14.7%] t=147.3 T0  aggregates=736    
[14.7%] t=147.4 T0  aggregates=741    
[14.8%] t=147.5 T0  aggregates=744    
[14.8%] t=147.6 T0  aggregates=749    
[14.8%] t=147.7 T0  aggregates=749    
[14.8%] t=147.8 T0  aggregates=748    
[14.8%] t=147.9 T0  aggregates=749    
[14.8%] t=148.0 T0  aggregates=746    
[14.8%] t=148.1 T0  aggregates=750    
[14.8%] t=148.2 T0  aggregates=753    
[14.8%] t=148.3 T0  aggregates=754    
[14.8%] t=148.4 T0  aggregates=756    
[14.9%] t=148.5 T0  aggregates=755    
[14.9%] t=148.6 T0  aggregates=754    
[14.9%] t=148.7 T0  aggregates=751    
[14.9%] t=148.8 T0  aggregates=748    
[14.9%] t=148.9 T0  aggregates=749    
[14.9%] t=149.0 T0  aggregates=748    
[14.9%] t=149.1 T0  aggregates=744    
[14.9%] t=149.2 T0  aggregates=748    
[14.9%] t=149.3 T0  aggregates=747    
[14.9%] t=149.4 T0  aggregates=744    
[14.9%] t=149.5 T0  aggregates=747    
[15.0%] t=149.6 T0  aggregates=745    
[15.0%] t=149.7 T0  aggregates=747    
[15.0%] t=149.8 T0  aggregates=741    
[15.0%] t=149.9 T0  aggregates=739    
[15.0%] t=150.0 T0  aggregates=738    
[15.0%] t=150.1 T0  aggregates=739    
[15.0%] t=150.2 T0  aggregates=734    
[15.0%] t=150.3 T0  aggregates=732    
[15.0%] t=150.4 T0  aggregates=734    
[15.1%] t=150.5 T0  aggregates=734    
[15.1%] t=150.6 T0  aggregates=738    
[15.1%] t=150.7 T0  aggregates=736    
[15.1%] t=150.8 T0  aggregates=735    
[15.1%] t=150.9 T0  aggregates=738    
[15.1%] t=151.0 T0  aggregates=734    
[15.1%] t=151.1 T0  aggregates=737    
[15.1%] t=151.2 T0  aggregates=735    
[15.1%] t=151.3 T0  aggregates=734    
[15.1%] t=151.4 T0  aggregates=737    
[15.1%] t=151.5 T0  aggregates=733    
[15.2%] t=151.6 T0  aggregates=736    
[15.2%] t=151.7 T0  aggregates=734    
[15.2%] t=151.8 T0  aggregates=736    
[15.2%] t=151.9 T0  aggregates=740    
[15.2%] t=152.0 T0  aggregates=739    
[15.2%] t=152.1 T0  aggregates=743    
[15.2%] t=152.2 T0  aggregates=739    
[15.2%] t=152.3 T0  aggregates=742    
[15.2%] t=152.4 T0  aggregates=745    
[15.2%] t=152.5 T0  aggregates=745    
[15.3%] t=152.6 T0  aggregates=748    
[15.3%] t=152.7 T0  aggregates=752    
[15.3%] t=152.8 T0  aggregates=746    
[15.3%] t=152.9 T0  aggregates=749    
[15.3%] t=153.0 T0  aggregates=749    
[15.3%] t=153.1 T0  aggregates=747    
[15.3%] t=153.2 T0  aggregates=745    
[15.3%] t=153.3 T0  aggregates=750    
[15.3%] t=153.4 T0  aggregates=751    
[15.4%] t=153.5 T0  aggregates=752    
[15.4%] t=153.6 T0  aggregates=758    
[15.4%] t=153.7 T0  aggregates=757    
[15.4%] t=153.8 T0  aggregates=754    
[15.4%] t=153.9 T0  aggregates=746    
[15.4%] t=154.0 T0  aggregates=752    
[15.4%] t=154.1 T0  aggregates=751    
[15.4%] t=154.2 T0  aggregates=752    
[15.4%] t=154.3 T0  aggregates=755    
[15.4%] t=154.4 T0  aggregates=757    
[15.4%] t=154.5 T0  aggregates=757    
[15.5%] t=154.6 T0  aggregates=756    
[15.5%] t=154.7 T0  aggregates=757    
[15.5%] t=154.8 T0  aggregates=759    
[15.5%] t=154.9 T0  aggregates=758    
[15.5%] t=155.0 T0  aggregates=758    
[15.5%] t=155.1 T0  aggregates=753    
[15.5%] t=155.2 T0  aggregates=759    
[15.5%] t=155.3 T0  aggregates=748    
[15.5%] t=155.4 T0  aggregates=742    
[15.6%] t=155.5 T0  aggregates=745    
[15.6%] t=155.6 T0  aggregates=740    
[15.6%] t=155.7 T0  aggregates=736    
[15.6%] t=155.8 T0  aggregates=734    
[15.6%] t=155.9 T0  aggregates=734    
[15.6%] t=156.0 T0  aggregates=733    
[15.6%] t=156.1 T0  aggregates=735    
[15.6%] t=156.2 T0  aggregates=734    
[15.6%] t=156.3 T0  aggregates=729    
[15.6%] t=156.4 T0  aggregates=732    
[15.6%] t=156.5 T0  aggregates=733    
[15.7%] t=156.6 T0  aggregates=732    
[15.7%] t=156.7 T0  aggregates=730    
[15.7%] t=156.8 T0  aggregates=733    
[15.7%] t=156.9 T0  aggregates=734    
[15.7%] t=157.0 T0  aggregates=725    
[15.7%] t=157.1 T0  aggregates=729    
[15.7%] t=157.2 T0  aggregates=737    
[15.7%] t=157.3 T0  aggregates=735    
[15.7%] t=157.4 T0  aggregates=741    
[15.8%] t=157.5 T0  aggregates=744    
[15.8%] t=157.6 T0  aggregates=742    
[15.8%] t=157.7 T0  aggregates=745    
[15.8%] t=157.8 T0  aggregates=745    
[15.8%] t=157.9 T0  aggregates=743    
[15.8%] t=158.0 T0  aggregates=744    
[15.8%] t=158.1 T0  aggregates=746    
[15.8%] t=158.2 T0  aggregates=748    
[15.8%] t=158.3 T0  aggregates=747    
[15.8%] t=158.4 T0  aggregates=747    
[15.9%] t=158.5 T0  aggregates=747    
[15.9%] t=158.6 T0  aggregates=750    
[15.9%] t=158.7 T0  aggregates=752    
[15.9%] t=158.8 T0  aggregates=749    
[15.9%] t=158.9 T0  aggregates=750    
[15.9%] t=159.0 T0  aggregates=750    
[15.9%] t=159.1 T0  aggregates=750    
[15.9%] t=159.2 T0  aggregates=751    
[15.9%] t=159.3 T0  aggregates=756    
[15.9%] t=159.4 T0  aggregates=756    
[15.9%] t=159.5 T0  aggregates=760    
[16.0%] t=159.6 T0  aggregates=758    
[16.0%] t=159.7 T0  aggregates=762    
[16.0%] t=159.8 T0  aggregates=765    
[16.0%] t=159.9 T0  aggregates=768    
[16.0%] t=160.0 T0  aggregates=767    
[16.0%] t=160.1 T0  aggregates=772    
[16.0%] t=160.2 T0  aggregates=772    
[16.0%] t=160.3 T0  aggregates=776    
[16.0%] t=160.4 T0  aggregates=772    
[16.0%] t=160.5 T0  aggregates=776    
[16.1%] t=160.6 T0  aggregates=774    
[16.1%] t=160.7 T0  aggregates=774    
[16.1%] t=160.8 T0  aggregates=777    
[16.1%] t=160.9 T0  aggregates=775    
[16.1%] t=161.0 T0  aggregates=777    
[16.1%] t=161.1 T0  aggregates=777    
[16.1%] t=161.2 T0  aggregates=778    
[16.1%] t=161.3 T0  aggregates=781    
[16.1%] t=161.4 T0  aggregates=782    
[16.1%] t=161.5 T0  aggregates=777    
[16.2%] t=161.6 T0  aggregates=780    
[16.2%] t=161.7 T0  aggregates=779    
[16.2%] t=161.8 T0  aggregates=783    
[16.2%] t=161.9 T0  aggregates=786    
[16.2%] t=162.0 T0  aggregates=785    
[16.2%] t=162.1 T0  aggregates=782    
[16.2%] t=162.2 T0  aggregates=787    
[16.2%] t=162.3 T0  aggregates=790    
[16.2%] t=162.4 T0  aggregates=791    
[16.2%] t=162.5 T0  aggregates=792    
[16.3%] t=162.6 T0  aggregates=790    
[16.3%] t=162.7 T0  aggregates=795    
[16.3%] t=162.8 T0  aggregates=797    
[16.3%] t=162.9 T0  aggregates=801    
[16.3%] t=163.0 T0  aggregates=799    
[16.3%] t=163.1 T0  aggregates=795    
[16.3%] t=163.2 T0  aggregates=795    
[16.3%] t=163.3 T0  aggregates=791    
[16.3%] t=163.4 T0  aggregates=796    
[16.4%] t=163.5 T0  aggregates=793    
[16.4%] t=163.6 T0  aggregates=795    
[16.4%] t=163.7 T0  aggregates=797    
[16.4%] t=163.8 T0  aggregates=795    
[16.4%] t=163.9 T0  aggregates=793    
[16.4%] t=164.0 T0  aggregates=800    
[16.4%] t=164.1 T0  aggregates=798    
[16.4%] t=164.2 T0  aggregates=799    
[16.4%] t=164.3 T0  aggregates=797    
[16.4%] t=164.4 T0  aggregates=800    
[16.5%] t=164.5 T0  aggregates=804    
[16.5%] t=164.6 T0  aggregates=807    
[16.5%] t=164.7 T0  aggregates=808    
[16.5%] t=164.8 T0  aggregates=806    
[16.5%] t=164.9 T0  aggregates=801    
[16.5%] t=165.0 T0  aggregates=808    
[16.5%] t=165.1 T0  aggregates=806    
[16.5%] t=165.2 T0  aggregates=803    
[16.5%] t=165.3 T0  aggregates=810    
[16.5%] t=165.4 T0  aggregates=803    
[16.5%] t=165.5 T0  aggregates=810    
[16.6%] t=165.6 T0  aggregates=805    
[16.6%] t=165.7 T0  aggregates=804    
[16.6%] t=165.8 T0  aggregates=805    
[16.6%] t=165.9 T0  aggregates=798    
[16.6%] t=166.0 T0  aggregates=797    
[16.6%] t=166.1 T0  aggregates=803    
[16.6%] t=166.2 T0  aggregates=802    
[16.6%] t=166.3 T0  aggregates=793    
[16.6%] t=166.4 T0  aggregates=792    
[16.6%] t=166.5 T0  aggregates=796    
[16.7%] t=166.6 T0  aggregates=794    
[16.7%] t=166.7 T0  aggregates=794    
[16.7%] t=166.8 T0  aggregates=787    
[16.7%] t=166.9 T0  aggregates=789    
[16.7%] t=167.0 T0  aggregates=788    
[16.7%] t=167.1 T0  aggregates=789    
[16.7%] t=167.2 T0  aggregates=786    
[16.7%] t=167.3 T0  aggregates=784    
[16.7%] t=167.4 T0  aggregates=783    
[16.8%] t=167.5 T0  aggregates=780    
[16.8%] t=167.6 T0  aggregates=783    
[16.8%] t=167.7 T0  aggregates=783    
[16.8%] t=167.8 T0  aggregates=782    
[16.8%] t=167.9 T0  aggregates=787    
[16.8%] t=168.0 T0  aggregates=793    
[16.8%] t=168.1 T0  aggregates=791    
[16.8%] t=168.2 T0  aggregates=795    
[16.8%] t=168.3 T0  aggregates=792    
[16.8%] t=168.4 T0  aggregates=795    
[16.9%] t=168.5 T0  aggregates=794    
[16.9%] t=168.6 T0  aggregates=797    
[16.9%] t=168.7 T0  aggregates=793    
[16.9%] t=168.8 T0  aggregates=800    
[16.9%] t=168.9 T0  aggregates=797    
[16.9%] t=169.0 T0  aggregates=793    
[16.9%] t=169.1 T0  aggregates=794    
[16.9%] t=169.2 T0  aggregates=801    
[16.9%] t=169.3 T0  aggregates=793    
[16.9%] t=169.4 T0  aggregates=799    
[17.0%] t=169.5 T0  aggregates=803    
[17.0%] t=169.6 T0  aggregates=799    
[17.0%] t=169.7 T0  aggregates=801    
[17.0%] t=169.8 T0  aggregates=801    
[17.0%] t=169.9 T0  aggregates=805    
[17.0%] t=170.0 T0  aggregates=799    
[17.0%] t=170.1 T0  aggregates=795    
[17.0%] t=170.2 T0  aggregates=792    
[17.0%] t=170.3 T0  aggregates=788    
[17.0%] t=170.4 T0  aggregates=792    
[17.0%] t=170.5 T0  aggregates=788    
[17.1%] t=170.6 T0  aggregates=795    
[17.1%] t=170.7 T0  aggregates=795    
[17.1%] t=170.8 T0  aggregates=801    
[17.1%] t=170.9 T0  aggregates=799    
[17.1%] t=171.0 T0  aggregates=802    
[17.1%] t=171.1 T0  aggregates=803    
[17.1%] t=171.2 T0  aggregates=798    
[17.1%] t=171.3 T0  aggregates=799    
[17.1%] t=171.4 T0  aggregates=795    
[17.1%] t=171.5 T0  aggregates=799    
[17.2%] t=171.6 T0  aggregates=797    
[17.2%] t=171.7 T0  aggregates=798    
[17.2%] t=171.8 T0  aggregates=803    
[17.2%] t=171.9 T0  aggregates=799    
[17.2%] t=172.0 T0  aggregates=804    
[17.2%] t=172.1 T0  aggregates=804    
[17.2%] t=172.2 T0  aggregates=805    
[17.2%] t=172.3 T0  aggregates=806    
[17.2%] t=172.4 T0  aggregates=797    
[17.2%] t=172.5 T0  aggregates=797    
[17.3%] t=172.6 T0  aggregates=798    
[17.3%] t=172.7 T0  aggregates=799    
[17.3%] t=172.8 T0  aggregates=801    
[17.3%] t=172.9 T0  aggregates=799    
[17.3%] t=173.0 T0  aggregates=803    
[17.3%] t=173.1 T0  aggregates=800    
[17.3%] t=173.2 T0  aggregates=796    
[17.3%] t=173.3 T0  aggregates=798    
[17.3%] t=173.4 T0  aggregates=796    
[17.4%] t=173.5 T0  aggregates=796    
[17.4%] t=173.6 T0  aggregates=801    
[17.4%] t=173.7 T0  aggregates=792    
[17.4%] t=173.8 T0  aggregates=799    
[17.4%] t=173.9 T0  aggregates=798    
[17.4%] t=174.0 T0  aggregates=796    
[17.4%] t=174.1 T0  aggregates=793    
[17.4%] t=174.2 T0  aggregates=796    
[17.4%] t=174.3 T0  aggregates=798    
[17.4%] t=174.4 T0  aggregates=794    
[17.5%] t=174.5 T0  aggregates=798    
[17.5%] t=174.6 T0  aggregates=798    
[17.5%] t=174.7 T0  aggregates=797    
[17.5%] t=174.8 T0  aggregates=803    
[17.5%] t=174.9 T0  aggregates=804    
[17.5%] t=175.0 T0  aggregates=805    
[17.5%] t=175.1 T0  aggregates=807    
[17.5%] t=175.2 T0  aggregates=808    
[17.5%] t=175.3 T0  aggregates=811    
[17.5%] t=175.4 T0  aggregates=811    
[17.5%] t=175.5 T0  aggregates=812    
[17.6%] t=175.6 T0  aggregates=816    
[17.6%] t=175.7 T0  aggregates=812    
[17.6%] t=175.8 T0  aggregates=816    
[17.6%] t=175.9 T0  aggregates=815    
[17.6%] t=176.0 T0  aggregates=816    
[17.6%] t=176.1 T0  aggregates=815    
[17.6%] t=176.2 T0  aggregates=814    
[17.6%] t=176.3 T0  aggregates=814    
[17.6%] t=176.4 T0  aggregates=816    
[17.6%] t=176.5 T0  aggregates=815    
[17.7%] t=176.6 T0  aggregates=812    
[17.7%] t=176.7 T0  aggregates=817    
[17.7%] t=176.8 T0  aggregates=817    
[17.7%] t=176.9 T0  aggregates=818    
[17.7%] t=177.0 T0  aggregates=818    
[17.7%] t=177.1 T0  aggregates=819    
[17.7%] t=177.2 T0  aggregates=816    
[17.7%] t=177.3 T0  aggregates=817    
[17.7%] t=177.4 T0  aggregates=824    
[17.8%] t=177.5 T0  aggregates=824    
[17.8%] t=177.6 T0  aggregates=820    
[17.8%] t=177.7 T0  aggregates=822    
[17.8%] t=177.8 T0  aggregates=817    
[17.8%] t=177.9 T0  aggregates=821    
[17.8%] t=178.0 T0  aggregates=824    
[17.8%] t=178.1 T0  aggregates=826    
[17.8%] t=178.2 T0  aggregates=821    
[17.8%] t=178.3 T0  aggregates=822    
[17.8%] t=178.4 T0  aggregates=823    
[17.9%] t=178.5 T0  aggregates=826    
[17.9%] t=178.6 T0  aggregates=818    
[17.9%] t=178.7 T0  aggregates=818    
[17.9%] t=178.8 T0  aggregates=817    
[17.9%] t=178.9 T0  aggregates=818    
[17.9%] t=179.0 T0  aggregates=817    
[17.9%] t=179.1 T0  aggregates=811    
[17.9%] t=179.2 T0  aggregates=812    
[17.9%] t=179.3 T0  aggregates=806    
[17.9%] t=179.4 T0  aggregates=805    
[18.0%] t=179.5 T0  aggregates=811    
[18.0%] t=179.6 T0  aggregates=797    
[18.0%] t=179.7 T0  aggregates=791    
[18.0%] t=179.8 T0  aggregates=782    
[18.0%] t=179.9 T0  aggregates=777    
[18.0%] t=180.0 T0  aggregates=783    
[18.0%] t=180.1 T0  aggregates=777    
[18.0%] t=180.2 T0  aggregates=773    
[18.0%] t=180.3 T0  aggregates=771    
[18.0%] t=180.4 T0  aggregates=774    
[18.0%] t=180.5 T0  aggregates=775    
[18.1%] t=180.6 T0  aggregates=777    
[18.1%] t=180.7 T0  aggregates=784    
[18.1%] t=180.8 T0  aggregates=781    
[18.1%] t=180.9 T0  aggregates=784    
[18.1%] t=181.0 T0  aggregates=782    
[18.1%] t=181.1 T0  aggregates=780    
[18.1%] t=181.2 T0  aggregates=780    
[18.1%] t=181.3 T0  aggregates=782    
[18.1%] t=181.4 T0  aggregates=782    
[18.1%] t=181.5 T0  aggregates=784    
[18.2%] t=181.6 T0  aggregates=779    
[18.2%] t=181.7 T0  aggregates=783    
[18.2%] t=181.8 T0  aggregates=783    
[18.2%] t=181.9 T0  aggregates=775    
[18.2%] t=182.0 T0  aggregates=780    
[18.2%] t=182.1 T0  aggregates=781    
[18.2%] t=182.2 T0  aggregates=779    
[18.2%] t=182.3 T0  aggregates=781    
[18.2%] t=182.4 T0  aggregates=779    
[18.2%] t=182.5 T0  aggregates=777    
[18.3%] t=182.6 T0  aggregates=780    
[18.3%] t=182.7 T0  aggregates=779    
[18.3%] t=182.8 T0  aggregates=777    
[18.3%] t=182.9 T0  aggregates=780    
[18.3%] t=183.0 T0  aggregates=784    
[18.3%] t=183.1 T0  aggregates=783    
[18.3%] t=183.2 T0  aggregates=775    
[18.3%] t=183.3 T0  aggregates=784    
[18.3%] t=183.4 T0  aggregates=779    
[18.4%] t=183.5 T0  aggregates=779    
[18.4%] t=183.6 T0  aggregates=781    
[18.4%] t=183.7 T0  aggregates=767    
[18.4%] t=183.8 T0  aggregates=772    
[18.4%] t=183.9 T0  aggregates=768    
[18.4%] t=184.0 T0  aggregates=761    
[18.4%] t=184.1 T0  aggregates=762    
[18.4%] t=184.2 T0  aggregates=750    
[18.4%] t=184.3 T0  aggregates=742    
[18.4%] t=184.4 T0  aggregates=741    
[18.5%] t=184.5 T0  aggregates=733    
[18.5%] t=184.6 T0  aggregates=738    
[18.5%] t=184.7 T0  aggregates=727    
[18.5%] t=184.8 T0  aggregates=725    
[18.5%] t=184.9 T0  aggregates=727    
[18.5%] t=185.0 T0  aggregates=720    
[18.5%] t=185.1 T0  aggregates=729    
[18.5%] t=185.2 T0  aggregates=724    
[18.5%] t=185.3 T0  aggregates=730    
[18.5%] t=185.4 T0  aggregates=732    
[18.5%] t=185.5 T0  aggregates=734    
[18.6%] t=185.6 T0  aggregates=734    
[18.6%] t=185.7 T0  aggregates=741    
[18.6%] t=185.8 T0  aggregates=739    
[18.6%] t=185.9 T0  aggregates=741    
[18.6%] t=186.0 T0  aggregates=743    
[18.6%] t=186.1 T0  aggregates=742    
[18.6%] t=186.2 T0  aggregates=747    
[18.6%] t=186.3 T0  aggregates=743    
[18.6%] t=186.4 T0  aggregates=745    
[18.6%] t=186.5 T0  aggregates=745    
[18.7%] t=186.6 T0  aggregates=745    
[18.7%] t=186.7 T0  aggregates=746    
[18.7%] t=186.8 T0  aggregates=744    
[18.7%] t=186.9 T0  aggregates=747    
[18.7%] t=187.0 T0  aggregates=745    
[18.7%] t=187.1 T0  aggregates=751    
[18.7%] t=187.2 T0  aggregates=750    
[18.7%] t=187.3 T0  aggregates=747    
[18.7%] t=187.4 T0  aggregates=758    
[18.8%] t=187.5 T0  aggregates=759    
[18.8%] t=187.6 T0  aggregates=765    
[18.8%] t=187.7 T0  aggregates=766    
[18.8%] t=187.8 T0  aggregates=767    
[18.8%] t=187.9 T0  aggregates=771    
[18.8%] t=188.0 T0  aggregates=764    
[18.8%] t=188.1 T0  aggregates=769    
[18.8%] t=188.2 T0  aggregates=767    
[18.8%] t=188.3 T0  aggregates=765    
[18.8%] t=188.4 T0  aggregates=773    
[18.9%] t=188.5 T0  aggregates=770    
[18.9%] t=188.6 T0  aggregates=771    
[18.9%] t=188.7 T0  aggregates=765    
[18.9%] t=188.8 T0  aggregates=782    
[18.9%] t=188.9 T0  aggregates=775    
[18.9%] t=189.0 T0  aggregates=778    
[18.9%] t=189.1 T0  aggregates=783    
[18.9%] t=189.2 T0  aggregates=777    
[18.9%] t=189.3 T0  aggregates=782    
[18.9%] t=189.4 T0  aggregates=785    
[19.0%] t=189.5 T0  aggregates=793    
[19.0%] t=189.6 T0  aggregates=796    
[19.0%] t=189.7 T0  aggregates=800    
[19.0%] t=189.8 T0  aggregates=794    
[19.0%] t=189.9 T0  aggregates=797    
[19.0%] t=190.0 T0  aggregates=800    
[19.0%] t=190.1 T0  aggregates=807    
[19.0%] t=190.2 T0  aggregates=805    
[19.0%] t=190.3 T0  aggregates=808    
[19.0%] t=190.4 T0  aggregates=811    
[19.0%] t=190.5 T0  aggregates=807    
[19.1%] t=190.6 T0  aggregates=805    
[19.1%] t=190.7 T0  aggregates=804    
[19.1%] t=190.8 T0  aggregates=799    
[19.1%] t=190.9 T0  aggregates=797    
[19.1%] t=191.0 T0  aggregates=796    
[19.1%] t=191.1 T0  aggregates=797    
[19.1%] t=191.2 T0  aggregates=800    
[19.1%] t=191.3 T0  aggregates=801    
[19.1%] t=191.4 T0  aggregates=802    
[19.1%] t=191.5 T0  aggregates=802    
[19.2%] t=191.6 T0  aggregates=796    
[19.2%] t=191.7 T0  aggregates=798    
[19.2%] t=191.8 T0  aggregates=796    
[19.2%] t=191.9 T0  aggregates=793    
[19.2%] t=192.0 T0  aggregates=798    
[19.2%] t=192.1 T0  aggregates=798    
[19.2%] t=192.2 T0  aggregates=802    
[19.2%] t=192.3 T0  aggregates=795    
[19.2%] t=192.4 T0  aggregates=799    
[19.2%] t=192.5 T0  aggregates=800    
[19.3%] t=192.6 T0  aggregates=803    
[19.3%] t=192.7 T0  aggregates=799    
[19.3%] t=192.8 T0  aggregates=798    
[19.3%] t=192.9 T0  aggregates=788    
[19.3%] t=193.0 T0  aggregates=791    
[19.3%] t=193.1 T0  aggregates=790    
[19.3%] t=193.2 T0  aggregates=794    
[19.3%] t=193.3 T0  aggregates=788    
[19.3%] t=193.4 T0  aggregates=789    
[19.4%] t=193.5 T0  aggregates=790    
[19.4%] t=193.6 T0  aggregates=791    
[19.4%] t=193.7 T0  aggregates=795    
[19.4%] t=193.8 T0  aggregates=790    
[19.4%] t=193.9 T0  aggregates=789    
[19.4%] t=194.0 T0  aggregates=793    
[19.4%] t=194.1 T0  aggregates=794    
[19.4%] t=194.2 T0  aggregates=794    
[19.4%] t=194.3 T0  aggregates=800    
[19.4%] t=194.4 T0  aggregates=802    
[19.5%] t=194.5 T0  aggregates=799    
[19.5%] t=194.6 T0  aggregates=798    
[19.5%] t=194.7 T0  aggregates=800    
[19.5%] t=194.8 T0  aggregates=803    
[19.5%] t=194.9 T0  aggregates=802    
[19.5%] t=195.0 T0  aggregates=801    
[19.5%] t=195.1 T0  aggregates=809    
[19.5%] t=195.2 T0  aggregates=807    
[19.5%] t=195.3 T0  aggregates=810    
[19.5%] t=195.4 T0  aggregates=812    
[19.5%] t=195.5 T0  aggregates=808    
[19.6%] t=195.6 T0  aggregates=813    
[19.6%] t=195.7 T0  aggregates=802    
[19.6%] t=195.8 T0  aggregates=809    
[19.6%] t=195.9 T0  aggregates=807    
[19.6%] t=196.0 T0  aggregates=811    
[19.6%] t=196.1 T0  aggregates=809    
[19.6%] t=196.2 T0  aggregates=810    
[19.6%] t=196.3 T0  aggregates=807    
[19.6%] t=196.4 T0  aggregates=811    
[19.6%] t=196.5 T0  aggregates=807    
[19.7%] t=196.6 T0  aggregates=808    
[19.7%] t=196.7 T0  aggregates=808    
[19.7%] t=196.8 T0  aggregates=812    
[19.7%] t=196.9 T0  aggregates=811    
[19.7%] t=197.0 T0  aggregates=818    
[19.7%] t=197.1 T0  aggregates=815    
[19.7%] t=197.2 T0  aggregates=820    
[19.7%] t=197.3 T0  aggregates=821    
[19.7%] t=197.4 T0  aggregates=820    
[19.8%] t=197.5 T0  aggregates=813    
[19.8%] t=197.6 T0  aggregates=812    
[19.8%] t=197.7 T0  aggregates=813    
[19.8%] t=197.8 T0  aggregates=815    
[19.8%] t=197.9 T0  aggregates=816    
[19.8%] t=198.0 T0  aggregates=811    
[19.8%] t=198.1 T0  aggregates=815    
[19.8%] t=198.2 T0  aggregates=815    
[19.8%] t=198.3 T0  aggregates=820    
[19.8%] t=198.4 T0  aggregates=822    
[19.9%] t=198.5 T0  aggregates=825    
[19.9%] t=198.6 T0  aggregates=824    
[19.9%] t=198.7 T0  aggregates=826    
[19.9%] t=198.8 T0  aggregates=824    
[19.9%] t=198.9 T0  aggregates=830    
[19.9%] t=199.0 T0  aggregates=831    
[19.9%] t=199.1 T0  aggregates=828    
[19.9%] t=199.2 T0  aggregates=827    
[19.9%] t=199.3 T0  aggregates=829    
[19.9%] t=199.4 T0  aggregates=828    
[20.0%] t=199.5 T0  aggregates=831    
[20.0%] t=199.6 T0  aggregates=832    
[20.0%] t=199.7 T0  aggregates=833    
[20.0%] t=199.8 T0  aggregates=835    
[20.0%] t=199.9 T0  aggregates=832    
[20.0%] t=200.0 T0  aggregates=836    
[20.0%] t=200.1 T0  aggregates=832    
[20.0%] t=200.2 T0  aggregates=835    
[20.0%] t=200.3 T0  aggregates=835    
[20.0%] t=200.4 T0  aggregates=837    
[20.0%] t=200.5 T0  aggregates=832    
[20.1%] t=200.6 T0  aggregates=835    
[20.1%] t=200.7 T0  aggregates=835    
[20.1%] t=200.8 T0  aggregates=834    
[20.1%] t=200.9 T0  aggregates=836    
[20.1%] t=201.0 T0  aggregates=840    
[20.1%] t=201.1 T0  aggregates=834    
[20.1%] t=201.2 T0  aggregates=831    
[20.1%] t=201.3 T0  aggregates=832    
[20.1%] t=201.4 T0  aggregates=833    
[20.1%] t=201.5 T0  aggregates=838    
[20.2%] t=201.6 T0  aggregates=835    
[20.2%] t=201.7 T0  aggregates=836    
[20.2%] t=201.8 T0  aggregates=836    
[20.2%] t=201.9 T0  aggregates=836    
[20.2%] t=202.0 T0  aggregates=838    
[20.2%] t=202.1 T0  aggregates=834    
[20.2%] t=202.2 T0  aggregates=837    
[20.2%] t=202.3 T0  aggregates=831    
[20.2%] t=202.4 T0  aggregates=830    
[20.2%] t=202.5 T0  aggregates=833    
[20.3%] t=202.6 T0  aggregates=832    
[20.3%] t=202.7 T0  aggregates=838    
[20.3%] t=202.8 T0  aggregates=834    
[20.3%] t=202.9 T0  aggregates=838    
[20.3%] t=203.0 T0  aggregates=833    
[20.3%] t=203.1 T0  aggregates=836    
[20.3%] t=203.2 T0  aggregates=836    
[20.3%] t=203.3 T0  aggregates=832    
[20.3%] t=203.4 T0  aggregates=831    
[20.4%] t=203.5 T0  aggregates=834    
[20.4%] t=203.6 T0  aggregates=835    
[20.4%] t=203.7 T0  aggregates=833    
[20.4%] t=203.8 T0  aggregates=834    
[20.4%] t=203.9 T0  aggregates=833    
[20.4%] t=204.0 T0  aggregates=825    
[20.4%] t=204.1 T0  aggregates=830    
[20.4%] t=204.2 T0  aggregates=831    
[20.4%] t=204.3 T0  aggregates=828    
[20.4%] t=204.4 T0  aggregates=828    
[20.5%] t=204.5 T0  aggregates=828    
[20.5%] t=204.6 T0  aggregates=832    
[20.5%] t=204.7 T0  aggregates=835    
[20.5%] t=204.8 T0  aggregates=840    
[20.5%] t=204.9 T0  aggregates=836    
[20.5%] t=205.0 T0  aggregates=836    
[20.5%] t=205.1 T0  aggregates=836    
[20.5%] t=205.2 T0  aggregates=834    
[20.5%] t=205.3 T0  aggregates=832    
[20.5%] t=205.4 T0  aggregates=831    
[20.5%] t=205.5 T0  aggregates=834    
[20.6%] t=205.6 T0  aggregates=834    
[20.6%] t=205.7 T0  aggregates=838    
[20.6%] t=205.8 T0  aggregates=831    
[20.6%] t=205.9 T0  aggregates=835    
[20.6%] t=206.0 T0  aggregates=835    
[20.6%] t=206.1 T0  aggregates=832    
[20.6%] t=206.2 T0  aggregates=838    
[20.6%] t=206.3 T0  aggregates=838    
[20.6%] t=206.4 T0  aggregates=836    
[20.6%] t=206.5 T0  aggregates=834    
[20.7%] t=206.6 T0  aggregates=838    
[20.7%] t=206.7 T0  aggregates=838    
[20.7%] t=206.8 T0  aggregates=835    
[20.7%] t=206.9 T0  aggregates=836    
[20.7%] t=207.0 T0  aggregates=840    
[20.7%] t=207.1 T0  aggregates=835    
[20.7%] t=207.2 T0  aggregates=833    
[20.7%] t=207.3 T0  aggregates=834    
[20.7%] t=207.4 T0  aggregates=829    
[20.8%] t=207.5 T0  aggregates=830    
[20.8%] t=207.6 T0  aggregates=826    
[20.8%] t=207.7 T0  aggregates=834    
[20.8%] t=207.8 T0  aggregates=827    
[20.8%] t=207.9 T0  aggregates=829    
[20.8%] t=208.0 T0  aggregates=832    
[20.8%] t=208.1 T0  aggregates=831    
[20.8%] t=208.2 T0  aggregates=832    
[20.8%] t=208.3 T0  aggregates=827    
[20.8%] t=208.4 T0  aggregates=831    
[20.9%] t=208.5 T0  aggregates=830    
[20.9%] t=208.6 T0  aggregates=832    
[20.9%] t=208.7 T0  aggregates=831    
[20.9%] t=208.8 T0  aggregates=833    
[20.9%] t=208.9 T0  aggregates=831    
[20.9%] t=209.0 T0  aggregates=832    
[20.9%] t=209.1 T0  aggregates=832    
[20.9%] t=209.2 T0  aggregates=828    
[20.9%] t=209.3 T0  aggregates=831    
[20.9%] t=209.4 T0  aggregates=833    
[21.0%] t=209.5 T0  aggregates=835    
[21.0%] t=209.6 T0  aggregates=835    
[21.0%] t=209.7 T0  aggregates=827    
[21.0%] t=209.8 T0  aggregates=828    
[21.0%] t=209.9 T0  aggregates=832    
[21.0%] t=210.0 T0  aggregates=836    
[21.0%] t=210.1 T0  aggregates=833    
[21.0%] t=210.2 T0  aggregates=834    
[21.0%] t=210.3 T0  aggregates=832    
[21.0%] t=210.4 T0  aggregates=831    
[21.0%] t=210.5 T0  aggregates=837    
[21.1%] t=210.6 T0  aggregates=836    
[21.1%] t=210.7 T0  aggregates=830    
[21.1%] t=210.8 T0  aggregates=830    
[21.1%] t=210.9 T0  aggregates=829    
[21.1%] t=211.0 T0  aggregates=830    
[21.1%] t=211.1 T0  aggregates=827    
[21.1%] t=211.2 T0  aggregates=828    
[21.1%] t=211.3 T0  aggregates=829    
[21.1%] t=211.4 T0  aggregates=830    
[21.1%] t=211.5 T0  aggregates=831    
[21.2%] t=211.6 T0  aggregates=834    
[21.2%] t=211.7 T0  aggregates=839    
[21.2%] t=211.8 T0  aggregates=839    
[21.2%] t=211.9 T0  aggregates=840    
[21.2%] t=212.0 T0  aggregates=842    
[21.2%] t=212.1 T0  aggregates=839    
[21.2%] t=212.2 T0  aggregates=836    
[21.2%] t=212.3 T0  aggregates=836    
[21.2%] t=212.4 T0  aggregates=839    
[21.2%] t=212.5 T0  aggregates=842    
[21.3%] t=212.6 T0  aggregates=844    
[21.3%] t=212.7 T0  aggregates=844    
[21.3%] t=212.8 T0  aggregates=842    
[21.3%] t=212.9 T0  aggregates=845    
[21.3%] t=213.0 T0  aggregates=839    
[21.3%] t=213.1 T0  aggregates=838    
[21.3%] t=213.2 T0  aggregates=841    
[21.3%] t=213.3 T0  aggregates=841    
[21.3%] t=213.4 T0  aggregates=837    
[21.4%] t=213.5 T0  aggregates=832    
[21.4%] t=213.6 T0  aggregates=835    
[21.4%] t=213.7 T0  aggregates=831    
[21.4%] t=213.8 T0  aggregates=833    
[21.4%] t=213.9 T0  aggregates=835    
[21.4%] t=214.0 T0  aggregates=834    
[21.4%] t=214.1 T0  aggregates=836    
[21.4%] t=214.2 T0  aggregates=836    
[21.4%] t=214.3 T0  aggregates=838    
[21.4%] t=214.4 T0  aggregates=841    
[21.5%] t=214.5 T0  aggregates=831    
[21.5%] t=214.6 T0  aggregates=838    
[21.5%] t=214.7 T0  aggregates=840    
[21.5%] t=214.8 T0  aggregates=843    
[21.5%] t=214.9 T0  aggregates=841    
[21.5%] t=215.0 T0  aggregates=843    
[21.5%] t=215.1 T0  aggregates=848    
[21.5%] t=215.2 T0  aggregates=850    
[21.5%] t=215.3 T0  aggregates=848    
[21.5%] t=215.4 T0  aggregates=846    
[21.5%] t=215.5 T0  aggregates=846    
[21.6%] t=215.6 T0  aggregates=848    
[21.6%] t=215.7 T0  aggregates=847    
[21.6%] t=215.8 T0  aggregates=844    
[21.6%] t=215.9 T0  aggregates=841    
[21.6%] t=216.0 T0  aggregates=838    
[21.6%] t=216.1 T0  aggregates=844    
[21.6%] t=216.2 T0  aggregates=845    
[21.6%] t=216.3 T0  aggregates=842    
[21.6%] t=216.4 T0  aggregates=844    
[21.6%] t=216.5 T0  aggregates=843    
[21.7%] t=216.6 T0  aggregates=845    
[21.7%] t=216.7 T0  aggregates=842    
[21.7%] t=216.8 T0  aggregates=842    
[21.7%] t=216.9 T0  aggregates=842    
[21.7%] t=217.0 T0  aggregates=844    
[21.7%] t=217.1 T0  aggregates=846    
[21.7%] t=217.2 T0  aggregates=844    
[21.7%] t=217.3 T0  aggregates=851    
[21.7%] t=217.4 T0  aggregates=846    
[21.8%] t=217.5 T0  aggregates=847    
[21.8%] t=217.6 T0  aggregates=846    
[21.8%] t=217.7 T0  aggregates=841    
[21.8%] t=217.8 T0  aggregates=843    
[21.8%] t=217.9 T0  aggregates=840    
[21.8%] t=218.0 T0  aggregates=845    
[21.8%] t=218.1 T0  aggregates=844    
[21.8%] t=218.2 T0  aggregates=846    
[21.8%] t=218.3 T0  aggregates=842    
[21.8%] t=218.4 T0  aggregates=850    
[21.9%] t=218.5 T0  aggregates=850    
[21.9%] t=218.6 T0  aggregates=849    
[21.9%] t=218.7 T0  aggregates=854    
[21.9%] t=218.8 T0  aggregates=858    
[21.9%] t=218.9 T0  aggregates=862    
[21.9%] t=219.0 T0  aggregates=856    
[21.9%] t=219.1 T0  aggregates=853    
[21.9%] t=219.2 T0  aggregates=853    
[21.9%] t=219.3 T0  aggregates=847    
[21.9%] t=219.4 T0  aggregates=846    
[22.0%] t=219.5 T0  aggregates=846    
[22.0%] t=219.6 T0  aggregates=845    
[22.0%] t=219.7 T0  aggregates=848    
[22.0%] t=219.8 T0  aggregates=856    
[22.0%] t=219.9 T0  aggregates=854    
[22.0%] t=220.0 T0  aggregates=855    
[22.0%] t=220.1 T0  aggregates=855    
[22.0%] t=220.2 T0  aggregates=853    
[22.0%] t=220.3 T0  aggregates=852    
[22.0%] t=220.4 T0  aggregates=851    
[22.0%] t=220.5 T0  aggregates=845    
[22.1%] t=220.6 T0  aggregates=846    
[22.1%] t=220.7 T0  aggregates=848    
[22.1%] t=220.8 T0  aggregates=848    
[22.1%] t=220.9 T0  aggregates=852    
[22.1%] t=221.0 T0  aggregates=850    
[22.1%] t=221.1 T0  aggregates=855    
[22.1%] t=221.2 T0  aggregates=855    
[22.1%] t=221.3 T0  aggregates=854    
[22.1%] t=221.4 T0  aggregates=853    
[22.1%] t=221.5 T0  aggregates=853    
[22.2%] t=221.6 T0  aggregates=859    
[22.2%] t=221.7 T0  aggregates=857    
[22.2%] t=221.8 T0  aggregates=858    
[22.2%] t=221.9 T0  aggregates=857    
[22.2%] t=222.0 T0  aggregates=858    
[22.2%] t=222.1 T0  aggregates=860    
[22.2%] t=222.2 T0  aggregates=861    
[22.2%] t=222.3 T0  aggregates=858    
[22.2%] t=222.4 T0  aggregates=862    
[22.2%] t=222.5 T0  aggregates=860    
[22.3%] t=222.6 T0  aggregates=861    
[22.3%] t=222.7 T0  aggregates=860    
[22.3%] t=222.8 T0  aggregates=859    
[22.3%] t=222.9 T0  aggregates=866    
[22.3%] t=223.0 T0  aggregates=863    
[22.3%] t=223.1 T0  aggregates=860    
[22.3%] t=223.2 T0  aggregates=857    
[22.3%] t=223.3 T0  aggregates=862    
[22.3%] t=223.4 T0  aggregates=861    
[22.4%] t=223.5 T0  aggregates=859    
[22.4%] t=223.6 T0  aggregates=856    
[22.4%] t=223.7 T0  aggregates=856    
[22.4%] t=223.8 T0  aggregates=856    
[22.4%] t=223.9 T0  aggregates=856    
[22.4%] t=224.0 T0  aggregates=857    
[22.4%] t=224.1 T0  aggregates=855    
[22.4%] t=224.2 T0  aggregates=852    
[22.4%] t=224.3 T0  aggregates=857    
[22.4%] t=224.4 T0  aggregates=849    
[22.5%] t=224.5 T0  aggregates=852    
[22.5%] t=224.6 T0  aggregates=852    
[22.5%] t=224.7 T0  aggregates=855    
[22.5%] t=224.8 T0  aggregates=853    
[22.5%] t=224.9 T0  aggregates=853    
[22.5%] t=225.0 T0  aggregates=850    
[22.5%] t=225.1 T0  aggregates=855    
[22.5%] t=225.2 T0  aggregates=853    
[22.5%] t=225.3 T0  aggregates=854    
[22.5%] t=225.4 T0  aggregates=854    
[22.5%] t=225.5 T0  aggregates=850    
[22.6%] t=225.6 T0  aggregates=854    
[22.6%] t=225.7 T0  aggregates=851    
[22.6%] t=225.8 T0  aggregates=855    
[22.6%] t=225.9 T0  aggregates=853    
[22.6%] t=226.0 T0  aggregates=857    
[22.6%] t=226.1 T0  aggregates=859    
[22.6%] t=226.2 T0  aggregates=859    
[22.6%] t=226.3 T0  aggregates=862    
[22.6%] t=226.4 T0  aggregates=861    
[22.6%] t=226.5 T0  aggregates=861    
[22.7%] t=226.6 T0  aggregates=855    
[22.7%] t=226.7 T0  aggregates=858    
[22.7%] t=226.8 T0  aggregates=860    
[22.7%] t=226.9 T0  aggregates=864    
[22.7%] t=227.0 T0  aggregates=863    
[22.7%] t=227.1 T0  aggregates=864    
[22.7%] t=227.2 T0  aggregates=868    
[22.7%] t=227.3 T0  aggregates=864    
[22.7%] t=227.4 T0  aggregates=864    
[22.8%] t=227.5 T0  aggregates=867    
[22.8%] t=227.6 T0  aggregates=864    
[22.8%] t=227.7 T0  aggregates=867    
[22.8%] t=227.8 T0  aggregates=866    
[22.8%] t=227.9 T0  aggregates=870    
[22.8%] t=228.0 T0  aggregates=874    
[22.8%] t=228.1 T0  aggregates=870    
[22.8%] t=228.2 T0  aggregates=873    
[22.8%] t=228.3 T0  aggregates=868    
[22.8%] t=228.4 T0  aggregates=865    
[22.9%] t=228.5 T0  aggregates=864    
[22.9%] t=228.6 T0  aggregates=866    
[22.9%] t=228.7 T0  aggregates=867    
[22.9%] t=228.8 T0  aggregates=864    
[22.9%] t=228.9 T0  aggregates=864    
[22.9%] t=229.0 T0  aggregates=865    
[22.9%] t=229.1 T0  aggregates=858    
[22.9%] t=229.2 T0  aggregates=858    
[22.9%] t=229.3 T0  aggregates=865    
[22.9%] t=229.4 T0  aggregates=857    
[23.0%] t=229.5 T0  aggregates=859    
[23.0%] t=229.6 T0  aggregates=862    
[23.0%] t=229.7 T0  aggregates=858    
[23.0%] t=229.8 T0  aggregates=855    
[23.0%] t=229.9 T0  aggregates=856    
[23.0%] t=230.0 T0  aggregates=860    
[23.0%] t=230.1 T0  aggregates=859    
[23.0%] t=230.2 T0  aggregates=862    
[23.0%] t=230.3 T0  aggregates=865    
[23.0%] t=230.4 T0  aggregates=865    
[23.0%] t=230.5 T0  aggregates=869    
[23.1%] t=230.6 T0  aggregates=874    
[23.1%] t=230.7 T0  aggregates=873    
[23.1%] t=230.8 T0  aggregates=869    
[23.1%] t=230.9 T0  aggregates=863    
[23.1%] t=231.0 T0  aggregates=866    
[23.1%] t=231.1 T0  aggregates=870    
[23.1%] t=231.2 T0  aggregates=866    
[23.1%] t=231.3 T0  aggregates=868    
[23.1%] t=231.4 T0  aggregates=860    
[23.1%] t=231.5 T0  aggregates=864    
[23.2%] t=231.6 T0  aggregates=871    
[23.2%] t=231.7 T0  aggregates=867    
[23.2%] t=231.8 T0  aggregates=872    
[23.2%] t=231.9 T0  aggregates=864    
[23.2%] t=232.0 T0  aggregates=865    
[23.2%] t=232.1 T0  aggregates=856    
[23.2%] t=232.2 T0  aggregates=857    
[23.2%] t=232.3 T0  aggregates=859    
[23.2%] t=232.4 T0  aggregates=860    
[23.2%] t=232.5 T0  aggregates=859    
[23.3%] t=232.6 T0  aggregates=859    
[23.3%] t=232.7 T0  aggregates=858    
[23.3%] t=232.8 T0  aggregates=853    
[23.3%] t=232.9 T0  aggregates=855    
[23.3%] t=233.0 T0  aggregates=858    
[23.3%] t=233.1 T0  aggregates=853    
[23.3%] t=233.2 T0  aggregates=854    
[23.3%] t=233.3 T0  aggregates=859    
[23.3%] t=233.4 T0  aggregates=861    
[23.4%] t=233.5 T0  aggregates=859    
[23.4%] t=233.6 T0  aggregates=860    
[23.4%] t=233.7 T0  aggregates=865    
[23.4%] t=233.8 T0  aggregates=856    
[23.4%] t=233.9 T0  aggregates=859    
[23.4%] t=234.0 T0  aggregates=855    
[23.4%] t=234.1 T0  aggregates=855    
[23.4%] t=234.2 T0  aggregates=859    
[23.4%] t=234.3 T0  aggregates=861    
[23.4%] t=234.4 T0  aggregates=863    
[23.5%] t=234.5 T0  aggregates=857    
[23.5%] t=234.6 T0  aggregates=858    
[23.5%] t=234.7 T0  aggregates=859    
[23.5%] t=234.8 T0  aggregates=860    
[23.5%] t=234.9 T0  aggregates=860    
[23.5%] t=235.0 T0  aggregates=860    
[23.5%] t=235.1 T0  aggregates=862    
[23.5%] t=235.2 T0  aggregates=857    
[23.5%] t=235.3 T0  aggregates=858    
[23.5%] t=235.4 T0  aggregates=854    
[23.5%] t=235.5 T0  aggregates=858    
[23.6%] t=235.6 T0  aggregates=857    
[23.6%] t=235.7 T0  aggregates=855    
[23.6%] t=235.8 T0  aggregates=860    
[23.6%] t=235.9 T0  aggregates=855    
[23.6%] t=236.0 T0  aggregates=857    
[23.6%] t=236.1 T0  aggregates=862    
[23.6%] t=236.2 T0  aggregates=865    
[23.6%] t=236.3 T0  aggregates=862    
[23.6%] t=236.4 T0  aggregates=865    
[23.6%] t=236.5 T0  aggregates=859    
[23.7%] t=236.6 T0  aggregates=857    
[23.7%] t=236.7 T0  aggregates=856    
[23.7%] t=236.8 T0  aggregates=854    
[23.7%] t=236.9 T0  aggregates=855    
[23.7%] t=237.0 T0  aggregates=854    
[23.7%] t=237.1 T0  aggregates=853    
[23.7%] t=237.2 T0  aggregates=854    
[23.7%] t=237.3 T0  aggregates=855    
[23.7%] t=237.4 T0  aggregates=854    
[23.8%] t=237.5 T0  aggregates=855    
[23.8%] t=237.6 T0  aggregates=855    
[23.8%] t=237.7 T0  aggregates=852    
[23.8%] t=237.8 T0  aggregates=857    
[23.8%] t=237.9 T0  aggregates=855    
[23.8%] t=238.0 T0  aggregates=854    
[23.8%] t=238.1 T0  aggregates=855    
[23.8%] t=238.2 T0  aggregates=857    
[23.8%] t=238.3 T0  aggregates=858    
[23.8%] t=238.4 T0  aggregates=851    
[23.9%] t=238.5 T0  aggregates=853    
[23.9%] t=238.6 T0  aggregates=854    
[23.9%] t=238.7 T0  aggregates=856    
[23.9%] t=238.8 T0  aggregates=855    
[23.9%] t=238.9 T0  aggregates=856    
[23.9%] t=239.0 T0  aggregates=856    
[23.9%] t=239.1 T0  aggregates=853    
[23.9%] t=239.2 T0  aggregates=856    
[23.9%] t=239.3 T0  aggregates=864    
[23.9%] t=239.4 T0  aggregates=860    
[24.0%] t=239.5 T0  aggregates=858    
[24.0%] t=239.6 T0  aggregates=851    
[24.0%] t=239.7 T0  aggregates=852    
[24.0%] t=239.8 T0  aggregates=855    
[24.0%] t=239.9 T0  aggregates=855    
[24.0%] t=240.0 T0  aggregates=852    
[24.0%] t=240.1 T0  aggregates=851    
[24.0%] t=240.2 T0  aggregates=853    
[24.0%] t=240.3 T0  aggregates=853    
[24.0%] t=240.4 T0  aggregates=851    
[24.0%] t=240.5 T0  aggregates=853    
[24.1%] t=240.6 T0  aggregates=855    
[24.1%] t=240.7 T0  aggregates=856    
[24.1%] t=240.8 T0  aggregates=853    
[24.1%] t=240.9 T0  aggregates=849    
[24.1%] t=241.0 T0  aggregates=845    
[24.1%] t=241.1 T0  aggregates=853    
[24.1%] t=241.2 T0  aggregates=853    
[24.1%] t=241.3 T0  aggregates=855    
[24.1%] t=241.4 T0  aggregates=856    
[24.1%] t=241.5 T0  aggregates=858    
[24.2%] t=241.6 T0  aggregates=860    
[24.2%] t=241.7 T0  aggregates=864    
[24.2%] t=241.8 T0  aggregates=863    
[24.2%] t=241.9 T0  aggregates=869    
[24.2%] t=242.0 T0  aggregates=870    
[24.2%] t=242.1 T0  aggregates=868    
[24.2%] t=242.2 T0  aggregates=873    
[24.2%] t=242.3 T0  aggregates=870    
[24.2%] t=242.4 T0  aggregates=868    
[24.2%] t=242.5 T0  aggregates=864    
[24.3%] t=242.6 T0  aggregates=862    
[24.3%] t=242.7 T0  aggregates=858    
[24.3%] t=242.8 T0  aggregates=865    
[24.3%] t=242.9 T0  aggregates=869    
[24.3%] t=243.0 T0  aggregates=867    
[24.3%] t=243.1 T0  aggregates=866    
[24.3%] t=243.2 T0  aggregates=867    
[24.3%] t=243.3 T0  aggregates=865    
[24.3%] t=243.4 T0  aggregates=867    
[24.4%] t=243.5 T0  aggregates=867    
[24.4%] t=243.6 T0  aggregates=869    
[24.4%] t=243.7 T0  aggregates=872    
[24.4%] t=243.8 T0  aggregates=876    
[24.4%] t=243.9 T0  aggregates=878    
[24.4%] t=244.0 T0  aggregates=870    
[24.4%] t=244.1 T0  aggregates=873    
[24.4%] t=244.2 T0  aggregates=876    
[24.4%] t=244.3 T0  aggregates=878    
[24.4%] t=244.4 T0  aggregates=879    
[24.5%] t=244.5 T0  aggregates=878    
[24.5%] t=244.6 T0  aggregates=876    
[24.5%] t=244.7 T0  aggregates=874    
[24.5%] t=244.8 T0  aggregates=876    
[24.5%] t=244.9 T0  aggregates=873    
[24.5%] t=245.0 T0  aggregates=873    
[24.5%] t=245.1 T0  aggregates=873    
[24.5%] t=245.2 T0  aggregates=871    
[24.5%] t=245.3 T0  aggregates=863    
[24.5%] t=245.4 T0  aggregates=858    
[24.5%] t=245.5 T0  aggregates=850    
[24.6%] t=245.6 T0  aggregates=843    
[24.6%] t=245.7 T0  aggregates=832    
[24.6%] t=245.8 T0  aggregates=812    
[24.6%] t=245.9 T0  aggregates=800    
[24.6%] t=246.0 T0  aggregates=789    
[24.6%] t=246.1 T0  aggregates=770    
[24.6%] t=246.2 T0  aggregates=757    
[24.6%] t=246.3 T0  aggregates=750    
[24.6%] t=246.4 T0  aggregates=742    
[24.6%] t=246.5 T0  aggregates=721    
[24.7%] t=246.6 T0  aggregates=706    
[24.7%] t=246.7 T0  aggregates=694    
[24.7%] t=246.8 T0  aggregates=694    
[24.7%] t=246.9 T0  aggregates=690    
[24.7%] t=247.0 T0  aggregates=682    
[24.7%] t=247.1 T0  aggregates=686    
[24.7%] t=247.2 T0  aggregates=680    
[24.7%] t=247.3 T0  aggregates=669    
[24.7%] t=247.4 T0  aggregates=661    
[24.8%] t=247.5 T0  aggregates=664    
[24.8%] t=247.6 T0  aggregates=666    
[24.8%] t=247.7 T0  aggregates=662    
[24.8%] t=247.8 T0  aggregates=655    
[24.8%] t=247.9 T0  aggregates=652    
[24.8%] t=248.0 T0  aggregates=657    
[24.8%] t=248.1 T0  aggregates=660    
[24.8%] t=248.2 T0  aggregates=646    
[24.8%] t=248.3 T0  aggregates=643    
[24.8%] t=248.4 T0  aggregates=647    
[24.9%] t=248.5 T0  aggregates=645    
[24.9%] t=248.6 T0  aggregates=636    
[24.9%] t=248.7 T0  aggregates=637    
[24.9%] t=248.8 T0  aggregates=633    
[24.9%] t=248.9 T0  aggregates=624    
[24.9%] t=249.0 T0  aggregates=629    
[24.9%] t=249.1 T0  aggregates=630    
[24.9%] t=249.2 T0  aggregates=625    
[24.9%] t=249.3 T0  aggregates=609    
[24.9%] t=249.4 T0  aggregates=603    
[25.0%] t=249.5 T0  aggregates=599    
[25.0%] t=249.6 T0  aggregates=596    
[25.0%] t=249.7 T0  aggregates=597    
[25.0%] t=249.8 T0  aggregates=593    
[25.0%] t=249.9 T0  aggregates=589    
[25.0%] t=250.0 T0  aggregates=583    
[25.0%] t=250.1 T0  aggregates=581    
[25.0%] t=250.2 T0  aggregates=579    
[25.0%] t=250.3 T0  aggregates=566    
[25.0%] t=250.4 T0  aggregates=560    
[25.0%] t=250.5 T0  aggregates=558    
[25.1%] t=250.6 T0  aggregates=535    
[25.1%] t=250.7 T0  aggregates=530    
[25.1%] t=250.8 T0  aggregates=525    
[25.1%] t=250.9 T0  aggregates=523    
[25.1%] t=251.0 T0  aggregates=510    
[25.1%] t=251.1 T0  aggregates=503    
[25.1%] t=251.2 T0  aggregates=493    
[25.1%] t=251.3 T0  aggregates=492    
[25.1%] t=251.4 T0  aggregates=495    
[25.1%] t=251.5 T0  aggregates=482    
[25.2%] t=251.6 T0  aggregates=489    
[25.2%] t=251.7 T0  aggregates=483    
[25.2%] t=251.8 T0  aggregates=479    
[25.2%] t=251.9 T0  aggregates=489    
[25.2%] t=252.0 T0  aggregates=493    
[25.2%] t=252.1 T0  aggregates=496    
[25.2%] t=252.2 T0  aggregates=488    
[25.2%] t=252.3 T0  aggregates=498    
[25.2%] t=252.4 T0  aggregates=507    
[25.2%] t=252.5 T0  aggregates=519    
[25.3%] t=252.6 T0  aggregates=510    
[25.3%] t=252.7 T0  aggregates=520    
[25.3%] t=252.8 T0  aggregates=517    
[25.3%] t=252.9 T0  aggregates=532    
[25.3%] t=253.0 T0  aggregates=523    
[25.3%] t=253.1 T0  aggregates=531    
[25.3%] t=253.2 T0  aggregates=524    
[25.3%] t=253.3 T0  aggregates=531    
[25.3%] t=253.4 T0  aggregates=520    
[25.4%] t=253.5 T0  aggregates=523    
[25.4%] t=253.6 T0  aggregates=525    
[25.4%] t=253.7 T0  aggregates=523    
[25.4%] t=253.8 T0  aggregates=519    
[25.4%] t=253.9 T0  aggregates=525    
[25.4%] t=254.0 T0  aggregates=528    
[25.4%] t=254.1 T0  aggregates=536    
[25.4%] t=254.2 T0  aggregates=539    
[25.4%] t=254.3 T0  aggregates=540    
[25.4%] t=254.4 T0  aggregates=544    
[25.5%] t=254.5 T0  aggregates=552    
[25.5%] t=254.6 T0  aggregates=553    
[25.5%] t=254.7 T0  aggregates=562    
[25.5%] t=254.8 T0  aggregates=565    
[25.5%] t=254.9 T0  aggregates=558    
[25.5%] t=255.0 T0  aggregates=580    
[25.5%] t=255.1 T0  aggregates=566    
[25.5%] t=255.2 T0  aggregates=580    
[25.5%] t=255.3 T0  aggregates=586    
[25.5%] t=255.4 T0  aggregates=582    
[25.5%] t=255.5 T0  aggregates=594    
[25.6%] t=255.6 T0  aggregates=596    
[25.6%] t=255.7 T0  aggregates=602    
[25.6%] t=255.8 T0  aggregates=608    
[25.6%] t=255.9 T0  aggregates=604    
[25.6%] t=256.0 T0  aggregates=612    
[25.6%] t=256.1 T0  aggregates=616    
[25.6%] t=256.2 T0  aggregates=620    
[25.6%] t=256.3 T0  aggregates=615    
[25.6%] t=256.4 T0  aggregates=616    
[25.6%] t=256.5 T0  aggregates=615    
[25.7%] t=256.6 T0  aggregates=624    
[25.7%] t=256.7 T0  aggregates=625    
[25.7%] t=256.8 T0  aggregates=626    
[25.7%] t=256.9 T0  aggregates=634    
[25.7%] t=257.0 T0  aggregates=629    
[25.7%] t=257.1 T0  aggregates=636    
[25.7%] t=257.2 T0  aggregates=637    
[25.7%] t=257.3 T0  aggregates=634    
[25.7%] t=257.4 T0  aggregates=634    
[25.8%] t=257.5 T0  aggregates=640    
[25.8%] t=257.6 T0  aggregates=634    
[25.8%] t=257.7 T0  aggregates=634    
[25.8%] t=257.8 T0  aggregates=639    
[25.8%] t=257.9 T0  aggregates=636    
[25.8%] t=258.0 T0  aggregates=633    
[25.8%] t=258.1 T0  aggregates=621    
[25.8%] t=258.2 T0  aggregates=625    
[25.8%] t=258.3 T0  aggregates=632    
[25.8%] t=258.4 T0  aggregates=645    
[25.9%] t=258.5 T0  aggregates=630    
[25.9%] t=258.6 T0  aggregates=632    
[25.9%] t=258.7 T0  aggregates=620    
[25.9%] t=258.8 T0  aggregates=621    
[25.9%] t=258.9 T0  aggregates=607    
[25.9%] t=259.0 T0  aggregates=613    
[25.9%] t=259.1 T0  aggregates=599    
[25.9%] t=259.2 T0  aggregates=600    
[25.9%] t=259.3 T0  aggregates=589    
[25.9%] t=259.4 T0  aggregates=593    
[26.0%] t=259.5 T0  aggregates=586    
[26.0%] t=259.6 T0  aggregates=586    
[26.0%] t=259.7 T0  aggregates=579    
[26.0%] t=259.8 T0  aggregates=572    
[26.0%] t=259.9 T0  aggregates=567    
[26.0%] t=260.0 T0  aggregates=556    
[26.0%] t=260.1 T0  aggregates=547    
[26.0%] t=260.2 T0  aggregates=548    
[26.0%] t=260.3 T0  aggregates=540    
[26.0%] t=260.4 T0  aggregates=536    
[26.0%] t=260.5 T0  aggregates=545    
[26.1%] t=260.6 T0  aggregates=552    
[26.1%] t=260.7 T0  aggregates=546    
[26.1%] t=260.8 T0  aggregates=551    
[26.1%] t=260.9 T0  aggregates=552    
[26.1%] t=261.0 T0  aggregates=541    
[26.1%] t=261.1 T0  aggregates=546    
[26.1%] t=261.2 T0  aggregates=549    
[26.1%] t=261.3 T0  aggregates=542    
[26.1%] t=261.4 T0  aggregates=541    
[26.1%] t=261.5 T0  aggregates=542    
[26.2%] t=261.6 T0  aggregates=547    
[26.2%] t=261.7 T0  aggregates=545    
[26.2%] t=261.8 T0  aggregates=551    
[26.2%] t=261.9 T0  aggregates=542    
[26.2%] t=262.0 T0  aggregates=531    
[26.2%] t=262.1 T0  aggregates=524    
[26.2%] t=262.2 T0  aggregates=529    
[26.2%] t=262.3 T0  aggregates=520    
[26.2%] t=262.4 T0  aggregates=531    
[26.2%] t=262.5 T0  aggregates=548    
[26.3%] t=262.6 T0  aggregates=546    
[26.3%] t=262.7 T0  aggregates=552    
[26.3%] t=262.8 T0  aggregates=555    
[26.3%] t=262.9 T0  aggregates=549    
[26.3%] t=263.0 T0  aggregates=533    
[26.3%] t=263.1 T0  aggregates=548    
[26.3%] t=263.2 T0  aggregates=550    
[26.3%] t=263.3 T0  aggregates=521    
[26.3%] t=263.4 T0  aggregates=527    
[26.4%] t=263.5 T0  aggregates=515    
[26.4%] t=263.6 T0  aggregates=518    
[26.4%] t=263.7 T0  aggregates=510    
[26.4%] t=263.8 T0  aggregates=506    
[26.4%] t=263.9 T0  aggregates=521    
[26.4%] t=264.0 T0  aggregates=522    
[26.4%] t=264.1 T0  aggregates=517    
[26.4%] t=264.2 T0  aggregates=506    
[26.4%] t=264.3 T0  aggregates=514    
[26.4%] t=264.4 T0  aggregates=503    
[26.5%] t=264.5 T0  aggregates=503    
[26.5%] t=264.6 T0  aggregates=501    
[26.5%] t=264.7 T0  aggregates=510    
[26.5%] t=264.8 T0  aggregates=519    
[26.5%] t=264.9 T0  aggregates=510    
[26.5%] t=265.0 T0  aggregates=515    
[26.5%] t=265.1 T0  aggregates=501    
[26.5%] t=265.2 T0  aggregates=494    
[26.5%] t=265.3 T0  aggregates=493    
[26.5%] t=265.4 T0  aggregates=482    
[26.5%] t=265.5 T0  aggregates=485    
[26.6%] t=265.6 T0  aggregates=467    
[26.6%] t=265.7 T0  aggregates=472    
[26.6%] t=265.8 T0  aggregates=462    
[26.6%] t=265.9 T0  aggregates=471    
[26.6%] t=266.0 T0  aggregates=464    
[26.6%] t=266.1 T0  aggregates=462    
[26.6%] t=266.2 T0  aggregates=459    
[26.6%] t=266.3 T0  aggregates=468    
[26.6%] t=266.4 T0  aggregates=469    
[26.6%] t=266.5 T0  aggregates=456    
[26.7%] t=266.6 T0  aggregates=474    
[26.7%] t=266.7 T0  aggregates=460    
[26.7%] t=266.8 T0  aggregates=462    
[26.7%] t=266.9 T0  aggregates=449    
[26.7%] t=267.0 T0  aggregates=447    
[26.7%] t=267.1 T0  aggregates=453    
[26.7%] t=267.2 T0  aggregates=458    
[26.7%] t=267.3 T0  aggregates=453    
[26.7%] t=267.4 T0  aggregates=461    
[26.8%] t=267.5 T0  aggregates=458    
[26.8%] t=267.6 T0  aggregates=463    
[26.8%] t=267.7 T0  aggregates=459    
[26.8%] t=267.8 T0  aggregates=464    
[26.8%] t=267.9 T0  aggregates=464    
[26.8%] t=268.0 T0  aggregates=465    
[26.8%] t=268.1 T0  aggregates=454    
[26.8%] t=268.2 T0  aggregates=450    
[26.8%] t=268.3 T0  aggregates=447    
[26.8%] t=268.4 T0  aggregates=450    
[26.9%] t=268.5 T0  aggregates=445    
[26.9%] t=268.6 T0  aggregates=439    
[26.9%] t=268.7 T0  aggregates=432    
[26.9%] t=268.8 T0  aggregates=432    
[26.9%] t=268.9 T0  aggregates=438    
[26.9%] t=269.0 T0  aggregates=433    
[26.9%] t=269.1 T0  aggregates=440    
[26.9%] t=269.2 T0  aggregates=424    
[26.9%] t=269.3 T0  aggregates=433    
[26.9%] t=269.4 T0  aggregates=436    
[27.0%] t=269.5 T0  aggregates=436    
[27.0%] t=269.6 T0  aggregates=438    
[27.0%] t=269.7 T0  aggregates=432    
[27.0%] t=269.8 T0  aggregates=428    
[27.0%] t=269.9 T0  aggregates=425    
[27.0%] t=270.0 T0  aggregates=428    
[27.0%] t=270.1 T0  aggregates=423    
[27.0%] t=270.2 T0  aggregates=413    
[27.0%] t=270.3 T0  aggregates=419    
[27.0%] t=270.4 T0  aggregates=418    
[27.0%] t=270.5 T0  aggregates=407    
[27.1%] t=270.6 T0  aggregates=418    
[27.1%] t=270.7 T0  aggregates=417    
[27.1%] t=270.8 T0  aggregates=406    
[27.1%] t=270.9 T0  aggregates=410    
[27.1%] t=271.0 T0  aggregates=419    
[27.1%] t=271.1 T0  aggregates=421    
[27.1%] t=271.2 T0  aggregates=422    
[27.1%] t=271.3 T0  aggregates=432    
[27.1%] t=271.4 T0  aggregates=416    
[27.1%] t=271.5 T0  aggregates=424    
[27.2%] t=271.6 T0  aggregates=431    
[27.2%] t=271.7 T0  aggregates=426    
[27.2%] t=271.8 T0  aggregates=433    
[27.2%] t=271.9 T0  aggregates=436    
[27.2%] t=272.0 T0  aggregates=438    
[27.2%] t=272.1 T0  aggregates=440    
[27.2%] t=272.2 T0  aggregates=437    
[27.2%] t=272.3 T0  aggregates=452    
[27.2%] t=272.4 T0  aggregates=433    
[27.2%] t=272.5 T0  aggregates=449    
[27.3%] t=272.6 T0  aggregates=460    
[27.3%] t=272.7 T0  aggregates=460    
[27.3%] t=272.8 T0  aggregates=452    
[27.3%] t=272.9 T0  aggregates=464    
[27.3%] t=273.0 T0  aggregates=463    
[27.3%] t=273.1 T0  aggregates=454    
[27.3%] t=273.2 T0  aggregates=460    
[27.3%] t=273.3 T0  aggregates=459    
[27.3%] t=273.4 T0  aggregates=475    
[27.4%] t=273.5 T0  aggregates=485    
[27.4%] t=273.6 T0  aggregates=484    
[27.4%] t=273.7 T0  aggregates=485    
[27.4%] t=273.8 T0  aggregates=490    
[27.4%] t=273.9 T0  aggregates=492    
[27.4%] t=274.0 T0  aggregates=488    
[27.4%] t=274.1 T0  aggregates=493    
[27.4%] t=274.2 T0  aggregates=493    
[27.4%] t=274.3 T0  aggregates=501    
[27.4%] t=274.4 T0  aggregates=509    
[27.5%] t=274.5 T0  aggregates=506    
[27.5%] t=274.6 T0  aggregates=509    
[27.5%] t=274.7 T0  aggregates=512    
[27.5%] t=274.8 T0  aggregates=500    
[27.5%] t=274.9 T0  aggregates=513    
[27.5%] t=275.0 T0  aggregates=513    
[27.5%] t=275.1 T0  aggregates=517    
[27.5%] t=275.2 T0  aggregates=521    
[27.5%] t=275.3 T0  aggregates=529    
[27.5%] t=275.4 T0  aggregates=547    
[27.5%] t=275.5 T0  aggregates=534    
[27.6%] t=275.6 T0  aggregates=536    
[27.6%] t=275.7 T0  aggregates=538    
[27.6%] t=275.8 T0  aggregates=540    
[27.6%] t=275.9 T0  aggregates=545    
[27.6%] t=276.0 T0  aggregates=547    
[27.6%] t=276.1 T0  aggregates=540    
[27.6%] t=276.2 T0  aggregates=538    
[27.6%] t=276.3 T0  aggregates=540    
[27.6%] t=276.4 T0  aggregates=534    
[27.6%] t=276.5 T0  aggregates=530    
[27.7%] t=276.6 T0  aggregates=529    
[27.7%] t=276.7 T0  aggregates=520    
[27.7%] t=276.8 T0  aggregates=524    
[27.7%] t=276.9 T0  aggregates=524    
[27.7%] t=277.0 T0  aggregates=528    
[27.7%] t=277.1 T0  aggregates=526    
[27.7%] t=277.2 T0  aggregates=530    
[27.7%] t=277.3 T0  aggregates=533    
[27.7%] t=277.4 T0  aggregates=534    
[27.8%] t=277.5 T0  aggregates=540    
[27.8%] t=277.6 T0  aggregates=547    
[27.8%] t=277.7 T0  aggregates=534    
[27.8%] t=277.8 T0  aggregates=528    
[27.8%] t=277.9 T0  aggregates=539    
[27.8%] t=278.0 T0  aggregates=536    
[27.8%] t=278.1 T0  aggregates=541    
[27.8%] t=278.2 T0  aggregates=544    
[27.8%] t=278.3 T0  aggregates=543    
[27.8%] t=278.4 T0  aggregates=567    
[27.9%] t=278.5 T0  aggregates=565    
[27.9%] t=278.6 T0  aggregates=563    
[27.9%] t=278.7 T0  aggregates=570    
[27.9%] t=278.8 T0  aggregates=566    
[27.9%] t=278.9 T0  aggregates=564    
[27.9%] t=279.0 T0  aggregates=567    
[27.9%] t=279.1 T0  aggregates=562    
[27.9%] t=279.2 T0  aggregates=559    
[27.9%] t=279.3 T0  aggregates=557    
[27.9%] t=279.4 T0  aggregates=576    
[28.0%] t=279.5 T0  aggregates=572    
[28.0%] t=279.6 T0  aggregates=573    
[28.0%] t=279.7 T0  aggregates=568    
[28.0%] t=279.8 T0  aggregates=581    
[28.0%] t=279.9 T0  aggregates=584    
[28.0%] t=280.0 T0  aggregates=591    
[28.0%] t=280.1 T0  aggregates=604    
[28.0%] t=280.2 T0  aggregates=597    
[28.0%] t=280.3 T0  aggregates=598    
[28.0%] t=280.4 T0  aggregates=588    
[28.0%] t=280.5 T0  aggregates=594    
[28.1%] t=280.6 T0  aggregates=591    
[28.1%] t=280.7 T0  aggregates=598    
[28.1%] t=280.8 T0  aggregates=596    
[28.1%] t=280.9 T0  aggregates=600    
[28.1%] t=281.0 T0  aggregates=604    
[28.1%] t=281.1 T0  aggregates=606    
[28.1%] t=281.2 T0  aggregates=608    
[28.1%] t=281.3 T0  aggregates=609    
[28.1%] t=281.4 T0  aggregates=607    
[28.1%] t=281.5 T0  aggregates=598    
[28.2%] t=281.6 T0  aggregates=601    
[28.2%] t=281.7 T0  aggregates=595    
[28.2%] t=281.8 T0  aggregates=608    
[28.2%] t=281.9 T0  aggregates=603    
[28.2%] t=282.0 T0  aggregates=609    
[28.2%] t=282.1 T0  aggregates=605    
[28.2%] t=282.2 T0  aggregates=597    
[28.2%] t=282.3 T0  aggregates=597    
[28.2%] t=282.4 T0  aggregates=596    
[28.2%] t=282.5 T0  aggregates=603    
[28.3%] t=282.6 T0  aggregates=602    
[28.3%] t=282.7 T0  aggregates=603    
[28.3%] t=282.8 T0  aggregates=604    
[28.3%] t=282.9 T0  aggregates=610    
[28.3%] t=283.0 T0  aggregates=600    
[28.3%] t=283.1 T0  aggregates=604    
[28.3%] t=283.2 T0  aggregates=614    
[28.3%] t=283.3 T0  aggregates=612    
[28.3%] t=283.4 T0  aggregates=620    
[28.4%] t=283.5 T0  aggregates=621    
[28.4%] t=283.6 T0  aggregates=627    
[28.4%] t=283.7 T0  aggregates=629    
[28.4%] t=283.8 T0  aggregates=637    
[28.4%] t=283.9 T0  aggregates=626    
[28.4%] t=284.0 T0  aggregates=643    
[28.4%] t=284.1 T0  aggregates=644    
[28.4%] t=284.2 T0  aggregates=638    
[28.4%] t=284.3 T0  aggregates=642    
[28.4%] t=284.4 T0  aggregates=639    
[28.5%] t=284.5 T0  aggregates=648    
[28.5%] t=284.6 T0  aggregates=640    
[28.5%] t=284.7 T0  aggregates=643    
[28.5%] t=284.8 T0  aggregates=632    
[28.5%] t=284.9 T0  aggregates=649    
[28.5%] t=285.0 T0  aggregates=625    
[28.5%] t=285.1 T0  aggregates=626    
[28.5%] t=285.2 T0  aggregates=611    
[28.5%] t=285.3 T0  aggregates=606    
[28.5%] t=285.4 T0  aggregates=601    
[28.5%] t=285.5 T0  aggregates=594    
[28.6%] t=285.6 T0  aggregates=578    
[28.6%] t=285.7 T0  aggregates=567    
[28.6%] t=285.8 T0  aggregates=563    
[28.6%] t=285.9 T0  aggregates=554    
[28.6%] t=286.0 T0  aggregates=550    
[28.6%] t=286.1 T0  aggregates=552    
[28.6%] t=286.2 T0  aggregates=547    
[28.6%] t=286.3 T0  aggregates=549    
[28.6%] t=286.4 T0  aggregates=538    
[28.6%] t=286.5 T0  aggregates=537    
[28.7%] t=286.6 T0  aggregates=534    
[28.7%] t=286.7 T0  aggregates=530    
[28.7%] t=286.8 T0  aggregates=527    
[28.7%] t=286.9 T0  aggregates=536    
[28.7%] t=287.0 T0  aggregates=533    
[28.7%] t=287.1 T0  aggregates=539    
[28.7%] t=287.2 T0  aggregates=526    
[28.7%] t=287.3 T0  aggregates=535    
[28.7%] t=287.4 T0  aggregates=528    
[28.8%] t=287.5 T0  aggregates=523    
[28.8%] t=287.6 T0  aggregates=540    
[28.8%] t=287.7 T0  aggregates=537    
[28.8%] t=287.8 T0  aggregates=545    
[28.8%] t=287.9 T0  aggregates=550    
[28.8%] t=288.0 T0  aggregates=551    
[28.8%] t=288.1 T0  aggregates=558    
[28.8%] t=288.2 T0  aggregates=568    
[28.8%] t=288.3 T0  aggregates=565    
[28.8%] t=288.4 T0  aggregates=562    
[28.9%] t=288.5 T0  aggregates=568    
[28.9%] t=288.6 T0  aggregates=563    
[28.9%] t=288.7 T0  aggregates=572    
[28.9%] t=288.8 T0  aggregates=575    
[28.9%] t=288.9 T0  aggregates=562    
[28.9%] t=289.0 T0  aggregates=573    
[28.9%] t=289.1 T0  aggregates=575    
[28.9%] t=289.2 T0  aggregates=576    
[28.9%] t=289.3 T0  aggregates=574    
[28.9%] t=289.4 T0  aggregates=579    
[29.0%] t=289.5 T0  aggregates=577    
[29.0%] t=289.6 T0  aggregates=577    
[29.0%] t=289.7 T0  aggregates=592    
[29.0%] t=289.8 T0  aggregates=601    
[29.0%] t=289.9 T0  aggregates=591    
[29.0%] t=290.0 T0  aggregates=587    
[29.0%] t=290.1 T0  aggregates=593    
[29.0%] t=290.2 T0  aggregates=593    
[29.0%] t=290.3 T0  aggregates=590    
[29.0%] t=290.4 T0  aggregates=595    
[29.0%] t=290.5 T0  aggregates=612    
[29.1%] t=290.6 T0  aggregates=588    
[29.1%] t=290.7 T0  aggregates=596    
[29.1%] t=290.8 T0  aggregates=596    
[29.1%] t=290.9 T0  aggregates=595    
[29.1%] t=291.0 T0  aggregates=581    
[29.1%] t=291.1 T0  aggregates=583    
[29.1%] t=291.2 T0  aggregates=574    
[29.1%] t=291.3 T0  aggregates=582    
[29.1%] t=291.4 T0  aggregates=568    
[29.1%] t=291.5 T0  aggregates=560    
[29.2%] t=291.6 T0  aggregates=565    
[29.2%] t=291.7 T0  aggregates=566    
[29.2%] t=291.8 T0  aggregates=574    
[29.2%] t=291.9 T0  aggregates=575    
[29.2%] t=292.0 T0  aggregates=564    
[29.2%] t=292.1 T0  aggregates=560    
[29.2%] t=292.2 T0  aggregates=557    
[29.2%] t=292.3 T0  aggregates=559    
[29.2%] t=292.4 T0  aggregates=571    
[29.2%] t=292.5 T0  aggregates=572    
[29.3%] t=292.6 T0  aggregates=565    
[29.3%] t=292.7 T0  aggregates=568    
[29.3%] t=292.8 T0  aggregates=573    
[29.3%] t=292.9 T0  aggregates=575    
[29.3%] t=293.0 T0  aggregates=581    
[29.3%] t=293.1 T0  aggregates=582    
[29.3%] t=293.2 T0  aggregates=588    
[29.3%] t=293.3 T0  aggregates=587    
[29.3%] t=293.4 T0  aggregates=590    
[29.4%] t=293.5 T0  aggregates=589    
[29.4%] t=293.6 T0  aggregates=594    
[29.4%] t=293.7 T0  aggregates=605    
[29.4%] t=293.8 T0  aggregates=603    
[29.4%] t=293.9 T0  aggregates=592    
[29.4%] t=294.0 T0  aggregates=588    
[29.4%] t=294.1 T0  aggregates=581    
[29.4%] t=294.2 T0  aggregates=573    
[29.4%] t=294.3 T0  aggregates=569    
[29.4%] t=294.4 T0  aggregates=571    
[29.5%] t=294.5 T0  aggregates=567    
[29.5%] t=294.6 T0  aggregates=568    
[29.5%] t=294.7 T0  aggregates=565    
[29.5%] t=294.8 T0  aggregates=556    
[29.5%] t=294.9 T0  aggregates=559    
[29.5%] t=295.0 T0  aggregates=556    
[29.5%] t=295.1 T0  aggregates=557    
[29.5%] t=295.2 T0  aggregates=547    
[29.5%] t=295.3 T0  aggregates=555    
[29.5%] t=295.4 T0  aggregates=549    
[29.5%] t=295.5 T0  aggregates=555    
[29.6%] t=295.6 T0  aggregates=559    
[29.6%] t=295.7 T0  aggregates=564    
[29.6%] t=295.8 T0  aggregates=549    
[29.6%] t=295.9 T0  aggregates=557    
[29.6%] t=296.0 T0  aggregates=558    
[29.6%] t=296.1 T0  aggregates=553    
[29.6%] t=296.2 T0  aggregates=542    
[29.6%] t=296.3 T0  aggregates=536    
[29.6%] t=296.4 T0  aggregates=546    
[29.6%] t=296.5 T0  aggregates=533    
[29.7%] t=296.6 T0  aggregates=524    
[29.7%] t=296.7 T0  aggregates=532    
[29.7%] t=296.8 T0  aggregates=522    
[29.7%] t=296.9 T0  aggregates=525    
[29.7%] t=297.0 T0  aggregates=497    
[29.7%] t=297.1 T0  aggregates=503    
[29.7%] t=297.2 T0  aggregates=498    
[29.7%] t=297.3 T0  aggregates=500    
[29.7%] t=297.4 T0  aggregates=506    
[29.8%] t=297.5 T0  aggregates=488    
[29.8%] t=297.6 T0  aggregates=494    
[29.8%] t=297.7 T0  aggregates=494    
[29.8%] t=297.8 T0  aggregates=493    
[29.8%] t=297.9 T0  aggregates=474    
[29.8%] t=298.0 T0  aggregates=471    
[29.8%] t=298.1 T0  aggregates=469    
[29.8%] t=298.2 T0  aggregates=477    
[29.8%] t=298.3 T0  aggregates=466    
[29.8%] t=298.4 T0  aggregates=450    
[29.9%] t=298.5 T0  aggregates=460    
[29.9%] t=298.6 T0  aggregates=464    
[29.9%] t=298.7 T0  aggregates=468    
[29.9%] t=298.8 T0  aggregates=474    
[29.9%] t=298.9 T0  aggregates=475    
[29.9%] t=299.0 T0  aggregates=475    
[29.9%] t=299.1 T0  aggregates=472    
[29.9%] t=299.2 T0  aggregates=478    
[29.9%] t=299.3 T0  aggregates=477    
[29.9%] t=299.4 T0  aggregates=479    
[30.0%] t=299.5 T0  aggregates=475    
[30.0%] t=299.6 T0  aggregates=484    
[30.0%] t=299.7 T0  aggregates=475    
[30.0%] t=299.8 T0  aggregates=481    
[30.0%] t=299.9 T0  aggregates=474    
[30.0%] t=300.0 T0  aggregates=463    
[30.0%] t=300.1 T0  aggregates=461    
[30.0%] t=300.2 T0  aggregates=483    
[30.0%] t=300.3 T0  aggregates=464    
[30.0%] t=300.4 T0  aggregates=466    
[30.0%] t=300.5 T0  aggregates=470    
[30.1%] t=300.6 T0  aggregates=475    
[30.1%] t=300.7 T0  aggregates=474    
[30.1%] t=300.8 T0  aggregates=487    
[30.1%] t=300.9 T0  aggregates=488    
[30.1%] t=301.0 T0  aggregates=478    
[30.1%] t=301.1 T0  aggregates=488    
[30.1%] t=301.2 T0  aggregates=485    
[30.1%] t=301.3 T0  aggregates=485    
[30.1%] t=301.4 T0  aggregates=493    
[30.1%] t=301.5 T0  aggregates=499    
[30.2%] t=301.6 T0  aggregates=496    
[30.2%] t=301.7 T0  aggregates=498    
[30.2%] t=301.8 T0  aggregates=487    
[30.2%] t=301.9 T0  aggregates=481    
[30.2%] t=302.0 T0  aggregates=485    
[30.2%] t=302.1 T0  aggregates=481    
[30.2%] t=302.2 T0  aggregates=491    
[30.2%] t=302.3 T0  aggregates=483    
[30.2%] t=302.4 T0  aggregates=485    
[30.2%] t=302.5 T0  aggregates=473    
[30.3%] t=302.6 T0  aggregates=490    
[30.3%] t=302.7 T0  aggregates=485    
[30.3%] t=302.8 T0  aggregates=477    
[30.3%] t=302.9 T0  aggregates=480    
[30.3%] t=303.0 T0  aggregates=459    
[30.3%] t=303.1 T0  aggregates=453    
[30.3%] t=303.2 T0  aggregates=450    
[30.3%] t=303.3 T0  aggregates=455    
[30.3%] t=303.4 T0  aggregates=435    
[30.4%] t=303.5 T0  aggregates=438    
[30.4%] t=303.6 T0  aggregates=452    
[30.4%] t=303.7 T0  aggregates=454    
[30.4%] t=303.8 T0  aggregates=443    
[30.4%] t=303.9 T0  aggregates=440    
[30.4%] t=304.0 T0  aggregates=433    
[30.4%] t=304.1 T0  aggregates=423    
[30.4%] t=304.2 T0  aggregates=425    
[30.4%] t=304.3 T0  aggregates=427    
[30.4%] t=304.4 T0  aggregates=431    
[30.5%] t=304.5 T0  aggregates=431    
[30.5%] t=304.6 T0  aggregates=439    
[30.5%] t=304.7 T0  aggregates=439    
[30.5%] t=304.8 T0  aggregates=456    
[30.5%] t=304.9 T0  aggregates=444    
[30.5%] t=305.0 T0  aggregates=457    
[30.5%] t=305.1 T0  aggregates=453    
[30.5%] t=305.2 T0  aggregates=442    
[30.5%] t=305.3 T0  aggregates=442    
[30.5%] t=305.4 T0  aggregates=433    
[30.5%] t=305.5 T0  aggregates=438    
[30.6%] t=305.6 T0  aggregates=430    
[30.6%] t=305.7 T0  aggregates=425    
[30.6%] t=305.8 T0  aggregates=426    
[30.6%] t=305.9 T0  aggregates=436    
[30.6%] t=306.0 T0  aggregates=436    
[30.6%] t=306.1 T0  aggregates=425    
[30.6%] t=306.2 T0  aggregates=435    
[30.6%] t=306.3 T0  aggregates=433    
[30.6%] t=306.4 T0  aggregates=459    
[30.6%] t=306.5 T0  aggregates=443    
[30.7%] t=306.6 T0  aggregates=442    
[30.7%] t=306.7 T0  aggregates=434    
[30.7%] t=306.8 T0  aggregates=435    
[30.7%] t=306.9 T0  aggregates=442    
[30.7%] t=307.0 T0  aggregates=446    
[30.7%] t=307.1 T0  aggregates=448    
[30.7%] t=307.2 T0  aggregates=445    
[30.7%] t=307.3 T0  aggregates=436    
[30.7%] t=307.4 T0  aggregates=441    
[30.8%] t=307.5 T0  aggregates=450    
[30.8%] t=307.6 T0  aggregates=445    
[30.8%] t=307.7 T0  aggregates=444    
[30.8%] t=307.8 T0  aggregates=447    
[30.8%] t=307.9 T0  aggregates=444    
[30.8%] t=308.0 T0  aggregates=448    
[30.8%] t=308.1 T0  aggregates=460    
[30.8%] t=308.2 T0  aggregates=466    
[30.8%] t=308.3 T0  aggregates=460    
[30.8%] t=308.4 T0  aggregates=466    
[30.9%] t=308.5 T0  aggregates=478    
[30.9%] t=308.6 T0  aggregates=476    
[30.9%] t=308.7 T0  aggregates=474    
[30.9%] t=308.8 T0  aggregates=482    
[30.9%] t=308.9 T0  aggregates=492    
[30.9%] t=309.0 T0  aggregates=491    
[30.9%] t=309.1 T0  aggregates=489    
[30.9%] t=309.2 T0  aggregates=492    
[30.9%] t=309.3 T0  aggregates=495    
[30.9%] t=309.4 T0  aggregates=507    
[31.0%] t=309.5 T0  aggregates=507    
[31.0%] t=309.6 T0  aggregates=520    
[31.0%] t=309.7 T0  aggregates=512    
[31.0%] t=309.8 T0  aggregates=518    
[31.0%] t=309.9 T0  aggregates=525    
[31.0%] t=310.0 T0  aggregates=526    
[31.0%] t=310.1 T0  aggregates=526    
[31.0%] t=310.2 T0  aggregates=535    
[31.0%] t=310.3 T0  aggregates=542    
[31.0%] t=310.4 T0  aggregates=540    
[31.0%] t=310.5 T0  aggregates=542    
[31.1%] t=310.6 T0  aggregates=554    
[31.1%] t=310.7 T0  aggregates=551    
[31.1%] t=310.8 T0  aggregates=568    
[31.1%] t=310.9 T0  aggregates=565    
[31.1%] t=311.0 T0  aggregates=570    
[31.1%] t=311.1 T0  aggregates=566    
[31.1%] t=311.2 T0  aggregates=570    
[31.1%] t=311.3 T0  aggregates=590    
[31.1%] t=311.4 T0  aggregates=592    
[31.1%] t=311.5 T0  aggregates=591    
[31.2%] t=311.6 T0  aggregates=582    
[31.2%] t=311.7 T0  aggregates=592    
[31.2%] t=311.8 T0  aggregates=591    
[31.2%] t=311.9 T0  aggregates=585    
[31.2%] t=312.0 T0  aggregates=605    
[31.2%] t=312.1 T0  aggregates=596    
[31.2%] t=312.2 T0  aggregates=601    
[31.2%] t=312.3 T0  aggregates=605    
[31.2%] t=312.4 T0  aggregates=601    
[31.2%] t=312.5 T0  aggregates=605    
[31.3%] t=312.6 T0  aggregates=608    
[31.3%] t=312.7 T0  aggregates=610    
[31.3%] t=312.8 T0  aggregates=613    
[31.3%] t=312.9 T0  aggregates=594    
[31.3%] t=313.0 T0  aggregates=594    
[31.3%] t=313.1 T0  aggregates=593    
[31.3%] t=313.2 T0  aggregates=609    
[31.3%] t=313.3 T0  aggregates=606    
[31.3%] t=313.4 T0  aggregates=601    
[31.4%] t=313.5 T0  aggregates=595    
[31.4%] t=313.6 T0  aggregates=599    
[31.4%] t=313.7 T0  aggregates=590    
[31.4%] t=313.8 T0  aggregates=598    
[31.4%] t=313.9 T0  aggregates=605    
[31.4%] t=314.0 T0  aggregates=608    
[31.4%] t=314.1 T0  aggregates=591    
[31.4%] t=314.2 T0  aggregates=599    
[31.4%] t=314.3 T0  aggregates=602    
[31.4%] t=314.4 T0  aggregates=602    
[31.5%] t=314.5 T0  aggregates=598    
[31.5%] t=314.6 T0  aggregates=598    
[31.5%] t=314.7 T0  aggregates=595    
[31.5%] t=314.8 T0  aggregates=601    
[31.5%] t=314.9 T0  aggregates=614    
[31.5%] t=315.0 T0  aggregates=608    
[31.5%] t=315.1 T0  aggregates=605    
[31.5%] t=315.2 T0  aggregates=621    
[31.5%] t=315.3 T0  aggregates=609    
[31.5%] t=315.4 T0  aggregates=606    
[31.5%] t=315.5 T0  aggregates=592    
[31.6%] t=315.6 T0  aggregates=586    
[31.6%] t=315.7 T0  aggregates=578    
[31.6%] t=315.8 T0  aggregates=576    
[31.6%] t=315.9 T0  aggregates=584    
[31.6%] t=316.0 T0  aggregates=590    
[31.6%] t=316.1 T0  aggregates=588    
[31.6%] t=316.2 T0  aggregates=583    
[31.6%] t=316.3 T0  aggregates=582    
[31.6%] t=316.4 T0  aggregates=570    
[31.6%] t=316.5 T0  aggregates=567    
[31.7%] t=316.6 T0  aggregates=573    
[31.7%] t=316.7 T0  aggregates=558    
[31.7%] t=316.8 T0  aggregates=571    
[31.7%] t=316.9 T0  aggregates=567    
[31.7%] t=317.0 T0  aggregates=568    
[31.7%] t=317.1 T0  aggregates=573    
[31.7%] t=317.2 T0  aggregates=567    
[31.7%] t=317.3 T0  aggregates=567    
[31.7%] t=317.4 T0  aggregates=546    
[31.8%] t=317.5 T0  aggregates=551    
[31.8%] t=317.6 T0  aggregates=556    
[31.8%] t=317.7 T0  aggregates=553    
[31.8%] t=317.8 T0  aggregates=556    
[31.8%] t=317.9 T0  aggregates=571    
[31.8%] t=318.0 T0  aggregates=554    
[31.8%] t=318.1 T0  aggregates=556    
[31.8%] t=318.2 T0  aggregates=535    
[31.8%] t=318.3 T0  aggregates=538    
[31.8%] t=318.4 T0  aggregates=538    
[31.9%] t=318.5 T0  aggregates=546    
[31.9%] t=318.6 T0  aggregates=538    
[31.9%] t=318.7 T0  aggregates=537    
[31.9%] t=318.8 T0  aggregates=531    
[31.9%] t=318.9 T0  aggregates=524    
[31.9%] t=319.0 T0  aggregates=547    
[31.9%] t=319.1 T0  aggregates=541    
[31.9%] t=319.2 T0  aggregates=543    
[31.9%] t=319.3 T0  aggregates=517    
[31.9%] t=319.4 T0  aggregates=520    
[32.0%] t=319.5 T0  aggregates=524    
[32.0%] t=319.6 T0  aggregates=525    
[32.0%] t=319.7 T0  aggregates=530    
[32.0%] t=319.8 T0  aggregates=527    
[32.0%] t=319.9 T0  aggregates=536    
[32.0%] t=320.0 T0  aggregates=533    
[32.0%] t=320.1 T0  aggregates=528    
[32.0%] t=320.2 T0  aggregates=524    
[32.0%] t=320.3 T0  aggregates=533    
[32.0%] t=320.4 T0  aggregates=532    
[32.0%] t=320.5 T0  aggregates=521    
[32.1%] t=320.6 T0  aggregates=523    
[32.1%] t=320.7 T0  aggregates=517    
[32.1%] t=320.8 T0  aggregates=512    
[32.1%] t=320.9 T0  aggregates=509    
[32.1%] t=321.0 T0  aggregates=506    
[32.1%] t=321.1 T0  aggregates=505    
[32.1%] t=321.2 T0  aggregates=515    
[32.1%] t=321.3 T0  aggregates=500    
[32.1%] t=321.4 T0  aggregates=498    
[32.2%] t=321.5 T0  aggregates=496    
[32.2%] t=321.6 T0  aggregates=494    
[32.2%] t=321.7 T0  aggregates=485    
[32.2%] t=321.8 T0  aggregates=484    
[32.2%] t=321.9 T0  aggregates=504    
[32.2%] t=322.0 T0  aggregates=477    
[32.2%] t=322.1 T0  aggregates=494    
[32.2%] t=322.2 T0  aggregates=486    
[32.2%] t=322.3 T0  aggregates=500    
[32.2%] t=322.4 T0  aggregates=495    
[32.2%] t=322.5 T0  aggregates=488    
[32.3%] t=322.6 T0  aggregates=486    
[32.3%] t=322.7 T0  aggregates=485    
[32.3%] t=322.8 T0  aggregates=492    
[32.3%] t=322.9 T0  aggregates=495    
[32.3%] t=323.0 T0  aggregates=504    
[32.3%] t=323.1 T0  aggregates=507    
[32.3%] t=323.2 T0  aggregates=500    
[32.3%] t=323.3 T0  aggregates=512    
[32.3%] t=323.4 T0  aggregates=506    
[32.3%] t=323.5 T0  aggregates=498    
[32.4%] t=323.6 T0  aggregates=506    
[32.4%] t=323.7 T0  aggregates=507    
[32.4%] t=323.8 T0  aggregates=514    
[32.4%] t=323.9 T0  aggregates=521    
[32.4%] t=324.0 T0  aggregates=511    
[32.4%] t=324.1 T0  aggregates=521    
[32.4%] t=324.2 T0  aggregates=518    
[32.4%] t=324.3 T0  aggregates=530    
[32.4%] t=324.4 T0  aggregates=519    
[32.5%] t=324.5 T0  aggregates=513    
[32.5%] t=324.6 T0  aggregates=517    
[32.5%] t=324.7 T0  aggregates=501    
[32.5%] t=324.8 T0  aggregates=497    
[32.5%] t=324.9 T0  aggregates=513    
[32.5%] t=325.0 T0  aggregates=501    
[32.5%] t=325.1 T0  aggregates=506    
[32.5%] t=325.2 T0  aggregates=509    
[32.5%] t=325.3 T0  aggregates=514    
[32.5%] t=325.4 T0  aggregates=494    
[32.5%] t=325.5 T0  aggregates=488    
[32.6%] t=325.6 T0  aggregates=505    
[32.6%] t=325.7 T0  aggregates=494    
[32.6%] t=325.8 T0  aggregates=497    
[32.6%] t=325.9 T0  aggregates=497    
[32.6%] t=326.0 T0  aggregates=479    
[32.6%] t=326.1 T0  aggregates=494    
[32.6%] t=326.2 T0  aggregates=487    
[32.6%] t=326.3 T0  aggregates=481    
[32.6%] t=326.4 T0  aggregates=482    
[32.7%] t=326.5 T0  aggregates=474    
[32.7%] t=326.6 T0  aggregates=481    
[32.7%] t=326.7 T0  aggregates=471    
[32.7%] t=326.8 T0  aggregates=473    
[32.7%] t=326.9 T0  aggregates=480    
[32.7%] t=327.0 T0  aggregates=492    
[32.7%] t=327.1 T0  aggregates=489    
[32.7%] t=327.2 T0  aggregates=491    
[32.7%] t=327.3 T0  aggregates=489    
[32.7%] t=327.4 T0  aggregates=479    
[32.8%] t=327.5 T0  aggregates=495    
[32.8%] t=327.6 T0  aggregates=491    
[32.8%] t=327.7 T0  aggregates=485    
[32.8%] t=327.8 T0  aggregates=498    
[32.8%] t=327.9 T0  aggregates=486    
[32.8%] t=328.0 T0  aggregates=500    
[32.8%] t=328.1 T0  aggregates=504    
[32.8%] t=328.2 T0  aggregates=495    
[32.8%] t=328.3 T0  aggregates=497    
[32.8%] t=328.4 T0  aggregates=491    
[32.8%] t=328.5 T0  aggregates=487    
[32.9%] t=328.6 T0  aggregates=485    
[32.9%] t=328.7 T0  aggregates=503    
[32.9%] t=328.8 T0  aggregates=482    
[32.9%] t=328.9 T0  aggregates=490    
[32.9%] t=329.0 T0  aggregates=499    
[32.9%] t=329.1 T0  aggregates=496    
[32.9%] t=329.2 T0  aggregates=511    
[32.9%] t=329.3 T0  aggregates=497    
[32.9%] t=329.4 T0  aggregates=503    
[33.0%] t=329.5 T0  aggregates=507    
[33.0%] t=329.6 T0  aggregates=514    
[33.0%] t=329.7 T0  aggregates=505    
[33.0%] t=329.8 T0  aggregates=515    
[33.0%] t=329.9 T0  aggregates=516    
[33.0%] t=330.0 T0  aggregates=499    
[33.0%] t=330.1 T0  aggregates=514    
[33.0%] t=330.2 T0  aggregates=513    
[33.0%] t=330.3 T0  aggregates=510    
[33.0%] t=330.4 T0  aggregates=517    
[33.0%] t=330.5 T0  aggregates=516    
[33.1%] t=330.6 T0  aggregates=518    
[33.1%] t=330.7 T0  aggregates=520    
[33.1%] t=330.8 T0  aggregates=535    
[33.1%] t=330.9 T0  aggregates=527    
[33.1%] t=331.0 T0  aggregates=519    
[33.1%] t=331.1 T0  aggregates=538    
[33.1%] t=331.2 T0  aggregates=523    
[33.1%] t=331.3 T0  aggregates=531    
[33.1%] t=331.4 T0  aggregates=531    
[33.2%] t=331.5 T0  aggregates=522    
[33.2%] t=331.6 T0  aggregates=527    
[33.2%] t=331.7 T0  aggregates=538    
[33.2%] t=331.8 T0  aggregates=552    
[33.2%] t=331.9 T0  aggregates=544    
[33.2%] t=332.0 T0  aggregates=550    
[33.2%] t=332.1 T0  aggregates=556    
[33.2%] t=332.2 T0  aggregates=556    
[33.2%] t=332.3 T0  aggregates=562    
[33.2%] t=332.4 T0  aggregates=564    
[33.2%] t=332.5 T0  aggregates=565    
[33.3%] t=332.6 T0  aggregates=571    
[33.3%] t=332.7 T0  aggregates=574    
[33.3%] t=332.8 T0  aggregates=572    
[33.3%] t=332.9 T0  aggregates=557    
[33.3%] t=333.0 T0  aggregates=546    
[33.3%] t=333.1 T0  aggregates=566    
[33.3%] t=333.2 T0  aggregates=558    
[33.3%] t=333.3 T0  aggregates=566    
[33.3%] t=333.4 T0  aggregates=566    
[33.3%] t=333.5 T0  aggregates=585    
[33.4%] t=333.6 T0  aggregates=585    
[33.4%] t=333.7 T0  aggregates=590    
[33.4%] t=333.8 T0  aggregates=593    
[33.4%] t=333.9 T0  aggregates=601    
[33.4%] t=334.0 T0  aggregates=598    
[33.4%] t=334.1 T0  aggregates=592    
[33.4%] t=334.2 T0  aggregates=585    
[33.4%] t=334.3 T0  aggregates=596    
[33.4%] t=334.4 T0  aggregates=595    
[33.5%] t=334.5 T0  aggregates=576    
[33.5%] t=334.6 T0  aggregates=578    
[33.5%] t=334.7 T0  aggregates=584    
[33.5%] t=334.8 T0  aggregates=574    
[33.5%] t=334.9 T0  aggregates=582    
[33.5%] t=335.0 T0  aggregates=568    
[33.5%] t=335.1 T0  aggregates=580    
[33.5%] t=335.2 T0  aggregates=563    
[33.5%] t=335.3 T0  aggregates=560    
[33.5%] t=335.4 T0  aggregates=568    
[33.5%] t=335.5 T0  aggregates=551    
[33.6%] t=335.6 T0  aggregates=545    
[33.6%] t=335.7 T0  aggregates=533    
[33.6%] t=335.8 T0  aggregates=540    
[33.6%] t=335.9 T0  aggregates=556    
[33.6%] t=336.0 T0  aggregates=555    
[33.6%] t=336.1 T0  aggregates=548    
[33.6%] t=336.2 T0  aggregates=544    
[33.6%] t=336.3 T0  aggregates=543    
[33.6%] t=336.4 T0  aggregates=533    
[33.7%] t=336.5 T0  aggregates=539    
[33.7%] t=336.6 T0  aggregates=530    
[33.7%] t=336.7 T0  aggregates=523    
[33.7%] t=336.8 T0  aggregates=521    
[33.7%] t=336.9 T0  aggregates=523    
[33.7%] t=337.0 T0  aggregates=524    
[33.7%] t=337.1 T0  aggregates=528    
[33.7%] t=337.2 T0  aggregates=530    
[33.7%] t=337.3 T0  aggregates=531    
[33.7%] t=337.4 T0  aggregates=519    
[33.8%] t=337.5 T0  aggregates=517    
[33.8%] t=337.6 T0  aggregates=518    
[33.8%] t=337.7 T0  aggregates=520    
[33.8%] t=337.8 T0  aggregates=507    
[33.8%] t=337.9 T0  aggregates=510    
[33.8%] t=338.0 T0  aggregates=513    
[33.8%] t=338.1 T0  aggregates=522    
[33.8%] t=338.2 T0  aggregates=509    
[33.8%] t=338.3 T0  aggregates=512    
[33.8%] t=338.4 T0  aggregates=518    
[33.8%] t=338.5 T0  aggregates=523    
[33.9%] t=338.6 T0  aggregates=525    
[33.9%] t=338.7 T0  aggregates=509    
[33.9%] t=338.8 T0  aggregates=511    
[33.9%] t=338.9 T0  aggregates=518    
[33.9%] t=339.0 T0  aggregates=521    
[33.9%] t=339.1 T0  aggregates=528    
[33.9%] t=339.2 T0  aggregates=544    
[33.9%] t=339.3 T0  aggregates=518    
[33.9%] t=339.4 T0  aggregates=523    
[34.0%] t=339.5 T0  aggregates=511    
[34.0%] t=339.6 T0  aggregates=518    
[34.0%] t=339.7 T0  aggregates=511    
[34.0%] t=339.8 T0  aggregates=510    
[34.0%] t=339.9 T0  aggregates=506    
[34.0%] t=340.0 T0  aggregates=502    
[34.0%] t=340.1 T0  aggregates=512    
[34.0%] t=340.2 T0  aggregates=510    
[34.0%] t=340.3 T0  aggregates=506    
[34.0%] t=340.4 T0  aggregates=530    
[34.0%] t=340.5 T0  aggregates=534    
[34.1%] t=340.6 T0  aggregates=524    
[34.1%] t=340.7 T0  aggregates=533    
[34.1%] t=340.8 T0  aggregates=532    
[34.1%] t=340.9 T0  aggregates=535    
[34.1%] t=341.0 T0  aggregates=519    
[34.1%] t=341.1 T0  aggregates=522    
[34.1%] t=341.2 T0  aggregates=508    
[34.1%] t=341.3 T0  aggregates=516    
[34.1%] t=341.4 T0  aggregates=521    
[34.2%] t=341.5 T0  aggregates=528    
[34.2%] t=341.6 T0  aggregates=528    
[34.2%] t=341.7 T0  aggregates=542    
[34.2%] t=341.8 T0  aggregates=538    
[34.2%] t=341.9 T0  aggregates=540    
[34.2%] t=342.0 T0  aggregates=536    
[34.2%] t=342.1 T0  aggregates=536    
[34.2%] t=342.2 T0  aggregates=551    
[34.2%] t=342.3 T0  aggregates=550    
[34.2%] t=342.4 T0  aggregates=553    
[34.2%] t=342.5 T0  aggregates=552    
[34.3%] t=342.6 T0  aggregates=571    
[34.3%] t=342.7 T0  aggregates=559    
[34.3%] t=342.8 T0  aggregates=554    
[34.3%] t=342.9 T0  aggregates=560    
[34.3%] t=343.0 T0  aggregates=551    
[34.3%] t=343.1 T0  aggregates=548    
[34.3%] t=343.2 T0  aggregates=574    
[34.3%] t=343.3 T0  aggregates=574    
[34.3%] t=343.4 T0  aggregates=561    
[34.3%] t=343.5 T0  aggregates=575    
[34.4%] t=343.6 T0  aggregates=580    
[34.4%] t=343.7 T0  aggregates=573    
[34.4%] t=343.8 T0  aggregates=565    
[34.4%] t=343.9 T0  aggregates=576    
[34.4%] t=344.0 T0  aggregates=577    
[34.4%] t=344.1 T0  aggregates=576    
[34.4%] t=344.2 T0  aggregates=569    
[34.4%] t=344.3 T0  aggregates=582    
[34.4%] t=344.4 T0  aggregates=584    
[34.5%] t=344.5 T0  aggregates=575    
[34.5%] t=344.6 T0  aggregates=578    
[34.5%] t=344.7 T0  aggregates=571    
[34.5%] t=344.8 T0  aggregates=583    
[34.5%] t=344.9 T0  aggregates=595    
[34.5%] t=345.0 T0  aggregates=580    
[34.5%] t=345.1 T0  aggregates=594    
[34.5%] t=345.2 T0  aggregates=591    
[34.5%] t=345.3 T0  aggregates=593    
[34.5%] t=345.4 T0  aggregates=602    
[34.5%] t=345.5 T0  aggregates=589    
[34.6%] t=345.6 T0  aggregates=585    
[34.6%] t=345.7 T0  aggregates=588    
[34.6%] t=345.8 T0  aggregates=600    
[34.6%] t=345.9 T0  aggregates=594    
[34.6%] t=346.0 T0  aggregates=585    
[34.6%] t=346.1 T0  aggregates=589    
[34.6%] t=346.2 T0  aggregates=598    
[34.6%] t=346.3 T0  aggregates=599    
[34.6%] t=346.4 T0  aggregates=594    
[34.7%] t=346.5 T0  aggregates=579    
[34.7%] t=346.6 T0  aggregates=585    
[34.7%] t=346.7 T0  aggregates=580    
[34.7%] t=346.8 T0  aggregates=588    
[34.7%] t=346.9 T0  aggregates=580    
[34.7%] t=347.0 T0  aggregates=570    
[34.7%] t=347.1 T0  aggregates=575    
[34.7%] t=347.2 T0  aggregates=565    
[34.7%] t=347.3 T0  aggregates=578    
[34.7%] t=347.4 T0  aggregates=588    
[34.8%] t=347.5 T0  aggregates=586    
[34.8%] t=347.6 T0  aggregates=575    
[34.8%] t=347.7 T0  aggregates=582    
[34.8%] t=347.8 T0  aggregates=582    
[34.8%] t=347.9 T0  aggregates=574    
[34.8%] t=348.0 T0  aggregates=584    
[34.8%] t=348.1 T0  aggregates=573    
[34.8%] t=348.2 T0  aggregates=578    
[34.8%] t=348.3 T0  aggregates=580    
[34.8%] t=348.4 T0  aggregates=582    
[34.8%] t=348.5 T0  aggregates=583    
[34.9%] t=348.6 T0  aggregates=591    
[34.9%] t=348.7 T0  aggregates=583    
[34.9%] t=348.8 T0  aggregates=570    
[34.9%] t=348.9 T0  aggregates=565    
[34.9%] t=349.0 T0  aggregates=555    
[34.9%] t=349.1 T0  aggregates=557    
[34.9%] t=349.2 T0  aggregates=552    
[34.9%] t=349.3 T0  aggregates=550    
[34.9%] t=349.4 T0  aggregates=549    
[35.0%] t=349.5 T0  aggregates=551    
[35.0%] t=349.6 T0  aggregates=552    
[35.0%] t=349.7 T0  aggregates=545    
[35.0%] t=349.8 T0  aggregates=564    
[35.0%] t=349.9 T0  aggregates=543    
[35.0%] t=350.0 T0  aggregates=549    
[35.0%] t=350.1 T0  aggregates=542    
[35.0%] t=350.2 T0  aggregates=544    
[35.0%] t=350.3 T0  aggregates=535    
[35.0%] t=350.4 T0  aggregates=531    
[35.0%] t=350.5 T0  aggregates=535    
[35.1%] t=350.6 T0  aggregates=539    
[35.1%] t=350.7 T0  aggregates=534    
[35.1%] t=350.8 T0  aggregates=537    
[35.1%] t=350.9 T0  aggregates=542    
[35.1%] t=351.0 T0  aggregates=539    
[35.1%] t=351.1 T0  aggregates=536    
[35.1%] t=351.2 T0  aggregates=532    
[35.1%] t=351.3 T0  aggregates=528    
[35.1%] t=351.4 T0  aggregates=530    
[35.2%] t=351.5 T0  aggregates=519    
[35.2%] t=351.6 T0  aggregates=512    
[35.2%] t=351.7 T0  aggregates=515    
[35.2%] t=351.8 T0  aggregates=502    
[35.2%] t=351.9 T0  aggregates=493    
[35.2%] t=352.0 T0  aggregates=491    
[35.2%] t=352.1 T0  aggregates=488    
[35.2%] t=352.2 T0  aggregates=485    
[35.2%] t=352.3 T0  aggregates=484    
[35.2%] t=352.4 T0  aggregates=491    
[35.2%] t=352.5 T0  aggregates=500    
[35.3%] t=352.6 T0  aggregates=507    
[35.3%] t=352.7 T0  aggregates=508    
[35.3%] t=352.8 T0  aggregates=505    
[35.3%] t=352.9 T0  aggregates=497    
[35.3%] t=353.0 T0  aggregates=491    
[35.3%] t=353.1 T0  aggregates=489    
[35.3%] t=353.2 T0  aggregates=502    
[35.3%] t=353.3 T0  aggregates=511    
[35.3%] t=353.4 T0  aggregates=485    
[35.3%] t=353.5 T0  aggregates=495    
[35.4%] t=353.6 T0  aggregates=498    
[35.4%] t=353.7 T0  aggregates=500    
[35.4%] t=353.8 T0  aggregates=503    
[35.4%] t=353.9 T0  aggregates=500    
[35.4%] t=354.0 T0  aggregates=514    
[35.4%] t=354.1 T0  aggregates=501    
[35.4%] t=354.2 T0  aggregates=471    
[35.4%] t=354.3 T0  aggregates=474    
[35.4%] t=354.4 T0  aggregates=476    
[35.5%] t=354.5 T0  aggregates=475    
[35.5%] t=354.6 T0  aggregates=481    
[35.5%] t=354.7 T0  aggregates=465    
[35.5%] t=354.8 T0  aggregates=454    
[35.5%] t=354.9 T0  aggregates=466    
[35.5%] t=355.0 T0  aggregates=465    
[35.5%] t=355.1 T0  aggregates=457    
[35.5%] t=355.2 T0  aggregates=455    
[35.5%] t=355.3 T0  aggregates=449    
[35.5%] t=355.4 T0  aggregates=462    
[35.5%] t=355.5 T0  aggregates=457    
[35.6%] t=355.6 T0  aggregates=455    
[35.6%] t=355.7 T0  aggregates=465    
[35.6%] t=355.8 T0  aggregates=461    
[35.6%] t=355.9 T0  aggregates=451    
[35.6%] t=356.0 T0  aggregates=463    
[35.6%] t=356.1 T0  aggregates=474    
[35.6%] t=356.2 T0  aggregates=468    
[35.6%] t=356.3 T0  aggregates=459    
[35.6%] t=356.4 T0  aggregates=455    
[35.7%] t=356.5 T0  aggregates=459    
[35.7%] t=356.6 T0  aggregates=456    
[35.7%] t=356.7 T0  aggregates=463    
[35.7%] t=356.8 T0  aggregates=462    
[35.7%] t=356.9 T0  aggregates=474    
[35.7%] t=357.0 T0  aggregates=483    
[35.7%] t=357.1 T0  aggregates=482    
[35.7%] t=357.2 T0  aggregates=477    
[35.7%] t=357.3 T0  aggregates=474    
[35.7%] t=357.4 T0  aggregates=471    
[35.8%] t=357.5 T0  aggregates=480    
[35.8%] t=357.6 T0  aggregates=477    
[35.8%] t=357.7 T0  aggregates=483    
[35.8%] t=357.8 T0  aggregates=488    
[35.8%] t=357.9 T0  aggregates=483    
[35.8%] t=358.0 T0  aggregates=491    
[35.8%] t=358.1 T0  aggregates=482    
[35.8%] t=358.2 T0  aggregates=485    
[35.8%] t=358.3 T0  aggregates=483    
[35.8%] t=358.4 T0  aggregates=487    
[35.8%] t=358.5 T0  aggregates=488    
[35.9%] t=358.6 T0  aggregates=501    
[35.9%] t=358.7 T0  aggregates=493    
[35.9%] t=358.8 T0  aggregates=497    
[35.9%] t=358.9 T0  aggregates=510    
[35.9%] t=359.0 T0  aggregates=518    
[35.9%] t=359.1 T0  aggregates=511    
[35.9%] t=359.2 T0  aggregates=512    
[35.9%] t=359.3 T0  aggregates=527    
[35.9%] t=359.4 T0  aggregates=521    
[36.0%] t=359.5 T0  aggregates=516    
[36.0%] t=359.6 T0  aggregates=509    
[36.0%] t=359.7 T0  aggregates=520    
[36.0%] t=359.8 T0  aggregates=519    
[36.0%] t=359.9 T0  aggregates=527    
[36.0%] t=360.0 T0  aggregates=533    
[36.0%] t=360.1 T0  aggregates=528    
[36.0%] t=360.2 T0  aggregates=543    
[36.0%] t=360.3 T0  aggregates=543    
[36.0%] t=360.4 T0  aggregates=542    
[36.0%] t=360.5 T0  aggregates=555    
[36.1%] t=360.6 T0  aggregates=553    
[36.1%] t=360.7 T0  aggregates=562    
[36.1%] t=360.8 T0  aggregates=558    
[36.1%] t=360.9 T0  aggregates=556    
[36.1%] t=361.0 T0  aggregates=563    
[36.1%] t=361.1 T0  aggregates=569    
[36.1%] t=361.2 T0  aggregates=565    
[36.1%] t=361.3 T0  aggregates=561    
[36.1%] t=361.4 T0  aggregates=554    
[36.2%] t=361.5 T0  aggregates=559    
[36.2%] t=361.6 T0  aggregates=558    
[36.2%] t=361.7 T0  aggregates=557    
[36.2%] t=361.8 T0  aggregates=563    
[36.2%] t=361.9 T0  aggregates=566    
[36.2%] t=362.0 T0  aggregates=567    
[36.2%] t=362.1 T0  aggregates=570    
[36.2%] t=362.2 T0  aggregates=570    
[36.2%] t=362.3 T0  aggregates=566    
[36.2%] t=362.4 T0  aggregates=574    
[36.2%] t=362.5 T0  aggregates=574    
[36.3%] t=362.6 T0  aggregates=573    
[36.3%] t=362.7 T0  aggregates=575    
[36.3%] t=362.8 T0  aggregates=576    
[36.3%] t=362.9 T0  aggregates=589    
[36.3%] t=363.0 T0  aggregates=584    
[36.3%] t=363.1 T0  aggregates=580    
[36.3%] t=363.2 T0  aggregates=576    
[36.3%] t=363.3 T0  aggregates=577    
[36.3%] t=363.4 T0  aggregates=576    
[36.3%] t=363.5 T0  aggregates=570    
[36.4%] t=363.6 T0  aggregates=569    
[36.4%] t=363.7 T0  aggregates=574    
[36.4%] t=363.8 T0  aggregates=574    
[36.4%] t=363.9 T0  aggregates=584    
[36.4%] t=364.0 T0  aggregates=590    
[36.4%] t=364.1 T0  aggregates=599    
[36.4%] t=364.2 T0  aggregates=592    
[36.4%] t=364.3 T0  aggregates=593    
[36.4%] t=364.4 T0  aggregates=588    
[36.5%] t=364.5 T0  aggregates=597    
[36.5%] t=364.6 T0  aggregates=601    
[36.5%] t=364.7 T0  aggregates=599    
[36.5%] t=364.8 T0  aggregates=594    
[36.5%] t=364.9 T0  aggregates=593    
[36.5%] t=365.0 T0  aggregates=593    
[36.5%] t=365.1 T0  aggregates=600    
[36.5%] t=365.2 T0  aggregates=596    
[36.5%] t=365.3 T0  aggregates=588    
[36.5%] t=365.4 T0  aggregates=582    
[36.5%] t=365.5 T0  aggregates=577    
[36.6%] t=365.6 T0  aggregates=582    
[36.6%] t=365.7 T0  aggregates=578    
[36.6%] t=365.8 T0  aggregates=573    
[36.6%] t=365.9 T0  aggregates=581    
[36.6%] t=366.0 T0  aggregates=588    
[36.6%] t=366.1 T0  aggregates=587    
[36.6%] t=366.2 T0  aggregates=604    
[36.6%] t=366.3 T0  aggregates=598    
[36.6%] t=366.4 T0  aggregates=590    
[36.7%] t=366.5 T0  aggregates=598    
[36.7%] t=366.6 T0  aggregates=591    
[36.7%] t=366.7 T0  aggregates=593    
[36.7%] t=366.8 T0  aggregates=593    
[36.7%] t=366.9 T0  aggregates=590    
[36.7%] t=367.0 T0  aggregates=599    
[36.7%] t=367.1 T0  aggregates=601    
[36.7%] t=367.2 T0  aggregates=615    
[36.7%] t=367.3 T0  aggregates=599    
[36.7%] t=367.4 T0  aggregates=601    
[36.8%] t=367.5 T0  aggregates=596    
[36.8%] t=367.6 T0  aggregates=603    
[36.8%] t=367.7 T0  aggregates=602    
[36.8%] t=367.8 T0  aggregates=605    
[36.8%] t=367.9 T0  aggregates=607    
[36.8%] t=368.0 T0  aggregates=599    
[36.8%] t=368.1 T0  aggregates=605    
[36.8%] t=368.2 T0  aggregates=602    
[36.8%] t=368.3 T0  aggregates=605    
[36.8%] t=368.4 T0  aggregates=607    
[36.8%] t=368.5 T0  aggregates=602    
[36.9%] t=368.6 T0  aggregates=600    
[36.9%] t=368.7 T0  aggregates=603    
[36.9%] t=368.8 T0  aggregates=603    
[36.9%] t=368.9 T0  aggregates=596    
[36.9%] t=369.0 T0  aggregates=599    
[36.9%] t=369.1 T0  aggregates=608    
[36.9%] t=369.2 T0  aggregates=600    
[36.9%] t=369.3 T0  aggregates=593    
[36.9%] t=369.4 T0  aggregates=586    
[37.0%] t=369.5 T0  aggregates=589    
[37.0%] t=369.6 T0  aggregates=594    
[37.0%] t=369.7 T0  aggregates=587    
[37.0%] t=369.8 T0  aggregates=580    
[37.0%] t=369.9 T0  aggregates=576    
[37.0%] t=370.0 T0  aggregates=576    
[37.0%] t=370.1 T0  aggregates=576    
[37.0%] t=370.2 T0  aggregates=574    
[37.0%] t=370.3 T0  aggregates=569    
[37.0%] t=370.4 T0  aggregates=581    
[37.0%] t=370.5 T0  aggregates=567    
[37.1%] t=370.6 T0  aggregates=576    
[37.1%] t=370.7 T0  aggregates=573    
[37.1%] t=370.8 T0  aggregates=569    
[37.1%] t=370.9 T0  aggregates=571    
[37.1%] t=371.0 T0  aggregates=567    
[37.1%] t=371.1 T0  aggregates=562    
[37.1%] t=371.2 T0  aggregates=558    
[37.1%] t=371.3 T0  aggregates=563    
[37.1%] t=371.4 T0  aggregates=567    
[37.2%] t=371.5 T0  aggregates=572    
[37.2%] t=371.6 T0  aggregates=576    
[37.2%] t=371.7 T0  aggregates=581    
[37.2%] t=371.8 T0  aggregates=574    
[37.2%] t=371.9 T0  aggregates=570    
[37.2%] t=372.0 T0  aggregates=568    
[37.2%] t=372.1 T0  aggregates=558    
[37.2%] t=372.2 T0  aggregates=563    
[37.2%] t=372.3 T0  aggregates=566    
[37.2%] t=372.4 T0  aggregates=546    
[37.2%] t=372.5 T0  aggregates=546    
[37.3%] t=372.6 T0  aggregates=543    
[37.3%] t=372.7 T0  aggregates=552    
[37.3%] t=372.8 T0  aggregates=555    
[37.3%] t=372.9 T0  aggregates=551    
[37.3%] t=373.0 T0  aggregates=552    
[37.3%] t=373.1 T0  aggregates=550    
[37.3%] t=373.2 T0  aggregates=545    
[37.3%] t=373.3 T0  aggregates=544    
[37.3%] t=373.4 T0  aggregates=544    
[37.3%] t=373.5 T0  aggregates=548    
[37.4%] t=373.6 T0  aggregates=553    
[37.4%] t=373.7 T0  aggregates=546    
[37.4%] t=373.8 T0  aggregates=538    
[37.4%] t=373.9 T0  aggregates=536    
[37.4%] t=374.0 T0  aggregates=528    
[37.4%] t=374.1 T0  aggregates=531    
[37.4%] t=374.2 T0  aggregates=533    
[37.4%] t=374.3 T0  aggregates=534    
[37.4%] t=374.4 T0  aggregates=535    
[37.5%] t=374.5 T0  aggregates=535    
[37.5%] t=374.6 T0  aggregates=551    
[37.5%] t=374.7 T0  aggregates=555    
[37.5%] t=374.8 T0  aggregates=555    
[37.5%] t=374.9 T0  aggregates=553    
[37.5%] t=375.0 T0  aggregates=540    
[37.5%] t=375.1 T0  aggregates=537    
[37.5%] t=375.2 T0  aggregates=538    
[37.5%] t=375.3 T0  aggregates=548    
[37.5%] t=375.4 T0  aggregates=554    
[37.5%] t=375.5 T0  aggregates=544    
[37.6%] t=375.6 T0  aggregates=549    
[37.6%] t=375.7 T0  aggregates=537    
[37.6%] t=375.8 T0  aggregates=546    
[37.6%] t=375.9 T0  aggregates=544    
[37.6%] t=376.0 T0  aggregates=548    
[37.6%] t=376.1 T0  aggregates=538    
[37.6%] t=376.2 T0  aggregates=535    
[37.6%] t=376.3 T0  aggregates=546    
[37.6%] t=376.4 T0  aggregates=536    
[37.7%] t=376.5 T0  aggregates=540    
[37.7%] t=376.6 T0  aggregates=550    
[37.7%] t=376.7 T0  aggregates=546    
[37.7%] t=376.8 T0  aggregates=531    
[37.7%] t=376.9 T0  aggregates=527    
[37.7%] t=377.0 T0  aggregates=530    
[37.7%] t=377.1 T0  aggregates=532    
[37.7%] t=377.2 T0  aggregates=526    
[37.7%] t=377.3 T0  aggregates=522    
[37.7%] t=377.4 T0  aggregates=526    
[37.8%] t=377.5 T0  aggregates=526    
[37.8%] t=377.6 T0  aggregates=517    
[37.8%] t=377.7 T0  aggregates=516    
[37.8%] t=377.8 T0  aggregates=503    
[37.8%] t=377.9 T0  aggregates=501    
[37.8%] t=378.0 T0  aggregates=490    
[37.8%] t=378.1 T0  aggregates=491    
[37.8%] t=378.2 T0  aggregates=497    
[37.8%] t=378.3 T0  aggregates=485    
[37.8%] t=378.4 T0  aggregates=481    
[37.8%] t=378.5 T0  aggregates=472    
[37.9%] t=378.6 T0  aggregates=476    
[37.9%] t=378.7 T0  aggregates=471    
[37.9%] t=378.8 T0  aggregates=467    
[37.9%] t=378.9 T0  aggregates=473    
[37.9%] t=379.0 T0  aggregates=472    
[37.9%] t=379.1 T0  aggregates=467    
[37.9%] t=379.2 T0  aggregates=469    
[37.9%] t=379.3 T0  aggregates=477    
[37.9%] t=379.4 T0  aggregates=483    
[38.0%] t=379.5 T0  aggregates=486    
[38.0%] t=379.6 T0  aggregates=486    
[38.0%] t=379.7 T0  aggregates=474    
[38.0%] t=379.8 T0  aggregates=481    
[38.0%] t=379.9 T0  aggregates=493    
[38.0%] t=380.0 T0  aggregates=485    
[38.0%] t=380.1 T0  aggregates=477    
[38.0%] t=380.2 T0  aggregates=486    
[38.0%] t=380.3 T0  aggregates=476    
[38.0%] t=380.4 T0  aggregates=481    
[38.0%] t=380.5 T0  aggregates=469    
[38.1%] t=380.6 T0  aggregates=468    
[38.1%] t=380.7 T0  aggregates=466    
[38.1%] t=380.8 T0  aggregates=460    
[38.1%] t=380.9 T0  aggregates=462    
[38.1%] t=381.0 T0  aggregates=464    
[38.1%] t=381.1 T0  aggregates=460    
[38.1%] t=381.2 T0  aggregates=446    
[38.1%] t=381.3 T0  aggregates=447    
[38.1%] t=381.4 T0  aggregates=444    
[38.2%] t=381.5 T0  aggregates=453    
[38.2%] t=381.6 T0  aggregates=453    
[38.2%] t=381.7 T0  aggregates=448    
[38.2%] t=381.8 T0  aggregates=450    
[38.2%] t=381.9 T0  aggregates=456    
[38.2%] t=382.0 T0  aggregates=448    
[38.2%] t=382.1 T0  aggregates=449    
[38.2%] t=382.2 T0  aggregates=439    
[38.2%] t=382.3 T0  aggregates=448    
[38.2%] t=382.4 T0  aggregates=450    
[38.2%] t=382.5 T0  aggregates=447    
[38.3%] t=382.6 T0  aggregates=447    
[38.3%] t=382.7 T0  aggregates=453    
[38.3%] t=382.8 T0  aggregates=438    
[38.3%] t=382.9 T0  aggregates=446    
[38.3%] t=383.0 T0  aggregates=437    
[38.3%] t=383.1 T0  aggregates=434    
[38.3%] t=383.2 T0  aggregates=447    
[38.3%] t=383.3 T0  aggregates=446    
[38.3%] t=383.4 T0  aggregates=425    
[38.3%] t=383.5 T0  aggregates=424    
[38.4%] t=383.6 T0  aggregates=436    
[38.4%] t=383.7 T0  aggregates=432    
[38.4%] t=383.8 T0  aggregates=431    
[38.4%] t=383.9 T0  aggregates=436    
[38.4%] t=384.0 T0  aggregates=419    
[38.4%] t=384.1 T0  aggregates=433    
[38.4%] t=384.2 T0  aggregates=430    
[38.4%] t=384.3 T0  aggregates=429    
[38.4%] t=384.4 T0  aggregates=424    
[38.5%] t=384.5 T0  aggregates=419    
[38.5%] t=384.6 T0  aggregates=433    
[38.5%] t=384.7 T0  aggregates=428    
[38.5%] t=384.8 T0  aggregates=422    
[38.5%] t=384.9 T0  aggregates=444    
[38.5%] t=385.0 T0  aggregates=423    
[38.5%] t=385.1 T0  aggregates=435    
[38.5%] t=385.2 T0  aggregates=436    
[38.5%] t=385.3 T0  aggregates=432    
[38.5%] t=385.4 T0  aggregates=436    
[38.5%] t=385.5 T0  aggregates=445    
[38.6%] t=385.6 T0  aggregates=441    
[38.6%] t=385.7 T0  aggregates=444    
[38.6%] t=385.8 T0  aggregates=447    
[38.6%] t=385.9 T0  aggregates=436    
[38.6%] t=386.0 T0  aggregates=427    
[38.6%] t=386.1 T0  aggregates=431    
[38.6%] t=386.2 T0  aggregates=429    
[38.6%] t=386.3 T0  aggregates=432    
[38.6%] t=386.4 T0  aggregates=432    
[38.7%] t=386.5 T0  aggregates=428    
[38.7%] t=386.6 T0  aggregates=429    
[38.7%] t=386.7 T0  aggregates=428    
[38.7%] t=386.8 T0  aggregates=416    
[38.7%] t=386.9 T0  aggregates=435    
[38.7%] t=387.0 T0  aggregates=429    
[38.7%] t=387.1 T0  aggregates=425    
[38.7%] t=387.2 T0  aggregates=436    
[38.7%] t=387.3 T0  aggregates=426    
[38.7%] t=387.4 T0  aggregates=418    
[38.8%] t=387.5 T0  aggregates=428    
[38.8%] t=387.6 T0  aggregates=434    
[38.8%] t=387.7 T0  aggregates=427    
[38.8%] t=387.8 T0  aggregates=425    
[38.8%] t=387.9 T0  aggregates=430    
[38.8%] t=388.0 T0  aggregates=430    
[38.8%] t=388.1 T0  aggregates=427    
[38.8%] t=388.2 T0  aggregates=434    
[38.8%] t=388.3 T0  aggregates=434    
[38.8%] t=388.4 T0  aggregates=435    
[38.8%] t=388.5 T0  aggregates=436    
[38.9%] t=388.6 T0  aggregates=439    
[38.9%] t=388.7 T0  aggregates=444    
[38.9%] t=388.8 T0  aggregates=445    
[38.9%] t=388.9 T0  aggregates=450    
[38.9%] t=389.0 T0  aggregates=450    
[38.9%] t=389.1 T0  aggregates=445    
[38.9%] t=389.2 T0  aggregates=450    
[38.9%] t=389.3 T0  aggregates=460    
[38.9%] t=389.4 T0  aggregates=437    
[39.0%] t=389.5 T0  aggregates=452    
[39.0%] t=389.6 T0  aggregates=447    
[39.0%] t=389.7 T0  aggregates=469    
[39.0%] t=389.8 T0  aggregates=454    
[39.0%] t=389.9 T0  aggregates=461    
[39.0%] t=390.0 T0  aggregates=462    
[39.0%] t=390.1 T0  aggregates=456    
[39.0%] t=390.2 T0  aggregates=456    
[39.0%] t=390.3 T0  aggregates=468    
[39.0%] t=390.4 T0  aggregates=464    
[39.0%] t=390.5 T0  aggregates=462    
[39.1%] t=390.6 T0  aggregates=472    
[39.1%] t=390.7 T0  aggregates=471    
[39.1%] t=390.8 T0  aggregates=469    
[39.1%] t=390.9 T0  aggregates=490    
[39.1%] t=391.0 T0  aggregates=479    
[39.1%] t=391.1 T0  aggregates=474    
[39.1%] t=391.2 T0  aggregates=468    
[39.1%] t=391.3 T0  aggregates=471    
[39.1%] t=391.4 T0  aggregates=470    
[39.2%] t=391.5 T0  aggregates=479    
[39.2%] t=391.6 T0  aggregates=468    
[39.2%] t=391.7 T0  aggregates=467    
[39.2%] t=391.8 T0  aggregates=473    
[39.2%] t=391.9 T0  aggregates=467    
[39.2%] t=392.0 T0  aggregates=463    
[39.2%] t=392.1 T0  aggregates=455    
[39.2%] t=392.2 T0  aggregates=457    
[39.2%] t=392.3 T0  aggregates=450    
[39.2%] t=392.4 T0  aggregates=444    
[39.2%] t=392.5 T0  aggregates=438    
[39.3%] t=392.6 T0  aggregates=436    
[39.3%] t=392.7 T0  aggregates=434    
[39.3%] t=392.8 T0  aggregates=434    
[39.3%] t=392.9 T0  aggregates=425    
[39.3%] t=393.0 T0  aggregates=428    
[39.3%] t=393.1 T0  aggregates=411    
[39.3%] t=393.2 T0  aggregates=435    
[39.3%] t=393.3 T0  aggregates=428    
[39.3%] t=393.4 T0  aggregates=414    
[39.3%] t=393.5 T0  aggregates=417    
[39.4%] t=393.6 T0  aggregates=409    
[39.4%] t=393.7 T0  aggregates=402    
[39.4%] t=393.8 T0  aggregates=411    
[39.4%] t=393.9 T0  aggregates=394    
[39.4%] t=394.0 T0  aggregates=396    
[39.4%] t=394.1 T0  aggregates=409    
[39.4%] t=394.2 T0  aggregates=411    
[39.4%] t=394.3 T0  aggregates=416    
[39.4%] t=394.4 T0  aggregates=402    
[39.5%] t=394.5 T0  aggregates=404    
[39.5%] t=394.6 T0  aggregates=403    
[39.5%] t=394.7 T0  aggregates=404    
[39.5%] t=394.8 T0  aggregates=398    
[39.5%] t=394.9 T0  aggregates=389    
[39.5%] t=395.0 T0  aggregates=393    
[39.5%] t=395.1 T0  aggregates=383    
[39.5%] t=395.2 T0  aggregates=381    
[39.5%] t=395.3 T0  aggregates=388    
[39.5%] t=395.4 T0  aggregates=377    
[39.5%] t=395.5 T0  aggregates=385    
[39.6%] t=395.6 T0  aggregates=382    
[39.6%] t=395.7 T0  aggregates=391    
[39.6%] t=395.8 T0  aggregates=377    
[39.6%] t=395.9 T0  aggregates=388    
[39.6%] t=396.0 T0  aggregates=385    
[39.6%] t=396.1 T0  aggregates=392    
[39.6%] t=396.2 T0  aggregates=393    
[39.6%] t=396.3 T0  aggregates=390    
[39.6%] t=396.4 T0  aggregates=401    
[39.7%] t=396.5 T0  aggregates=391    
[39.7%] t=396.6 T0  aggregates=383    
[39.7%] t=396.7 T0  aggregates=395    
[39.7%] t=396.8 T0  aggregates=389    
[39.7%] t=396.9 T0  aggregates=389    
[39.7%] t=397.0 T0  aggregates=388    
[39.7%] t=397.1 T0  aggregates=393    
[39.7%] t=397.2 T0  aggregates=390    
[39.7%] t=397.3 T0  aggregates=382    
[39.7%] t=397.4 T0  aggregates=395    
[39.8%] t=397.5 T0  aggregates=389    
[39.8%] t=397.6 T0  aggregates=396    
[39.8%] t=397.7 T0  aggregates=396    
[39.8%] t=397.8 T0  aggregates=392    
[39.8%] t=397.9 T0  aggregates=367    
[39.8%] t=398.0 T0  aggregates=370    
[39.8%] t=398.1 T0  aggregates=381    
[39.8%] t=398.2 T0  aggregates=383    
[39.8%] t=398.3 T0  aggregates=388    
[39.8%] t=398.4 T0  aggregates=398    
[39.8%] t=398.5 T0  aggregates=387    
[39.9%] t=398.6 T0  aggregates=398    
[39.9%] t=398.7 T0  aggregates=391    
[39.9%] t=398.8 T0  aggregates=383    
[39.9%] t=398.9 T0  aggregates=366    
[39.9%] t=399.0 T0  aggregates=369    
[39.9%] t=399.1 T0  aggregates=372    
[39.9%] t=399.2 T0  aggregates=384    
[39.9%] t=399.3 T0  aggregates=378    
[39.9%] t=399.4 T0  aggregates=394    
[40.0%] t=399.5 T0  aggregates=386    
[40.0%] t=399.6 T0  aggregates=379    
[40.0%] t=399.7 T0  aggregates=384    
[40.0%] t=399.8 T0  aggregates=390    
[40.0%] t=399.9 T0  aggregates=388    
[40.0%] t=400.0 T0  aggregates=379    
[40.0%] t=400.1 T0  aggregates=382    
[40.0%] t=400.2 T0  aggregates=386    
[40.0%] t=400.3 T0  aggregates=393    
[40.0%] t=400.4 T0  aggregates=388    
[40.0%] t=400.5 T0  aggregates=381    
[40.1%] t=400.6 T0  aggregates=381    
[40.1%] t=400.7 T0  aggregates=394    
[40.1%] t=400.8 T0  aggregates=387    
[40.1%] t=400.9 T0  aggregates=393    
[40.1%] t=401.0 T0  aggregates=393    
[40.1%] t=401.1 T0  aggregates=391    
[40.1%] t=401.2 T0  aggregates=396    
[40.1%] t=401.3 T0  aggregates=395    
[40.1%] t=401.4 T0  aggregates=402    
[40.2%] t=401.5 T0  aggregates=397    
[40.2%] t=401.6 T0  aggregates=409    
[40.2%] t=401.7 T0  aggregates=411    
[40.2%] t=401.8 T0  aggregates=411    
[40.2%] t=401.9 T0  aggregates=417    
[40.2%] t=402.0 T0  aggregates=408    
[40.2%] t=402.1 T0  aggregates=416    
[40.2%] t=402.2 T0  aggregates=414    
[40.2%] t=402.3 T0  aggregates=440    
[40.2%] t=402.4 T0  aggregates=438    
[40.2%] t=402.5 T0  aggregates=432    
[40.3%] t=402.6 T0  aggregates=416    
[40.3%] t=402.7 T0  aggregates=417    
[40.3%] t=402.8 T0  aggregates=424    
[40.3%] t=402.9 T0  aggregates=428    
[40.3%] t=403.0 T0  aggregates=426    
[40.3%] t=403.1 T0  aggregates=423    
[40.3%] t=403.2 T0  aggregates=437    
[40.3%] t=403.3 T0  aggregates=444    
[40.3%] t=403.4 T0  aggregates=438    
[40.3%] t=403.5 T0  aggregates=427    
[40.4%] t=403.6 T0  aggregates=437    
[40.4%] t=403.7 T0  aggregates=423    
[40.4%] t=403.8 T0  aggregates=432    
[40.4%] t=403.9 T0  aggregates=433    
[40.4%] t=404.0 T0  aggregates=463    
[40.4%] t=404.1 T0  aggregates=455    
[40.4%] t=404.2 T0  aggregates=471    
[40.4%] t=404.3 T0  aggregates=452    
[40.4%] t=404.4 T0  aggregates=444    
[40.5%] t=404.5 T0  aggregates=433    
[40.5%] t=404.6 T0  aggregates=446    
[40.5%] t=404.7 T0  aggregates=433    
[40.5%] t=404.8 T0  aggregates=435    
[40.5%] t=404.9 T0  aggregates=434    
[40.5%] t=405.0 T0  aggregates=447    
[40.5%] t=405.1 T0  aggregates=458    
[40.5%] t=405.2 T0  aggregates=466    
[40.5%] t=405.3 T0  aggregates=449    
[40.5%] t=405.4 T0  aggregates=466    
[40.5%] t=405.5 T0  aggregates=451    
[40.6%] t=405.6 T0  aggregates=432    
[40.6%] t=405.7 T0  aggregates=445    
[40.6%] t=405.8 T0  aggregates=441    
[40.6%] t=405.9 T0  aggregates=441    
[40.6%] t=406.0 T0  aggregates=443    
[40.6%] t=406.1 T0  aggregates=442    
[40.6%] t=406.2 T0  aggregates=450    
[40.6%] t=406.3 T0  aggregates=443    
[40.6%] t=406.4 T0  aggregates=447    
[40.7%] t=406.5 T0  aggregates=440    
[40.7%] t=406.6 T0  aggregates=448    
[40.7%] t=406.7 T0  aggregates=445    
[40.7%] t=406.8 T0  aggregates=434    
[40.7%] t=406.9 T0  aggregates=445    
[40.7%] t=407.0 T0  aggregates=435    
[40.7%] t=407.1 T0  aggregates=451    
[40.7%] t=407.2 T0  aggregates=456    
[40.7%] t=407.3 T0  aggregates=444    
[40.7%] t=407.4 T0  aggregates=453    
[40.8%] t=407.5 T0  aggregates=456    
[40.8%] t=407.6 T0  aggregates=460    
[40.8%] t=407.7 T0  aggregates=455    
[40.8%] t=407.8 T0  aggregates=458    
[40.8%] t=407.9 T0  aggregates=452    
[40.8%] t=408.0 T0  aggregates=450    
[40.8%] t=408.1 T0  aggregates=448    
[40.8%] t=408.2 T0  aggregates=450    
[40.8%] t=408.3 T0  aggregates=447    
[40.8%] t=408.4 T0  aggregates=456    
[40.8%] t=408.5 T0  aggregates=439    
[40.9%] t=408.6 T0  aggregates=437    
[40.9%] t=408.7 T0  aggregates=441    
[40.9%] t=408.8 T0  aggregates=446    
[40.9%] t=408.9 T0  aggregates=445    
[40.9%] t=409.0 T0  aggregates=438    
[40.9%] t=409.1 T0  aggregates=441    
[40.9%] t=409.2 T0  aggregates=430    
[40.9%] t=409.3 T0  aggregates=444    
[40.9%] t=409.4 T0  aggregates=440    
[41.0%] t=409.5 T0  aggregates=443    
[41.0%] t=409.6 T0  aggregates=440    
[41.0%] t=409.7 T0  aggregates=439    
[41.0%] t=409.8 T0  aggregates=441    
[41.0%] t=409.9 T0  aggregates=440    
[41.0%] t=410.0 T0  aggregates=437    
[41.0%] t=410.1 T0  aggregates=464    
[41.0%] t=410.2 T0  aggregates=464    
[41.0%] t=410.3 T0  aggregates=451    
[41.0%] t=410.4 T0  aggregates=447    
[41.0%] t=410.5 T0  aggregates=438    
[41.1%] t=410.6 T0  aggregates=435    
[41.1%] t=410.7 T0  aggregates=435    
[41.1%] t=410.8 T0  aggregates=432    
[41.1%] t=410.9 T0  aggregates=430    
[41.1%] t=411.0 T0  aggregates=426    
[41.1%] t=411.1 T0  aggregates=443    
[41.1%] t=411.2 T0  aggregates=425    
[41.1%] t=411.3 T0  aggregates=423    
[41.1%] t=411.4 T0  aggregates=428    
[41.2%] t=411.5 T0  aggregates=422    
[41.2%] t=411.6 T0  aggregates=419    
[41.2%] t=411.7 T0  aggregates=415    
[41.2%] t=411.8 T0  aggregates=424    
[41.2%] t=411.9 T0  aggregates=424    
[41.2%] t=412.0 T0  aggregates=427    
[41.2%] t=412.1 T0  aggregates=429    
[41.2%] t=412.2 T0  aggregates=428    
[41.2%] t=412.3 T0  aggregates=423    
[41.2%] t=412.4 T0  aggregates=433    
[41.2%] t=412.5 T0  aggregates=427    
[41.3%] t=412.6 T0  aggregates=444    
[41.3%] t=412.7 T0  aggregates=435    
[41.3%] t=412.8 T0  aggregates=423    
[41.3%] t=412.9 T0  aggregates=411    
[41.3%] t=413.0 T0  aggregates=415    
[41.3%] t=413.1 T0  aggregates=420    
[41.3%] t=413.2 T0  aggregates=413    
[41.3%] t=413.3 T0  aggregates=410    
[41.3%] t=413.4 T0  aggregates=423    
[41.3%] t=413.5 T0  aggregates=442    
[41.4%] t=413.6 T0  aggregates=422    
[41.4%] t=413.7 T0  aggregates=419    
[41.4%] t=413.8 T0  aggregates=413    
[41.4%] t=413.9 T0  aggregates=401    
[41.4%] t=414.0 T0  aggregates=420    
[41.4%] t=414.1 T0  aggregates=412    
[41.4%] t=414.2 T0  aggregates=403    
[41.4%] t=414.3 T0  aggregates=407    
[41.4%] t=414.4 T0  aggregates=398    
[41.5%] t=414.5 T0  aggregates=410    
[41.5%] t=414.6 T0  aggregates=394    
[41.5%] t=414.7 T0  aggregates=407    
[41.5%] t=414.8 T0  aggregates=406    
[41.5%] t=414.9 T0  aggregates=401    
[41.5%] t=415.0 T0  aggregates=412    
[41.5%] t=415.1 T0  aggregates=404    
[41.5%] t=415.2 T0  aggregates=390    
[41.5%] t=415.3 T0  aggregates=389    
[41.5%] t=415.4 T0  aggregates=378    
[41.5%] t=415.5 T0  aggregates=389    
[41.6%] t=415.6 T0  aggregates=382    
[41.6%] t=415.7 T0  aggregates=379    
[41.6%] t=415.8 T0  aggregates=387    
[41.6%] t=415.9 T0  aggregates=383    
[41.6%] t=416.0 T0  aggregates=378    
[41.6%] t=416.1 T0  aggregates=393    
[41.6%] t=416.2 T0  aggregates=394    
[41.6%] t=416.3 T0  aggregates=384    
[41.6%] t=416.4 T0  aggregates=373    
[41.7%] t=416.5 T0  aggregates=378    
[41.7%] t=416.6 T0  aggregates=372    
[41.7%] t=416.7 T0  aggregates=392    
[41.7%] t=416.8 T0  aggregates=375    
[41.7%] t=416.9 T0  aggregates=384    
[41.7%] t=417.0 T0  aggregates=391    
[41.7%] t=417.1 T0  aggregates=383    
[41.7%] t=417.2 T0  aggregates=383    
[41.7%] t=417.3 T0  aggregates=388    
[41.7%] t=417.4 T0  aggregates=406    
[41.8%] t=417.5 T0  aggregates=384    
[41.8%] t=417.6 T0  aggregates=384    
[41.8%] t=417.7 T0  aggregates=383    
[41.8%] t=417.8 T0  aggregates=384    
[41.8%] t=417.9 T0  aggregates=393    
[41.8%] t=418.0 T0  aggregates=386    
[41.8%] t=418.1 T0  aggregates=387    
[41.8%] t=418.2 T0  aggregates=376    
[41.8%] t=418.3 T0  aggregates=359    
[41.8%] t=418.4 T0  aggregates=370    
[41.8%] t=418.5 T0  aggregates=366    
[41.9%] t=418.6 T0  aggregates=377    
[41.9%] t=418.7 T0  aggregates=363    
[41.9%] t=418.8 T0  aggregates=352    
[41.9%] t=418.9 T0  aggregates=378    
[41.9%] t=419.0 T0  aggregates=380    
[41.9%] t=419.1 T0  aggregates=363    
[41.9%] t=419.2 T0  aggregates=373    
[41.9%] t=419.3 T0  aggregates=372    
[41.9%] t=419.4 T0  aggregates=366    
[42.0%] t=419.5 T0  aggregates=361    
[42.0%] t=419.6 T0  aggregates=361    
[42.0%] t=419.7 T0  aggregates=355    
[42.0%] t=419.8 T0  aggregates=367    
[42.0%] t=419.9 T0  aggregates=360    
[42.0%] t=420.0 T0  aggregates=358    
[42.0%] t=420.1 T0  aggregates=364    
[42.0%] t=420.2 T0  aggregates=372    
[42.0%] t=420.3 T0  aggregates=368    
[42.0%] t=420.4 T0  aggregates=358    
[42.0%] t=420.5 T0  aggregates=378    
[42.1%] t=420.6 T0  aggregates=362    
[42.1%] t=420.7 T0  aggregates=346    
[42.1%] t=420.8 T0  aggregates=342    
[42.1%] t=420.9 T0  aggregates=358    
[42.1%] t=421.0 T0  aggregates=345    
[42.1%] t=421.1 T0  aggregates=341    
[42.1%] t=421.2 T0  aggregates=345    
[42.1%] t=421.3 T0  aggregates=363    
[42.1%] t=421.4 T0  aggregates=364    
[42.2%] t=421.5 T0  aggregates=376    
[42.2%] t=421.6 T0  aggregates=381    
[42.2%] t=421.7 T0  aggregates=371    
[42.2%] t=421.8 T0  aggregates=355    
[42.2%] t=421.9 T0  aggregates=349    
[42.2%] t=422.0 T0  aggregates=360    
[42.2%] t=422.1 T0  aggregates=368    
[42.2%] t=422.2 T0  aggregates=356    
[42.2%] t=422.3 T0  aggregates=374    
[42.2%] t=422.4 T0  aggregates=382    
[42.2%] t=422.5 T0  aggregates=378    
[42.3%] t=422.6 T0  aggregates=359    
[42.3%] t=422.7 T0  aggregates=363    
[42.3%] t=422.8 T0  aggregates=361    
[42.3%] t=422.9 T0  aggregates=355    
[42.3%] t=423.0 T0  aggregates=363    
[42.3%] t=423.1 T0  aggregates=367    
[42.3%] t=423.2 T0  aggregates=343    
[42.3%] t=423.3 T0  aggregates=347    
[42.3%] t=423.4 T0  aggregates=349    
[42.3%] t=423.5 T0  aggregates=344    
[42.4%] t=423.6 T0  aggregates=345    
[42.4%] t=423.7 T0  aggregates=344    
[42.4%] t=423.8 T0  aggregates=360    
[42.4%] t=423.9 T0  aggregates=366    
[42.4%] t=424.0 T0  aggregates=351    
[42.4%] t=424.1 T0  aggregates=359    
[42.4%] t=424.2 T0  aggregates=361    
[42.4%] t=424.3 T0  aggregates=355    
[42.4%] t=424.4 T0  aggregates=335    
[42.5%] t=424.5 T0  aggregates=340    
[42.5%] t=424.6 T0  aggregates=340    
[42.5%] t=424.7 T0  aggregates=354    
[42.5%] t=424.8 T0  aggregates=362    
[42.5%] t=424.9 T0  aggregates=366    
[42.5%] t=425.0 T0  aggregates=355    
[42.5%] t=425.1 T0  aggregates=355    
[42.5%] t=425.2 T0  aggregates=366    
[42.5%] t=425.3 T0  aggregates=352    
[42.5%] t=425.4 T0  aggregates=352    
[42.5%] t=425.5 T0  aggregates=354    
[42.6%] t=425.6 T0  aggregates=371    
[42.6%] t=425.7 T0  aggregates=359    
[42.6%] t=425.8 T0  aggregates=358    
[42.6%] t=425.9 T0  aggregates=357    
[42.6%] t=426.0 T0  aggregates=359    
[42.6%] t=426.1 T0  aggregates=365    
[42.6%] t=426.2 T0  aggregates=371    
[42.6%] t=426.3 T0  aggregates=366    
[42.6%] t=426.4 T0  aggregates=359    
[42.7%] t=426.5 T0  aggregates=376    
[42.7%] t=426.6 T0  aggregates=366    
[42.7%] t=426.7 T0  aggregates=371    
[42.7%] t=426.8 T0  aggregates=358    
[42.7%] t=426.9 T0  aggregates=363    
[42.7%] t=427.0 T0  aggregates=365    
[42.7%] t=427.1 T0  aggregates=365    
[42.7%] t=427.2 T0  aggregates=369    
[42.7%] t=427.3 T0  aggregates=362    
[42.7%] t=427.4 T0  aggregates=374    
[42.8%] t=427.5 T0  aggregates=414    
[42.8%] t=427.6 T0  aggregates=413    
[42.8%] t=427.7 T0  aggregates=402    
[42.8%] t=427.8 T0  aggregates=397    
[42.8%] t=427.9 T0  aggregates=393    
[42.8%] t=428.0 T0  aggregates=390    
[42.8%] t=428.1 T0  aggregates=378    
[42.8%] t=428.2 T0  aggregates=363    
[42.8%] t=428.3 T0  aggregates=363    
[42.8%] t=428.4 T0  aggregates=355    
[42.8%] t=428.5 T0  aggregates=360    
[42.9%] t=428.6 T0  aggregates=356    
[42.9%] t=428.7 T0  aggregates=358    
[42.9%] t=428.8 T0  aggregates=356    
[42.9%] t=428.9 T0  aggregates=370    
[42.9%] t=429.0 T0  aggregates=363    
[42.9%] t=429.1 T0  aggregates=351    
[42.9%] t=429.2 T0  aggregates=382    
[42.9%] t=429.3 T0  aggregates=383    
[42.9%] t=429.4 T0  aggregates=381    
[43.0%] t=429.5 T0  aggregates=368    
[43.0%] t=429.6 T0  aggregates=363    
[43.0%] t=429.7 T0  aggregates=363    
[43.0%] t=429.8 T0  aggregates=359    
[43.0%] t=429.9 T0  aggregates=359    
[43.0%] t=430.0 T0  aggregates=346    
[43.0%] t=430.1 T0  aggregates=362    
[43.0%] t=430.2 T0  aggregates=358    
[43.0%] t=430.3 T0  aggregates=380    
[43.0%] t=430.4 T0  aggregates=366    
[43.0%] t=430.5 T0  aggregates=369    
[43.1%] t=430.6 T0  aggregates=368    
[43.1%] t=430.7 T0  aggregates=376    
[43.1%] t=430.8 T0  aggregates=367    
[43.1%] t=430.9 T0  aggregates=361    
[43.1%] t=431.0 T0  aggregates=363    
[43.1%] t=431.1 T0  aggregates=361    
[43.1%] t=431.2 T0  aggregates=354    
[43.1%] t=431.3 T0  aggregates=359    
[43.1%] t=431.4 T0  aggregates=348    
[43.2%] t=431.5 T0  aggregates=356    
[43.2%] t=431.6 T0  aggregates=368    
[43.2%] t=431.7 T0  aggregates=370    
[43.2%] t=431.8 T0  aggregates=373    
[43.2%] t=431.9 T0  aggregates=366    
[43.2%] t=432.0 T0  aggregates=375    
[43.2%] t=432.1 T0  aggregates=387    
[43.2%] t=432.2 T0  aggregates=379    
[43.2%] t=432.3 T0  aggregates=361    
[43.2%] t=432.4 T0  aggregates=363    
[43.2%] t=432.5 T0  aggregates=380    
[43.3%] t=432.6 T0  aggregates=365    
[43.3%] t=432.7 T0  aggregates=371    
[43.3%] t=432.8 T0  aggregates=376    
[43.3%] t=432.9 T0  aggregates=373    
[43.3%] t=433.0 T0  aggregates=370    
[43.3%] t=433.1 T0  aggregates=378    
[43.3%] t=433.2 T0  aggregates=369    
[43.3%] t=433.3 T0  aggregates=375    
[43.3%] t=433.4 T0  aggregates=402    
[43.3%] t=433.5 T0  aggregates=390    
[43.4%] t=433.6 T0  aggregates=413    
[43.4%] t=433.7 T0  aggregates=401    
[43.4%] t=433.8 T0  aggregates=403    
[43.4%] t=433.9 T0  aggregates=394    
[43.4%] t=434.0 T0  aggregates=399    
[43.4%] t=434.1 T0  aggregates=390    
[43.4%] t=434.2 T0  aggregates=389    
[43.4%] t=434.3 T0  aggregates=378    
[43.4%] t=434.4 T0  aggregates=379    
[43.5%] t=434.5 T0  aggregates=381    
[43.5%] t=434.6 T0  aggregates=373    
[43.5%] t=434.7 T0  aggregates=374    
[43.5%] t=434.8 T0  aggregates=380    
[43.5%] t=434.9 T0  aggregates=389    
[43.5%] t=435.0 T0  aggregates=375    
[43.5%] t=435.1 T0  aggregates=372    
[43.5%] t=435.2 T0  aggregates=380    
[43.5%] t=435.3 T0  aggregates=385    
[43.5%] t=435.4 T0  aggregates=383    
[43.5%] t=435.5 T0  aggregates=390    
[43.6%] t=435.6 T0  aggregates=406    
[43.6%] t=435.7 T0  aggregates=403    
[43.6%] t=435.8 T0  aggregates=392    
[43.6%] t=435.9 T0  aggregates=380    
[43.6%] t=436.0 T0  aggregates=399    
[43.6%] t=436.1 T0  aggregates=402    
[43.6%] t=436.2 T0  aggregates=403    
[43.6%] t=436.3 T0  aggregates=397    
[43.6%] t=436.4 T0  aggregates=408    
[43.7%] t=436.5 T0  aggregates=399    
[43.7%] t=436.6 T0  aggregates=395    
[43.7%] t=436.7 T0  aggregates=401    
[43.7%] t=436.8 T0  aggregates=392    
[43.7%] t=436.9 T0  aggregates=391    
[43.7%] t=437.0 T0  aggregates=393    
[43.7%] t=437.1 T0  aggregates=389    
[43.7%] t=437.2 T0  aggregates=395    
[43.7%] t=437.3 T0  aggregates=398    
[43.7%] t=437.4 T0  aggregates=399    
[43.8%] t=437.5 T0  aggregates=394    
[43.8%] t=437.6 T0  aggregates=403    
[43.8%] t=437.7 T0  aggregates=394    
[43.8%] t=437.8 T0  aggregates=395    
[43.8%] t=437.9 T0  aggregates=401    
[43.8%] t=438.0 T0  aggregates=397    
[43.8%] t=438.1 T0  aggregates=399    
[43.8%] t=438.2 T0  aggregates=403    
[43.8%] t=438.3 T0  aggregates=396    
[43.8%] t=438.4 T0  aggregates=395    
[43.8%] t=438.5 T0  aggregates=397    
[43.9%] t=438.6 T0  aggregates=396    
[43.9%] t=438.7 T0  aggregates=392    
[43.9%] t=438.8 T0  aggregates=397    
[43.9%] t=438.9 T0  aggregates=409    
[43.9%] t=439.0 T0  aggregates=424    
[43.9%] t=439.1 T0  aggregates=413    
[43.9%] t=439.2 T0  aggregates=412    
[43.9%] t=439.3 T0  aggregates=402    
[43.9%] t=439.4 T0  aggregates=401    
[44.0%] t=439.5 T0  aggregates=406    
[44.0%] t=439.6 T0  aggregates=412    
[44.0%] t=439.7 T0  aggregates=408    
[44.0%] t=439.8 T0  aggregates=417    
[44.0%] t=439.9 T0  aggregates=411    
[44.0%] t=440.0 T0  aggregates=396    
[44.0%] t=440.1 T0  aggregates=401    
[44.0%] t=440.2 T0  aggregates=392    
[44.0%] t=440.3 T0  aggregates=408    
[44.0%] t=440.4 T0  aggregates=410    
[44.0%] t=440.5 T0  aggregates=418    
[44.1%] t=440.6 T0  aggregates=411    
[44.1%] t=440.7 T0  aggregates=403    
[44.1%] t=440.8 T0  aggregates=404    
[44.1%] t=440.9 T0  aggregates=418    
[44.1%] t=441.0 T0  aggregates=407    
[44.1%] t=441.1 T0  aggregates=425    
[44.1%] t=441.2 T0  aggregates=440    
[44.1%] t=441.3 T0  aggregates=434    
[44.1%] t=441.4 T0  aggregates=441    
[44.2%] t=441.5 T0  aggregates=426    
[44.2%] t=441.6 T0  aggregates=432    
[44.2%] t=441.7 T0  aggregates=424    
[44.2%] t=441.8 T0  aggregates=421    
[44.2%] t=441.9 T0  aggregates=419    
[44.2%] t=442.0 T0  aggregates=419    
[44.2%] t=442.1 T0  aggregates=421    
[44.2%] t=442.2 T0  aggregates=418    
[44.2%] t=442.3 T0  aggregates=424    
[44.2%] t=442.4 T0  aggregates=430    
[44.2%] t=442.5 T0  aggregates=425    
[44.3%] t=442.6 T0  aggregates=418    
[44.3%] t=442.7 T0  aggregates=413    
[44.3%] t=442.8 T0  aggregates=419    
[44.3%] t=442.9 T0  aggregates=422    
[44.3%] t=443.0 T0  aggregates=432    
[44.3%] t=443.1 T0  aggregates=433    
[44.3%] t=443.2 T0  aggregates=430    
[44.3%] t=443.3 T0  aggregates=427    
[44.3%] t=443.4 T0  aggregates=423    
[44.3%] t=443.5 T0  aggregates=450    
[44.4%] t=443.6 T0  aggregates=436    
[44.4%] t=443.7 T0  aggregates=429    
[44.4%] t=443.8 T0  aggregates=431    
[44.4%] t=443.9 T0  aggregates=434    
[44.4%] t=444.0 T0  aggregates=420    
[44.4%] t=444.1 T0  aggregates=430    
[44.4%] t=444.2 T0  aggregates=427    
[44.4%] t=444.3 T0  aggregates=430    
[44.4%] t=444.4 T0  aggregates=434    
[44.5%] t=444.5 T0  aggregates=434    
[44.5%] t=444.6 T0  aggregates=428    
[44.5%] t=444.7 T0  aggregates=421    
[44.5%] t=444.8 T0  aggregates=428    
[44.5%] t=444.9 T0  aggregates=428    
[44.5%] t=445.0 T0  aggregates=436    
[44.5%] t=445.1 T0  aggregates=429    
[44.5%] t=445.2 T0  aggregates=449    
[44.5%] t=445.3 T0  aggregates=458    
[44.5%] t=445.4 T0  aggregates=444    
[44.5%] t=445.5 T0  aggregates=442    
[44.6%] t=445.6 T0  aggregates=440    
[44.6%] t=445.7 T0  aggregates=439    
[44.6%] t=445.8 T0  aggregates=439    
[44.6%] t=445.9 T0  aggregates=431    
[44.6%] t=446.0 T0  aggregates=436    
[44.6%] t=446.1 T0  aggregates=422    
[44.6%] t=446.2 T0  aggregates=425    
[44.6%] t=446.3 T0  aggregates=443    
[44.6%] t=446.4 T0  aggregates=441    
[44.7%] t=446.5 T0  aggregates=431    
[44.7%] t=446.6 T0  aggregates=424    
[44.7%] t=446.7 T0  aggregates=419    
[44.7%] t=446.8 T0  aggregates=412    
[44.7%] t=446.9 T0  aggregates=421    
[44.7%] t=447.0 T0  aggregates=435    
[44.7%] t=447.1 T0  aggregates=431    
[44.7%] t=447.2 T0  aggregates=445    
[44.7%] t=447.3 T0  aggregates=436    
[44.7%] t=447.4 T0  aggregates=429    
[44.8%] t=447.5 T0  aggregates=443    
[44.8%] t=447.6 T0  aggregates=428    
[44.8%] t=447.7 T0  aggregates=414    
[44.8%] t=447.8 T0  aggregates=419    
[44.8%] t=447.9 T0  aggregates=430    
[44.8%] t=448.0 T0  aggregates=423    
[44.8%] t=448.1 T0  aggregates=422    
[44.8%] t=448.2 T0  aggregates=422    
[44.8%] t=448.3 T0  aggregates=423    
[44.8%] t=448.4 T0  aggregates=421    
[44.8%] t=448.5 T0  aggregates=426    
[44.9%] t=448.6 T0  aggregates=429    
[44.9%] t=448.7 T0  aggregates=440    
[44.9%] t=448.8 T0  aggregates=433    
[44.9%] t=448.9 T0  aggregates=429    
[44.9%] t=449.0 T0  aggregates=424    
[44.9%] t=449.1 T0  aggregates=415    
[44.9%] t=449.2 T0  aggregates=415    
[44.9%] t=449.3 T0  aggregates=422    
[44.9%] t=449.4 T0  aggregates=429    
[45.0%] t=449.5 T0  aggregates=451    
[45.0%] t=449.6 T0  aggregates=444    
[45.0%] t=449.7 T0  aggregates=431    
[45.0%] t=449.8 T0  aggregates=428    
[45.0%] t=449.9 T0  aggregates=425    
[45.0%] t=450.0 T0  aggregates=432    
[45.0%] t=450.1 T0  aggregates=446    
[45.0%] t=450.2 T0  aggregates=442    
[45.0%] t=450.3 T0  aggregates=447    
[45.0%] t=450.4 T0  aggregates=442    
[45.0%] t=450.5 T0  aggregates=452    
[45.1%] t=450.6 T0  aggregates=427    
[45.1%] t=450.7 T0  aggregates=434    
[45.1%] t=450.8 T0  aggregates=431    
[45.1%] t=450.9 T0  aggregates=427    
[45.1%] t=451.0 T0  aggregates=425    
[45.1%] t=451.1 T0  aggregates=425    
[45.1%] t=451.2 T0  aggregates=428    
[45.1%] t=451.3 T0  aggregates=422    
[45.1%] t=451.4 T0  aggregates=425    
[45.2%] t=451.5 T0  aggregates=416    
[45.2%] t=451.6 T0  aggregates=430    
[45.2%] t=451.7 T0  aggregates=418    
[45.2%] t=451.8 T0  aggregates=427    
[45.2%] t=451.9 T0  aggregates=424    
[45.2%] t=452.0 T0  aggregates=434    
[45.2%] t=452.1 T0  aggregates=424    
[45.2%] t=452.2 T0  aggregates=448    
[45.2%] t=452.3 T0  aggregates=430    
[45.2%] t=452.4 T0  aggregates=428    
[45.2%] t=452.5 T0  aggregates=430    
[45.3%] t=452.6 T0  aggregates=421    
[45.3%] t=452.7 T0  aggregates=419    
[45.3%] t=452.8 T0  aggregates=438    
[45.3%] t=452.9 T0  aggregates=407    
[45.3%] t=453.0 T0  aggregates=406    
[45.3%] t=453.1 T0  aggregates=408    
[45.3%] t=453.2 T0  aggregates=417    
[45.3%] t=453.3 T0  aggregates=412    
[45.3%] t=453.4 T0  aggregates=422    
[45.3%] t=453.5 T0  aggregates=422    
[45.4%] t=453.6 T0  aggregates=424    
[45.4%] t=453.7 T0  aggregates=433    
[45.4%] t=453.8 T0  aggregates=432    
[45.4%] t=453.9 T0  aggregates=435    
[45.4%] t=454.0 T0  aggregates=430    
[45.4%] t=454.1 T0  aggregates=423    
[45.4%] t=454.2 T0  aggregates=412    
[45.4%] t=454.3 T0  aggregates=408    
[45.4%] t=454.4 T0  aggregates=426    
[45.5%] t=454.5 T0  aggregates=430    
[45.5%] t=454.6 T0  aggregates=416    
[45.5%] t=454.7 T0  aggregates=407    
[45.5%] t=454.8 T0  aggregates=416    
[45.5%] t=454.9 T0  aggregates=421    
[45.5%] t=455.0 T0  aggregates=414    
[45.5%] t=455.1 T0  aggregates=406    
[45.5%] t=455.2 T0  aggregates=400    
[45.5%] t=455.3 T0  aggregates=411    
[45.5%] t=455.4 T0  aggregates=405    
[45.5%] t=455.5 T0  aggregates=404    
[45.6%] t=455.6 T0  aggregates=412    
[45.6%] t=455.7 T0  aggregates=424    
[45.6%] t=455.8 T0  aggregates=430    
[45.6%] t=455.9 T0  aggregates=423    
[45.6%] t=456.0 T0  aggregates=417    
[45.6%] t=456.1 T0  aggregates=423    
[45.6%] t=456.2 T0  aggregates=414    
[45.6%] t=456.3 T0  aggregates=428    
[45.6%] t=456.4 T0  aggregates=403    
[45.7%] t=456.5 T0  aggregates=400    
[45.7%] t=456.6 T0  aggregates=436    
[45.7%] t=456.7 T0  aggregates=414    
[45.7%] t=456.8 T0  aggregates=425    
[45.7%] t=456.9 T0  aggregates=413    
[45.7%] t=457.0 T0  aggregates=415    
[45.7%] t=457.1 T0  aggregates=451    
[45.7%] t=457.2 T0  aggregates=434    
[45.7%] t=457.3 T0  aggregates=428    
[45.7%] t=457.4 T0  aggregates=420    
[45.8%] t=457.5 T0  aggregates=425    
[45.8%] t=457.6 T0  aggregates=428    
[45.8%] t=457.7 T0  aggregates=425    
[45.8%] t=457.8 T0  aggregates=421    
[45.8%] t=457.9 T0  aggregates=437    
[45.8%] t=458.0 T0  aggregates=428    
[45.8%] t=458.1 T0  aggregates=420    
[45.8%] t=458.2 T0  aggregates=439    
[45.8%] t=458.3 T0  aggregates=447    
[45.8%] t=458.4 T0  aggregates=456    
[45.8%] t=458.5 T0  aggregates=446    
[45.9%] t=458.6 T0  aggregates=423    
[45.9%] t=458.7 T0  aggregates=432    
[45.9%] t=458.8 T0  aggregates=430    
[45.9%] t=458.9 T0  aggregates=416    
[45.9%] t=459.0 T0  aggregates=408    
[45.9%] t=459.1 T0  aggregates=399    
[45.9%] t=459.2 T0  aggregates=414    
[45.9%] t=459.3 T0  aggregates=413    
[45.9%] t=459.4 T0  aggregates=411    
[46.0%] t=459.5 T0  aggregates=411    
[46.0%] t=459.6 T0  aggregates=421    
[46.0%] t=459.7 T0  aggregates=434    
[46.0%] t=459.8 T0  aggregates=436    
[46.0%] t=459.9 T0  aggregates=418    
[46.0%] t=460.0 T0  aggregates=419    
[46.0%] t=460.1 T0  aggregates=419    
[46.0%] t=460.2 T0  aggregates=408    
[46.0%] t=460.3 T0  aggregates=423    
[46.0%] t=460.4 T0  aggregates=415    
[46.0%] t=460.5 T0  aggregates=411    
[46.1%] t=460.6 T0  aggregates=398    
[46.1%] t=460.7 T0  aggregates=395    
[46.1%] t=460.8 T0  aggregates=417    
[46.1%] t=460.9 T0  aggregates=401    
[46.1%] t=461.0 T0  aggregates=399    
[46.1%] t=461.1 T0  aggregates=401    
[46.1%] t=461.2 T0  aggregates=394    
[46.1%] t=461.3 T0  aggregates=392    
[46.1%] t=461.4 T0  aggregates=419    
[46.2%] t=461.5 T0  aggregates=432    
[46.2%] t=461.6 T0  aggregates=444    
[46.2%] t=461.7 T0  aggregates=412    
[46.2%] t=461.8 T0  aggregates=457    
[46.2%] t=461.9 T0  aggregates=448    
[46.2%] t=462.0 T0  aggregates=445    
[46.2%] t=462.1 T0  aggregates=425    
[46.2%] t=462.2 T0  aggregates=402    
[46.2%] t=462.3 T0  aggregates=389    
[46.2%] t=462.4 T0  aggregates=402    
[46.2%] t=462.5 T0  aggregates=402    
[46.3%] t=462.6 T0  aggregates=385    
[46.3%] t=462.7 T0  aggregates=394    
[46.3%] t=462.8 T0  aggregates=400    
[46.3%] t=462.9 T0  aggregates=380    
[46.3%] t=463.0 T0  aggregates=384    
[46.3%] t=463.1 T0  aggregates=388    
[46.3%] t=463.2 T0  aggregates=390    
[46.3%] t=463.3 T0  aggregates=391    
[46.3%] t=463.4 T0  aggregates=422    
[46.3%] t=463.5 T0  aggregates=422    
[46.4%] t=463.6 T0  aggregates=410    
[46.4%] t=463.7 T0  aggregates=419    
[46.4%] t=463.8 T0  aggregates=413    
[46.4%] t=463.9 T0  aggregates=396    
[46.4%] t=464.0 T0  aggregates=394    
[46.4%] t=464.1 T0  aggregates=399    
[46.4%] t=464.2 T0  aggregates=395    
[46.4%] t=464.3 T0  aggregates=391    
[46.4%] t=464.4 T0  aggregates=384    
[46.5%] t=464.5 T0  aggregates=411    
[46.5%] t=464.6 T0  aggregates=396    
[46.5%] t=464.7 T0  aggregates=396    
[46.5%] t=464.8 T0  aggregates=394    
[46.5%] t=464.9 T0  aggregates=387    
[46.5%] t=465.0 T0  aggregates=395    
[46.5%] t=465.1 T0  aggregates=411    
[46.5%] t=465.2 T0  aggregates=416    
[46.5%] t=465.3 T0  aggregates=407    
[46.5%] t=465.4 T0  aggregates=405    
[46.5%] t=465.5 T0  aggregates=392    
[46.6%] t=465.6 T0  aggregates=387    
[46.6%] t=465.7 T0  aggregates=378    
[46.6%] t=465.8 T0  aggregates=378    
[46.6%] t=465.9 T0  aggregates=392    
[46.6%] t=466.0 T0  aggregates=382    
[46.6%] t=466.1 T0  aggregates=387    
[46.6%] t=466.2 T0  aggregates=378    
[46.6%] t=466.3 T0  aggregates=379    
[46.6%] t=466.4 T0  aggregates=385    
[46.7%] t=466.5 T0  aggregates=381    
[46.7%] t=466.6 T0  aggregates=388    
[46.7%] t=466.7 T0  aggregates=385    
[46.7%] t=466.8 T0  aggregates=380    
[46.7%] t=466.9 T0  aggregates=397    
[46.7%] t=467.0 T0  aggregates=398    
[46.7%] t=467.1 T0  aggregates=384    
[46.7%] t=467.2 T0  aggregates=393    
[46.7%] t=467.3 T0  aggregates=392    
[46.7%] t=467.4 T0  aggregates=420    
[46.8%] t=467.5 T0  aggregates=403    
[46.8%] t=467.6 T0  aggregates=437    
[46.8%] t=467.7 T0  aggregates=422    
[46.8%] t=467.8 T0  aggregates=394    
[46.8%] t=467.9 T0  aggregates=413    
[46.8%] t=468.0 T0  aggregates=404    
[46.8%] t=468.1 T0  aggregates=405    
[46.8%] t=468.2 T0  aggregates=390    
[46.8%] t=468.3 T0  aggregates=391    
[46.8%] t=468.4 T0  aggregates=454    
[46.8%] t=468.5 T0  aggregates=457    
[46.9%] t=468.6 T0  aggregates=421    
[46.9%] t=468.7 T0  aggregates=417    
[46.9%] t=468.8 T0  aggregates=400    
[46.9%] t=468.9 T0  aggregates=418    
[46.9%] t=469.0 T0  aggregates=418    
[46.9%] t=469.1 T0  aggregates=412    
[46.9%] t=469.2 T0  aggregates=416    
[46.9%] t=469.3 T0  aggregates=414    
[46.9%] t=469.4 T0  aggregates=421    
[47.0%] t=469.5 T0  aggregates=431    
[47.0%] t=469.6 T0  aggregates=414    
[47.0%] t=469.7 T0  aggregates=421    
[47.0%] t=469.8 T0  aggregates=424    
[47.0%] t=469.9 T0  aggregates=427    
[47.0%] t=470.0 T0  aggregates=427    
[47.0%] t=470.1 T0  aggregates=422    
[47.0%] t=470.2 T0  aggregates=414    
[47.0%] t=470.3 T0  aggregates=418    
[47.0%] t=470.4 T0  aggregates=427    
[47.0%] t=470.5 T0  aggregates=437    
[47.1%] t=470.6 T0  aggregates=449    
[47.1%] t=470.7 T0  aggregates=439    
[47.1%] t=470.8 T0  aggregates=424    
[47.1%] t=470.9 T0  aggregates=416    
[47.1%] t=471.0 T0  aggregates=417    
[47.1%] t=471.1 T0  aggregates=420    
[47.1%] t=471.2 T0  aggregates=415    
[47.1%] t=471.3 T0  aggregates=414    
[47.1%] t=471.4 T0  aggregates=433    
[47.2%] t=471.5 T0  aggregates=422    
[47.2%] t=471.6 T0  aggregates=430    
[47.2%] t=471.7 T0  aggregates=416    
[47.2%] t=471.8 T0  aggregates=394    
[47.2%] t=471.9 T0  aggregates=401    
[47.2%] t=472.0 T0  aggregates=400    
[47.2%] t=472.1 T0  aggregates=395    
[47.2%] t=472.2 T0  aggregates=412    
[47.2%] t=472.3 T0  aggregates=398    
[47.2%] t=472.4 T0  aggregates=399    
[47.2%] t=472.5 T0  aggregates=396    
[47.3%] t=472.6 T0  aggregates=390    
[47.3%] t=472.7 T0  aggregates=380    
[47.3%] t=472.8 T0  aggregates=380    
[47.3%] t=472.9 T0  aggregates=387    
[47.3%] t=473.0 T0  aggregates=373    
[47.3%] t=473.1 T0  aggregates=377    
[47.3%] t=473.2 T0  aggregates=377    
[47.3%] t=473.3 T0  aggregates=385    
[47.3%] t=473.4 T0  aggregates=390    
[47.3%] t=473.5 T0  aggregates=392    
[47.4%] t=473.6 T0  aggregates=392    
[47.4%] t=473.7 T0  aggregates=371    
[47.4%] t=473.8 T0  aggregates=368    
[47.4%] t=473.9 T0  aggregates=360    
[47.4%] t=474.0 T0  aggregates=361    
[47.4%] t=474.1 T0  aggregates=367    
[47.4%] t=474.2 T0  aggregates=375    
[47.4%] t=474.3 T0  aggregates=360    
[47.4%] t=474.4 T0  aggregates=361    
[47.5%] t=474.5 T0  aggregates=354    
[47.5%] t=474.6 T0  aggregates=355    
[47.5%] t=474.7 T0  aggregates=349    
[47.5%] t=474.8 T0  aggregates=376    
[47.5%] t=474.9 T0  aggregates=367    
[47.5%] t=475.0 T0  aggregates=358    
[47.5%] t=475.1 T0  aggregates=362    
[47.5%] t=475.2 T0  aggregates=359    
[47.5%] t=475.3 T0  aggregates=359    
[47.5%] t=475.4 T0  aggregates=362    
[47.5%] t=475.5 T0  aggregates=346    
[47.6%] t=475.6 T0  aggregates=347    
[47.6%] t=475.7 T0  aggregates=341    
[47.6%] t=475.8 T0  aggregates=341    
[47.6%] t=475.9 T0  aggregates=354    
[47.6%] t=476.0 T0  aggregates=353    
[47.6%] t=476.1 T0  aggregates=357    
[47.6%] t=476.2 T0  aggregates=346    
[47.6%] t=476.3 T0  aggregates=344    
[47.6%] t=476.4 T0  aggregates=371    
[47.7%] t=476.5 T0  aggregates=385    
[47.7%] t=476.6 T0  aggregates=387    
[47.7%] t=476.7 T0  aggregates=357    
[47.7%] t=476.8 T0  aggregates=346    
[47.7%] t=476.9 T0  aggregates=339    
[47.7%] t=477.0 T0  aggregates=342    
[47.7%] t=477.1 T0  aggregates=364    
[47.7%] t=477.2 T0  aggregates=364    
[47.7%] t=477.3 T0  aggregates=340    
[47.7%] t=477.4 T0  aggregates=331    
[47.8%] t=477.5 T0  aggregates=337    
[47.8%] t=477.6 T0  aggregates=342    
[47.8%] t=477.7 T0  aggregates=333    
[47.8%] t=477.8 T0  aggregates=337    
[47.8%] t=477.9 T0  aggregates=336    
[47.8%] t=478.0 T0  aggregates=339    
[47.8%] t=478.1 T0  aggregates=333    
[47.8%] t=478.2 T0  aggregates=336    
[47.8%] t=478.3 T0  aggregates=337    
[47.8%] t=478.4 T0  aggregates=337    
[47.8%] t=478.5 T0  aggregates=330    
[47.9%] t=478.6 T0  aggregates=333    
[47.9%] t=478.7 T0  aggregates=323    
[47.9%] t=478.8 T0  aggregates=344    
[47.9%] t=478.9 T0  aggregates=343    
[47.9%] t=479.0 T0  aggregates=330    
[47.9%] t=479.1 T0  aggregates=338    
[47.9%] t=479.2 T0  aggregates=337    
[47.9%] t=479.3 T0  aggregates=335    
[47.9%] t=479.4 T0  aggregates=342    
[48.0%] t=479.5 T0  aggregates=345    
[48.0%] t=479.6 T0  aggregates=344    
[48.0%] t=479.7 T0  aggregates=353    
[48.0%] t=479.8 T0  aggregates=359    
[48.0%] t=479.9 T0  aggregates=350    
[48.0%] t=480.0 T0  aggregates=346    
[48.0%] t=480.1 T0  aggregates=356    
[48.0%] t=480.2 T0  aggregates=359    
[48.0%] t=480.3 T0  aggregates=359    
[48.0%] t=480.4 T0  aggregates=367    
[48.0%] t=480.5 T0  aggregates=350    
[48.1%] t=480.6 T0  aggregates=364    
[48.1%] t=480.7 T0  aggregates=358    
[48.1%] t=480.8 T0  aggregates=355    
[48.1%] t=480.9 T0  aggregates=342    
[48.1%] t=481.0 T0  aggregates=341    
[48.1%] t=481.1 T0  aggregates=345    
[48.1%] t=481.2 T0  aggregates=366    
[48.1%] t=481.3 T0  aggregates=364    
[48.1%] t=481.4 T0  aggregates=356    
[48.2%] t=481.5 T0  aggregates=361    
[48.2%] t=481.6 T0  aggregates=369    
[48.2%] t=481.7 T0  aggregates=366    
[48.2%] t=481.8 T0  aggregates=365    
[48.2%] t=481.9 T0  aggregates=373    
[48.2%] t=482.0 T0  aggregates=366    
[48.2%] t=482.1 T0  aggregates=352    
[48.2%] t=482.2 T0  aggregates=364    
[48.2%] t=482.3 T0  aggregates=366    
[48.2%] t=482.4 T0  aggregates=359    
[48.2%] t=482.5 T0  aggregates=367    
[48.3%] t=482.6 T0  aggregates=362    
[48.3%] t=482.7 T0  aggregates=356    
[48.3%] t=482.8 T0  aggregates=354    
[48.3%] t=482.9 T0  aggregates=368    
[48.3%] t=483.0 T0  aggregates=351    
[48.3%] t=483.1 T0  aggregates=364    
[48.3%] t=483.2 T0  aggregates=352    
[48.3%] t=483.3 T0  aggregates=354    
[48.3%] t=483.4 T0  aggregates=353    
[48.3%] t=483.5 T0  aggregates=352    
[48.4%] t=483.6 T0  aggregates=342    
[48.4%] t=483.7 T0  aggregates=334    
[48.4%] t=483.8 T0  aggregates=330    
[48.4%] t=483.9 T0  aggregates=329    
[48.4%] t=484.0 T0  aggregates=338    
[48.4%] t=484.1 T0  aggregates=337    
[48.4%] t=484.2 T0  aggregates=337    
[48.4%] t=484.3 T0  aggregates=334    
[48.4%] t=484.4 T0  aggregates=330    
[48.5%] t=484.5 T0  aggregates=348    
[48.5%] t=484.6 T0  aggregates=329    
[48.5%] t=484.7 T0  aggregates=342    
[48.5%] t=484.8 T0  aggregates=331    
[48.5%] t=484.9 T0  aggregates=326    
[48.5%] t=485.0 T0  aggregates=325    
[48.5%] t=485.1 T0  aggregates=325    
[48.5%] t=485.2 T0  aggregates=322    
[48.5%] t=485.3 T0  aggregates=338    
[48.5%] t=485.4 T0  aggregates=323    
[48.5%] t=485.5 T0  aggregates=333    
[48.6%] t=485.6 T0  aggregates=330    
[48.6%] t=485.7 T0  aggregates=315    
[48.6%] t=485.8 T0  aggregates=323    
[48.6%] t=485.9 T0  aggregates=326    
[48.6%] t=486.0 T0  aggregates=321    
[48.6%] t=486.1 T0  aggregates=309    
[48.6%] t=486.2 T0  aggregates=333    
[48.6%] t=486.3 T0  aggregates=340    
[48.6%] t=486.4 T0  aggregates=315    
[48.7%] t=486.5 T0  aggregates=320    
[48.7%] t=486.6 T0  aggregates=311    
[48.7%] t=486.7 T0  aggregates=318    
[48.7%] t=486.8 T0  aggregates=303    
[48.7%] t=486.9 T0  aggregates=299    
[48.7%] t=487.0 T0  aggregates=320    
[48.7%] t=487.1 T0  aggregates=306    
[48.7%] t=487.2 T0  aggregates=308    
[48.7%] t=487.3 T0  aggregates=311    
[48.7%] t=487.4 T0  aggregates=293    
[48.8%] t=487.5 T0  aggregates=304    
[48.8%] t=487.6 T0  aggregates=306    
[48.8%] t=487.7 T0  aggregates=308    
[48.8%] t=487.8 T0  aggregates=320    
[48.8%] t=487.9 T0  aggregates=323    
[48.8%] t=488.0 T0  aggregates=307    
[48.8%] t=488.1 T0  aggregates=342    
[48.8%] t=488.2 T0  aggregates=343    
[48.8%] t=488.3 T0  aggregates=311    
[48.8%] t=488.4 T0  aggregates=320    
[48.8%] t=488.5 T0  aggregates=297    
[48.9%] t=488.6 T0  aggregates=304    
[48.9%] t=488.7 T0  aggregates=283    
[48.9%] t=488.8 T0  aggregates=317    
[48.9%] t=488.9 T0  aggregates=291    
[48.9%] t=489.0 T0  aggregates=299    
[48.9%] t=489.1 T0  aggregates=290    
[48.9%] t=489.2 T0  aggregates=309    
[48.9%] t=489.3 T0  aggregates=301    
[48.9%] t=489.4 T0  aggregates=314    
[49.0%] t=489.5 T0  aggregates=291    
[49.0%] t=489.6 T0  aggregates=288    
[49.0%] t=489.7 T0  aggregates=283    
[49.0%] t=489.8 T0  aggregates=296    
[49.0%] t=489.9 T0  aggregates=288    
[49.0%] t=490.0 T0  aggregates=283    
[49.0%] t=490.1 T0  aggregates=280    
[49.0%] t=490.2 T0  aggregates=277    
[49.0%] t=490.3 T0  aggregates=274    
[49.0%] t=490.4 T0  aggregates=258    
[49.0%] t=490.5 T0  aggregates=293    
[49.1%] t=490.6 T0  aggregates=294    
[49.1%] t=490.7 T0  aggregates=291    
[49.1%] t=490.8 T0  aggregates=294    
[49.1%] t=490.9 T0  aggregates=274    
[49.1%] t=491.0 T0  aggregates=272    
[49.1%] t=491.1 T0  aggregates=278    
[49.1%] t=491.2 T0  aggregates=282    
[49.1%] t=491.3 T0  aggregates=275    
[49.1%] t=491.4 T0  aggregates=312    
[49.2%] t=491.5 T0  aggregates=281    
[49.2%] t=491.6 T0  aggregates=285    
[49.2%] t=491.7 T0  aggregates=282    
[49.2%] t=491.8 T0  aggregates=285    
[49.2%] t=491.9 T0  aggregates=296    
[49.2%] t=492.0 T0  aggregates=288    
[49.2%] t=492.1 T0  aggregates=281    
[49.2%] t=492.2 T0  aggregates=282    
[49.2%] t=492.3 T0  aggregates=292    
[49.2%] t=492.4 T0  aggregates=280    
[49.2%] t=492.5 T0  aggregates=281    
[49.3%] t=492.6 T0  aggregates=283    
[49.3%] t=492.7 T0  aggregates=314    
[49.3%] t=492.8 T0  aggregates=289    
[49.3%] t=492.9 T0  aggregates=285    
[49.3%] t=493.0 T0  aggregates=305    
[49.3%] t=493.1 T0  aggregates=325    
[49.3%] t=493.2 T0  aggregates=330    
[49.3%] t=493.3 T0  aggregates=317    
[49.3%] t=493.4 T0  aggregates=320    
[49.3%] t=493.5 T0  aggregates=301    
[49.4%] t=493.6 T0  aggregates=295    
[49.4%] t=493.7 T0  aggregates=274    
[49.4%] t=493.8 T0  aggregates=277    
[49.4%] t=493.9 T0  aggregates=269    
[49.4%] t=494.0 T0  aggregates=266    
[49.4%] t=494.1 T0  aggregates=295    
[49.4%] t=494.2 T0  aggregates=294    
[49.4%] t=494.3 T0  aggregates=279    
[49.4%] t=494.4 T0  aggregates=282    
[49.5%] t=494.5 T0  aggregates=321    
[49.5%] t=494.6 T0  aggregates=292    
[49.5%] t=494.7 T0  aggregates=299    
[49.5%] t=494.8 T0  aggregates=294    
[49.5%] t=494.9 T0  aggregates=285    
[49.5%] t=495.0 T0  aggregates=279    
[49.5%] t=495.1 T0  aggregates=285    
[49.5%] t=495.2 T0  aggregates=281    
[49.5%] t=495.3 T0  aggregates=278    
[49.5%] t=495.4 T0  aggregates=286    
[49.5%] t=495.5 T0  aggregates=283    
[49.6%] t=495.6 T0  aggregates=297    
[49.6%] t=495.7 T0  aggregates=276    
[49.6%] t=495.8 T0  aggregates=285    
[49.6%] t=495.9 T0  aggregates=295    
[49.6%] t=496.0 T0  aggregates=289    
[49.6%] t=496.1 T0  aggregates=286    
[49.6%] t=496.2 T0  aggregates=272    
[49.6%] t=496.3 T0  aggregates=285    
[49.6%] t=496.4 T0  aggregates=307    
[49.7%] t=496.5 T0  aggregates=311    
[49.7%] t=496.6 T0  aggregates=310    
[49.7%] t=496.7 T0  aggregates=285    
[49.7%] t=496.8 T0  aggregates=298    
[49.7%] t=496.9 T0  aggregates=302    
[49.7%] t=497.0 T0  aggregates=302    
[49.7%] t=497.1 T0  aggregates=309    
[49.7%] t=497.2 T0  aggregates=314    
[49.7%] t=497.3 T0  aggregates=314    
[49.7%] t=497.4 T0  aggregates=298    
[49.8%] t=497.5 T0  aggregates=291    
[49.8%] t=497.6 T0  aggregates=303    
[49.8%] t=497.7 T0  aggregates=297    
[49.8%] t=497.8 T0  aggregates=298    
[49.8%] t=497.9 T0  aggregates=310    
[49.8%] t=498.0 T0  aggregates=302    
[49.8%] t=498.1 T0  aggregates=292    
[49.8%] t=498.2 T0  aggregates=281    
[49.8%] t=498.3 T0  aggregates=299    
[49.8%] t=498.4 T0  aggregates=320    
[49.8%] t=498.5 T0  aggregates=292    
[49.9%] t=498.6 T0  aggregates=298    
[49.9%] t=498.7 T0  aggregates=295    
[49.9%] t=498.8 T0  aggregates=296    
[49.9%] t=498.9 T0  aggregates=295    
[49.9%] t=499.0 T0  aggregates=288    
[49.9%] t=499.1 T0  aggregates=317    
[49.9%] t=499.2 T0  aggregates=310    
[49.9%] t=499.3 T0  aggregates=310    
[49.9%] t=499.4 T0  aggregates=319    
[50.0%] t=499.5 T0  aggregates=324    
[50.0%] t=499.6 T0  aggregates=327    
[50.0%] t=499.7 T0  aggregates=325    
[50.0%] t=499.8 T0  aggregates=318    
[50.0%] t=499.9 T0  aggregates=323    
[50.0%] t=500.0 T0  aggregates=325    
[50.0%] t=500.1 T0  aggregates=316    
[50.0%] t=500.2 T0  aggregates=311    
[50.0%] t=500.3 T0  aggregates=311    
[50.0%] t=500.4 T0  aggregates=328    
[50.0%] t=500.5 T0  aggregates=304    
[50.1%] t=500.6 T0  aggregates=315    
[50.1%] t=500.7 T0  aggregates=322    
[50.1%] t=500.8 T0  aggregates=319    
[50.1%] t=500.9 T0  aggregates=303    
[50.1%] t=501.0 T0  aggregates=300    
[50.1%] t=501.1 T0  aggregates=299    
[50.1%] t=501.2 T0  aggregates=305    
[50.1%] t=501.3 T0  aggregates=298    
[50.1%] t=501.4 T0  aggregates=330    
[50.2%] t=501.5 T0  aggregates=316    
[50.2%] t=501.6 T0  aggregates=334    
[50.2%] t=501.7 T0  aggregates=318    
[50.2%] t=501.8 T0  aggregates=307    
[50.2%] t=501.9 T0  aggregates=349    
[50.2%] t=502.0 T0  aggregates=327    
[50.2%] t=502.1 T0  aggregates=316    
[50.2%] t=502.2 T0  aggregates=312    
[50.2%] t=502.3 T0  aggregates=310    
[50.2%] t=502.4 T0  aggregates=310    
[50.2%] t=502.5 T0  aggregates=316    
[50.3%] t=502.6 T0  aggregates=320    
[50.3%] t=502.7 T0  aggregates=307    
[50.3%] t=502.8 T0  aggregates=305    
[50.3%] t=502.9 T0  aggregates=314    
[50.3%] t=503.0 T0  aggregates=321    
[50.3%] t=503.1 T0  aggregates=318    
[50.3%] t=503.2 T0  aggregates=322    
[50.3%] t=503.3 T0  aggregates=317    
[50.3%] t=503.4 T0  aggregates=329    
[50.3%] t=503.5 T0  aggregates=341    
[50.4%] t=503.6 T0  aggregates=335    
[50.4%] t=503.7 T0  aggregates=329    
[50.4%] t=503.8 T0  aggregates=319    
[50.4%] t=503.9 T0  aggregates=313    
[50.4%] t=504.0 T0  aggregates=313    
[50.4%] t=504.1 T0  aggregates=349    
[50.4%] t=504.2 T0  aggregates=341    
[50.4%] t=504.3 T0  aggregates=330    
[50.4%] t=504.4 T0  aggregates=326    
[50.5%] t=504.5 T0  aggregates=323    
[50.5%] t=504.6 T0  aggregates=309    
[50.5%] t=504.7 T0  aggregates=313    
[50.5%] t=504.8 T0  aggregates=297    
[50.5%] t=504.9 T0  aggregates=294    
[50.5%] t=505.0 T0  aggregates=303    
[50.5%] t=505.1 T0  aggregates=304    
[50.5%] t=505.2 T0  aggregates=311    
[50.5%] t=505.3 T0  aggregates=296    
[50.5%] t=505.4 T0  aggregates=299    
[50.5%] t=505.5 T0  aggregates=312    
[50.6%] t=505.6 T0  aggregates=308    
[50.6%] t=505.7 T0  aggregates=303    
[50.6%] t=505.8 T0  aggregates=317    
[50.6%] t=505.9 T0  aggregates=301    
[50.6%] t=506.0 T0  aggregates=314    
[50.6%] t=506.1 T0  aggregates=312    
[50.6%] t=506.2 T0  aggregates=307    
[50.6%] t=506.3 T0  aggregates=334    
[50.6%] t=506.4 T0  aggregates=316    
[50.7%] t=506.5 T0  aggregates=303    
[50.7%] t=506.6 T0  aggregates=315    
[50.7%] t=506.7 T0  aggregates=342    
[50.7%] t=506.8 T0  aggregates=341    
[50.7%] t=506.9 T0  aggregates=337    
[50.7%] t=507.0 T0  aggregates=350    
[50.7%] t=507.1 T0  aggregates=359    
[50.7%] t=507.2 T0  aggregates=347    
[50.7%] t=507.3 T0  aggregates=324    
[50.7%] t=507.4 T0  aggregates=334    
[50.8%] t=507.5 T0  aggregates=322    
[50.8%] t=507.6 T0  aggregates=344    
[50.8%] t=507.7 T0  aggregates=325    
[50.8%] t=507.8 T0  aggregates=333    
[50.8%] t=507.9 T0  aggregates=320    
[50.8%] t=508.0 T0  aggregates=331    
[50.8%] t=508.1 T0  aggregates=341    
[50.8%] t=508.2 T0  aggregates=333    
[50.8%] t=508.3 T0  aggregates=321    
[50.8%] t=508.4 T0  aggregates=325    
[50.8%] t=508.5 T0  aggregates=323    
[50.9%] t=508.6 T0  aggregates=348    
[50.9%] t=508.7 T0  aggregates=334    
[50.9%] t=508.8 T0  aggregates=324    
[50.9%] t=508.9 T0  aggregates=330    
[50.9%] t=509.0 T0  aggregates=338    
[50.9%] t=509.1 T0  aggregates=336    
[50.9%] t=509.2 T0  aggregates=346    
[50.9%] t=509.3 T0  aggregates=355    
[50.9%] t=509.4 T0  aggregates=336    
[51.0%] t=509.5 T0  aggregates=336    
[51.0%] t=509.6 T0  aggregates=328    
[51.0%] t=509.7 T0  aggregates=321    
[51.0%] t=509.8 T0  aggregates=347    
[51.0%] t=509.9 T0  aggregates=328    
[51.0%] t=510.0 T0  aggregates=333    
[51.0%] t=510.1 T0  aggregates=352    
[51.0%] t=510.2 T0  aggregates=348    
[51.0%] t=510.3 T0  aggregates=357    
[51.0%] t=510.4 T0  aggregates=358    
[51.0%] t=510.5 T0  aggregates=348    
[51.1%] t=510.6 T0  aggregates=346    
[51.1%] t=510.7 T0  aggregates=337    
[51.1%] t=510.8 T0  aggregates=322    
[51.1%] t=510.9 T0  aggregates=346    
[51.1%] t=511.0 T0  aggregates=353    
[51.1%] t=511.1 T0  aggregates=346    
[51.1%] t=511.2 T0  aggregates=332    
[51.1%] t=511.3 T0  aggregates=340    
[51.1%] t=511.4 T0  aggregates=331    
[51.2%] t=511.5 T0  aggregates=329    
[51.2%] t=511.6 T0  aggregates=344    
[51.2%] t=511.7 T0  aggregates=335    
[51.2%] t=511.8 T0  aggregates=345    
[51.2%] t=511.9 T0  aggregates=335    
[51.2%] t=512.0 T0  aggregates=360    
[51.2%] t=512.1 T0  aggregates=351    
[51.2%] t=512.2 T0  aggregates=337    
[51.2%] t=512.3 T0  aggregates=337    
[51.2%] t=512.4 T0  aggregates=356    
[51.2%] t=512.5 T0  aggregates=339    
[51.3%] t=512.6 T0  aggregates=346    
[51.3%] t=512.7 T0  aggregates=331    
[51.3%] t=512.8 T0  aggregates=344    
[51.3%] t=512.9 T0  aggregates=347    
[51.3%] t=513.0 T0  aggregates=344    
[51.3%] t=513.1 T0  aggregates=351    
[51.3%] t=513.2 T0  aggregates=349    
[51.3%] t=513.3 T0  aggregates=340    
[51.3%] t=513.4 T0  aggregates=330    
[51.3%] t=513.5 T0  aggregates=338    
[51.4%] t=513.6 T0  aggregates=341    
[51.4%] t=513.7 T0  aggregates=342    
[51.4%] t=513.8 T0  aggregates=347    
[51.4%] t=513.9 T0  aggregates=348    
[51.4%] t=514.0 T0  aggregates=340    
[51.4%] t=514.1 T0  aggregates=336    
[51.4%] t=514.2 T0  aggregates=328    
[51.4%] t=514.3 T0  aggregates=341    
[51.4%] t=514.4 T0  aggregates=331    
[51.5%] t=514.5 T0  aggregates=339    
[51.5%] t=514.6 T0  aggregates=355    
[51.5%] t=514.7 T0  aggregates=369    
[51.5%] t=514.8 T0  aggregates=332    
[51.5%] t=514.9 T0  aggregates=334    
[51.5%] t=515.0 T0  aggregates=336    
[51.5%] t=515.1 T0  aggregates=349    
[51.5%] t=515.2 T0  aggregates=356    
[51.5%] t=515.3 T0  aggregates=335    
[51.5%] t=515.4 T0  aggregates=359    
[51.5%] t=515.5 T0  aggregates=383    
[51.6%] t=515.6 T0  aggregates=348    
[51.6%] t=515.7 T0  aggregates=344    
[51.6%] t=515.8 T0  aggregates=332    
[51.6%] t=515.9 T0  aggregates=348    
[51.6%] t=516.0 T0  aggregates=325    
[51.6%] t=516.1 T0  aggregates=347    
[51.6%] t=516.2 T0  aggregates=342    
[51.6%] t=516.3 T0  aggregates=330    
[51.6%] t=516.4 T0  aggregates=334    
[51.7%] t=516.5 T0  aggregates=321    
[51.7%] t=516.6 T0  aggregates=320    
[51.7%] t=516.7 T0  aggregates=314    
[51.7%] t=516.8 T0  aggregates=332    
[51.7%] t=516.9 T0  aggregates=331    
[51.7%] t=517.0 T0  aggregates=331    
[51.7%] t=517.1 T0  aggregates=319    
[51.7%] t=517.2 T0  aggregates=326    
[51.7%] t=517.3 T0  aggregates=318    
[51.7%] t=517.4 T0  aggregates=330    
[51.8%] t=517.5 T0  aggregates=332    
[51.8%] t=517.6 T0  aggregates=337    
[51.8%] t=517.7 T0  aggregates=331    
[51.8%] t=517.8 T0  aggregates=340    
[51.8%] t=517.9 T0  aggregates=356    
[51.8%] t=518.0 T0  aggregates=340    
[51.8%] t=518.1 T0  aggregates=349    
[51.8%] t=518.2 T0  aggregates=337    
[51.8%] t=518.3 T0  aggregates=335    
[51.8%] t=518.4 T0  aggregates=340    
[51.8%] t=518.5 T0  aggregates=353    
[51.9%] t=518.6 T0  aggregates=332    
[51.9%] t=518.7 T0  aggregates=344    
[51.9%] t=518.8 T0  aggregates=346    
[51.9%] t=518.9 T0  aggregates=334    
[51.9%] t=519.0 T0  aggregates=331    
[51.9%] t=519.1 T0  aggregates=344    
[51.9%] t=519.2 T0  aggregates=330    
[51.9%] t=519.3 T0  aggregates=341    
[51.9%] t=519.4 T0  aggregates=342    
[52.0%] t=519.5 T0  aggregates=339    
[52.0%] t=519.6 T0  aggregates=360    
[52.0%] t=519.7 T0  aggregates=373    
[52.0%] t=519.8 T0  aggregates=347    
[52.0%] t=519.9 T0  aggregates=360    
[52.0%] t=520.0 T0  aggregates=350    
[52.0%] t=520.1 T0  aggregates=342    
[52.0%] t=520.2 T0  aggregates=345    
[52.0%] t=520.3 T0  aggregates=351    
[52.0%] t=520.4 T0  aggregates=366    
[52.0%] t=520.5 T0  aggregates=381    
[52.1%] t=520.6 T0  aggregates=361    
[52.1%] t=520.7 T0  aggregates=357    
[52.1%] t=520.8 T0  aggregates=357    
[52.1%] t=520.9 T0  aggregates=354    
[52.1%] t=521.0 T0  aggregates=361    
[52.1%] t=521.1 T0  aggregates=373    
[52.1%] t=521.2 T0  aggregates=356    
[52.1%] t=521.3 T0  aggregates=353    
[52.1%] t=521.4 T0  aggregates=361    
[52.2%] t=521.5 T0  aggregates=382    
[52.2%] t=521.6 T0  aggregates=356    
[52.2%] t=521.7 T0  aggregates=350    
[52.2%] t=521.8 T0  aggregates=356    
[52.2%] t=521.9 T0  aggregates=366    
[52.2%] t=522.0 T0  aggregates=372    
[52.2%] t=522.1 T0  aggregates=358    
[52.2%] t=522.2 T0  aggregates=364    
[52.2%] t=522.3 T0  aggregates=357    
[52.2%] t=522.4 T0  aggregates=343    
[52.2%] t=522.5 T0  aggregates=338    
[52.3%] t=522.6 T0  aggregates=346    
[52.3%] t=522.7 T0  aggregates=343    
[52.3%] t=522.8 T0  aggregates=341    
[52.3%] t=522.9 T0  aggregates=344    
[52.3%] t=523.0 T0  aggregates=333    
[52.3%] t=523.1 T0  aggregates=336    
[52.3%] t=523.2 T0  aggregates=333    
[52.3%] t=523.3 T0  aggregates=343    
[52.3%] t=523.4 T0  aggregates=335    
[52.3%] t=523.5 T0  aggregates=342    
[52.4%] t=523.6 T0  aggregates=339    
[52.4%] t=523.7 T0  aggregates=340    
[52.4%] t=523.8 T0  aggregates=344    
[52.4%] t=523.9 T0  aggregates=350    
[52.4%] t=524.0 T0  aggregates=356    
[52.4%] t=524.1 T0  aggregates=349    
[52.4%] t=524.2 T0  aggregates=340    
[52.4%] t=524.3 T0  aggregates=368    
[52.4%] t=524.4 T0  aggregates=362    
[52.5%] t=524.5 T0  aggregates=347    
[52.5%] t=524.6 T0  aggregates=361    
[52.5%] t=524.7 T0  aggregates=362    
[52.5%] t=524.8 T0  aggregates=349    
[52.5%] t=524.9 T0  aggregates=356    
[52.5%] t=525.0 T0  aggregates=346    
[52.5%] t=525.1 T0  aggregates=333    
[52.5%] t=525.2 T0  aggregates=337    
[52.5%] t=525.3 T0  aggregates=332    
[52.5%] t=525.4 T0  aggregates=358    
[52.5%] t=525.5 T0  aggregates=353    
[52.6%] t=525.6 T0  aggregates=356    
[52.6%] t=525.7 T0  aggregates=353    
[52.6%] t=525.8 T0  aggregates=334    
[52.6%] t=525.9 T0  aggregates=355    
[52.6%] t=526.0 T0  aggregates=350    
[52.6%] t=526.1 T0  aggregates=352    
[52.6%] t=526.2 T0  aggregates=350    
[52.6%] t=526.3 T0  aggregates=354    
[52.6%] t=526.4 T0  aggregates=362    
[52.7%] t=526.5 T0  aggregates=353    
[52.7%] t=526.6 T0  aggregates=351    
[52.7%] t=526.7 T0  aggregates=358    
[52.7%] t=526.8 T0  aggregates=348    
[52.7%] t=526.9 T0  aggregates=348    
[52.7%] t=527.0 T0  aggregates=361    
[52.7%] t=527.1 T0  aggregates=348    
[52.7%] t=527.2 T0  aggregates=357    
[52.7%] t=527.3 T0  aggregates=346    
[52.7%] t=527.4 T0  aggregates=362    
[52.8%] t=527.5 T0  aggregates=358    
[52.8%] t=527.6 T0  aggregates=346    
[52.8%] t=527.7 T0  aggregates=351    
[52.8%] t=527.8 T0  aggregates=366    
[52.8%] t=527.9 T0  aggregates=360    
[52.8%] t=528.0 T0  aggregates=357    
[52.8%] t=528.1 T0  aggregates=368    
[52.8%] t=528.2 T0  aggregates=362    
[52.8%] t=528.3 T0  aggregates=383    
[52.8%] t=528.4 T0  aggregates=375    
[52.8%] t=528.5 T0  aggregates=369    
[52.9%] t=528.6 T0  aggregates=350    
[52.9%] t=528.7 T0  aggregates=361    
[52.9%] t=528.8 T0  aggregates=381    
[52.9%] t=528.9 T0  aggregates=381    
[52.9%] t=529.0 T0  aggregates=390    
[52.9%] t=529.1 T0  aggregates=398    
[52.9%] t=529.2 T0  aggregates=386    
[52.9%] t=529.3 T0  aggregates=396    
[52.9%] t=529.4 T0  aggregates=391    
[53.0%] t=529.5 T0  aggregates=356    
[53.0%] t=529.6 T0  aggregates=359    
[53.0%] t=529.7 T0  aggregates=362    
[53.0%] t=529.8 T0  aggregates=363    
[53.0%] t=529.9 T0  aggregates=371    
[53.0%] t=530.0 T0  aggregates=354    
[53.0%] t=530.1 T0  aggregates=352    
[53.0%] t=530.2 T0  aggregates=365    
[53.0%] t=530.3 T0  aggregates=367    
[53.0%] t=530.4 T0  aggregates=358    
[53.0%] t=530.5 T0  aggregates=352    
[53.1%] t=530.6 T0  aggregates=348    
[53.1%] t=530.7 T0  aggregates=365    
[53.1%] t=530.8 T0  aggregates=362    
[53.1%] t=530.9 T0  aggregates=357    
[53.1%] t=531.0 T0  aggregates=355    
[53.1%] t=531.1 T0  aggregates=352    
[53.1%] t=531.2 T0  aggregates=348    
[53.1%] t=531.3 T0  aggregates=344    
[53.1%] t=531.4 T0  aggregates=356    
[53.2%] t=531.5 T0  aggregates=346    
[53.2%] t=531.6 T0  aggregates=345    
[53.2%] t=531.7 T0  aggregates=353    
[53.2%] t=531.8 T0  aggregates=350    
[53.2%] t=531.9 T0  aggregates=350    
[53.2%] t=532.0 T0  aggregates=358    
[53.2%] t=532.1 T0  aggregates=346    
[53.2%] t=532.2 T0  aggregates=328    
[53.2%] t=532.3 T0  aggregates=338    
[53.2%] t=532.4 T0  aggregates=348    
[53.2%] t=532.5 T0  aggregates=396    
[53.3%] t=532.6 T0  aggregates=361    
[53.3%] t=532.7 T0  aggregates=350    
[53.3%] t=532.8 T0  aggregates=340    
[53.3%] t=532.9 T0  aggregates=393    
[53.3%] t=533.0 T0  aggregates=376    
[53.3%] t=533.1 T0  aggregates=348    
[53.3%] t=533.2 T0  aggregates=331    
[53.3%] t=533.3 T0  aggregates=339    
[53.3%] t=533.4 T0  aggregates=340    
[53.3%] t=533.5 T0  aggregates=330    
[53.4%] t=533.6 T0  aggregates=360    
[53.4%] t=533.7 T0  aggregates=356    
[53.4%] t=533.8 T0  aggregates=366    
[53.4%] t=533.9 T0  aggregates=371    
[53.4%] t=534.0 T0  aggregates=360    
[53.4%] t=534.1 T0  aggregates=344    
[53.4%] t=534.2 T0  aggregates=344    
[53.4%] t=534.3 T0  aggregates=330    
[53.4%] t=534.4 T0  aggregates=336    
[53.5%] t=534.5 T0  aggregates=323    
[53.5%] t=534.6 T0  aggregates=348    
[53.5%] t=534.7 T0  aggregates=350    
[53.5%] t=534.8 T0  aggregates=332    
[53.5%] t=534.9 T0  aggregates=337    
[53.5%] t=535.0 T0  aggregates=343    
[53.5%] t=535.1 T0  aggregates=339    
[53.5%] t=535.2 T0  aggregates=340    
[53.5%] t=535.3 T0  aggregates=340    
[53.5%] t=535.4 T0  aggregates=345    
[53.5%] t=535.5 T0  aggregates=349    
[53.6%] t=535.6 T0  aggregates=339    
[53.6%] t=535.7 T0  aggregates=340    
[53.6%] t=535.8 T0  aggregates=341    
[53.6%] t=535.9 T0  aggregates=355    
[53.6%] t=536.0 T0  aggregates=351    
[53.6%] t=536.1 T0  aggregates=371    
[53.6%] t=536.2 T0  aggregates=358    
[53.6%] t=536.3 T0  aggregates=340    
[53.6%] t=536.4 T0  aggregates=339    
[53.7%] t=536.5 T0  aggregates=336    
[53.7%] t=536.6 T0  aggregates=345    
[53.7%] t=536.7 T0  aggregates=347    
[53.7%] t=536.8 T0  aggregates=327    
[53.7%] t=536.9 T0  aggregates=323    
[53.7%] t=537.0 T0  aggregates=323    
[53.7%] t=537.1 T0  aggregates=320    
[53.7%] t=537.2 T0  aggregates=336    
[53.7%] t=537.3 T0  aggregates=330    
[53.7%] t=537.4 T0  aggregates=328    
[53.8%] t=537.5 T0  aggregates=321    
[53.8%] t=537.6 T0  aggregates=319    
[53.8%] t=537.7 T0  aggregates=320    
[53.8%] t=537.8 T0  aggregates=319    
[53.8%] t=537.9 T0  aggregates=316    
[53.8%] t=538.0 T0  aggregates=311    
[53.8%] t=538.1 T0  aggregates=306    
[53.8%] t=538.2 T0  aggregates=302    
[53.8%] t=538.3 T0  aggregates=323    
[53.8%] t=538.4 T0  aggregates=346    
[53.8%] t=538.5 T0  aggregates=310    
[53.9%] t=538.6 T0  aggregates=298    
[53.9%] t=538.7 T0  aggregates=290    
[53.9%] t=538.8 T0  aggregates=302    
[53.9%] t=538.9 T0  aggregates=296    
[53.9%] t=539.0 T0  aggregates=293    
[53.9%] t=539.1 T0  aggregates=292    
[53.9%] t=539.2 T0  aggregates=303    
[53.9%] t=539.3 T0  aggregates=293    
[53.9%] t=539.4 T0  aggregates=297    
[54.0%] t=539.5 T0  aggregates=294    
[54.0%] t=539.6 T0  aggregates=307    
[54.0%] t=539.7 T0  aggregates=292    
[54.0%] t=539.8 T0  aggregates=293    
[54.0%] t=539.9 T0  aggregates=305    
[54.0%] t=540.0 T0  aggregates=317    
[54.0%] t=540.1 T0  aggregates=311    
[54.0%] t=540.2 T0  aggregates=296    
[54.0%] t=540.3 T0  aggregates=308    
[54.0%] t=540.4 T0  aggregates=284    
[54.0%] t=540.5 T0  aggregates=291    
[54.1%] t=540.6 T0  aggregates=286    
[54.1%] t=540.7 T0  aggregates=290    
[54.1%] t=540.8 T0  aggregates=293    
[54.1%] t=540.9 T0  aggregates=333    
[54.1%] t=541.0 T0  aggregates=315    
[54.1%] t=541.1 T0  aggregates=323    
[54.1%] t=541.2 T0  aggregates=302    
[54.1%] t=541.3 T0  aggregates=316    
[54.1%] t=541.4 T0  aggregates=314    
[54.2%] t=541.5 T0  aggregates=305    
[54.2%] t=541.6 T0  aggregates=315    
[54.2%] t=541.7 T0  aggregates=341    
[54.2%] t=541.8 T0  aggregates=326    
[54.2%] t=541.9 T0  aggregates=297    
[54.2%] t=542.0 T0  aggregates=310    
[54.2%] t=542.1 T0  aggregates=309    
[54.2%] t=542.2 T0  aggregates=306    
[54.2%] t=542.3 T0  aggregates=312    
[54.2%] t=542.4 T0  aggregates=307    
[54.2%] t=542.5 T0  aggregates=320    
[54.3%] t=542.6 T0  aggregates=313    
[54.3%] t=542.7 T0  aggregates=298    
[54.3%] t=542.8 T0  aggregates=290    
[54.3%] t=542.9 T0  aggregates=294    
[54.3%] t=543.0 T0  aggregates=274    
[54.3%] t=543.1 T0  aggregates=282    
[54.3%] t=543.2 T0  aggregates=284    
[54.3%] t=543.3 T0  aggregates=287    
[54.3%] t=543.4 T0  aggregates=293    
[54.3%] t=543.5 T0  aggregates=274    
[54.4%] t=543.6 T0  aggregates=279    
[54.4%] t=543.7 T0  aggregates=277    
[54.4%] t=543.8 T0  aggregates=271    
[54.4%] t=543.9 T0  aggregates=281    
[54.4%] t=544.0 T0  aggregates=287    
[54.4%] t=544.1 T0  aggregates=326    
[54.4%] t=544.2 T0  aggregates=305    
[54.4%] t=544.3 T0  aggregates=290    
[54.4%] t=544.4 T0  aggregates=295    
[54.5%] t=544.5 T0  aggregates=301    
[54.5%] t=544.6 T0  aggregates=288    
[54.5%] t=544.7 T0  aggregates=291    
[54.5%] t=544.8 T0  aggregates=317    
[54.5%] t=544.9 T0  aggregates=308    
[54.5%] t=545.0 T0  aggregates=307    
[54.5%] t=545.1 T0  aggregates=326    
[54.5%] t=545.2 T0  aggregates=304    
[54.5%] t=545.3 T0  aggregates=318    
[54.5%] t=545.4 T0  aggregates=332    
[54.5%] t=545.5 T0  aggregates=347    
[54.6%] t=545.6 T0  aggregates=320    
[54.6%] t=545.7 T0  aggregates=302    
[54.6%] t=545.8 T0  aggregates=312    
[54.6%] t=545.9 T0  aggregates=313    
[54.6%] t=546.0 T0  aggregates=312    
[54.6%] t=546.1 T0  aggregates=303    
[54.6%] t=546.2 T0  aggregates=297    
[54.6%] t=546.3 T0  aggregates=318    
[54.6%] t=546.4 T0  aggregates=311    
[54.7%] t=546.5 T0  aggregates=301    
[54.7%] t=546.6 T0  aggregates=317    
[54.7%] t=546.7 T0  aggregates=293    
[54.7%] t=546.8 T0  aggregates=299    
[54.7%] t=546.9 T0  aggregates=317    
[54.7%] t=547.0 T0  aggregates=291    
[54.7%] t=547.1 T0  aggregates=283    
[54.7%] t=547.2 T0  aggregates=286    
[54.7%] t=547.3 T0  aggregates=302    
[54.7%] t=547.4 T0  aggregates=304    
[54.8%] t=547.5 T0  aggregates=297    
[54.8%] t=547.6 T0  aggregates=291    
[54.8%] t=547.7 T0  aggregates=296    
[54.8%] t=547.8 T0  aggregates=303    
[54.8%] t=547.9 T0  aggregates=289    
[54.8%] t=548.0 T0  aggregates=313    
[54.8%] t=548.1 T0  aggregates=281    
[54.8%] t=548.2 T0  aggregates=308    
[54.8%] t=548.3 T0  aggregates=306    
[54.8%] t=548.4 T0  aggregates=301    
[54.8%] t=548.5 T0  aggregates=304    
[54.9%] t=548.6 T0  aggregates=294    
[54.9%] t=548.7 T0  aggregates=295    
[54.9%] t=548.8 T0  aggregates=296    
[54.9%] t=548.9 T0  aggregates=300    
[54.9%] t=549.0 T0  aggregates=286    
[54.9%] t=549.1 T0  aggregates=301    
[54.9%] t=549.2 T0  aggregates=285    
[54.9%] t=549.3 T0  aggregates=297    
[54.9%] t=549.4 T0  aggregates=297    
[55.0%] t=549.5 T0  aggregates=281    
[55.0%] t=549.6 T0  aggregates=268    
[55.0%] t=549.7 T0  aggregates=276    
[55.0%] t=549.8 T0  aggregates=274    
[55.0%] t=549.9 T0  aggregates=276    
[55.0%] t=550.0 T0  aggregates=274    
[55.0%] t=550.1 T0  aggregates=292    
[55.0%] t=550.2 T0  aggregates=287    
[55.0%] t=550.3 T0  aggregates=283    
[55.0%] t=550.4 T0  aggregates=284    
[55.0%] t=550.5 T0  aggregates=279    
[55.1%] t=550.6 T0  aggregates=328    
[55.1%] t=550.7 T0  aggregates=314    
[55.1%] t=550.8 T0  aggregates=327    
[55.1%] t=550.9 T0  aggregates=332    
[55.1%] t=551.0 T0  aggregates=317    
[55.1%] t=551.1 T0  aggregates=305    
[55.1%] t=551.2 T0  aggregates=314    
[55.1%] t=551.3 T0  aggregates=311    
[55.1%] t=551.4 T0  aggregates=319    
[55.2%] t=551.5 T0  aggregates=316    
[55.2%] t=551.6 T0  aggregates=302    
[55.2%] t=551.7 T0  aggregates=297    
[55.2%] t=551.8 T0  aggregates=301    
[55.2%] t=551.9 T0  aggregates=288    
[55.2%] t=552.0 T0  aggregates=282    
[55.2%] t=552.1 T0  aggregates=282    
[55.2%] t=552.2 T0  aggregates=280    
[55.2%] t=552.3 T0  aggregates=280    
[55.2%] t=552.4 T0  aggregates=278    
[55.2%] t=552.5 T0  aggregates=293    
[55.3%] t=552.6 T0  aggregates=287    
[55.3%] t=552.7 T0  aggregates=299    
[55.3%] t=552.8 T0  aggregates=303    
[55.3%] t=552.9 T0  aggregates=284    
[55.3%] t=553.0 T0  aggregates=292    
[55.3%] t=553.1 T0  aggregates=292    
[55.3%] t=553.2 T0  aggregates=279    
[55.3%] t=553.3 T0  aggregates=306    
[55.3%] t=553.4 T0  aggregates=297    
[55.3%] t=553.5 T0  aggregates=284    
[55.4%] t=553.6 T0  aggregates=314    
[55.4%] t=553.7 T0  aggregates=295    
[55.4%] t=553.8 T0  aggregates=300    
[55.4%] t=553.9 T0  aggregates=319    
[55.4%] t=554.0 T0  aggregates=304    
[55.4%] t=554.1 T0  aggregates=306    
[55.4%] t=554.2 T0  aggregates=301    
[55.4%] t=554.3 T0  aggregates=321    
[55.4%] t=554.4 T0  aggregates=315    
[55.5%] t=554.5 T0  aggregates=299    
[55.5%] t=554.6 T0  aggregates=300    
[55.5%] t=554.7 T0  aggregates=300    
[55.5%] t=554.8 T0  aggregates=285    
[55.5%] t=554.9 T0  aggregates=303    
[55.5%] t=555.0 T0  aggregates=283    
[55.5%] t=555.1 T0  aggregates=308    
[55.5%] t=555.2 T0  aggregates=303    
[55.5%] t=555.3 T0  aggregates=303    
[55.5%] t=555.4 T0  aggregates=310    
[55.5%] t=555.5 T0  aggregates=316    
[55.6%] t=555.6 T0  aggregates=314    
[55.6%] t=555.7 T0  aggregates=291    
[55.6%] t=555.8 T0  aggregates=298    
[55.6%] t=555.9 T0  aggregates=318    
[55.6%] t=556.0 T0  aggregates=317    
[55.6%] t=556.1 T0  aggregates=305    
[55.6%] t=556.2 T0  aggregates=316    
[55.6%] t=556.3 T0  aggregates=318    
[55.6%] t=556.4 T0  aggregates=309    
[55.7%] t=556.5 T0  aggregates=315    
[55.7%] t=556.6 T0  aggregates=308    
[55.7%] t=556.7 T0  aggregates=327    
[55.7%] t=556.8 T0  aggregates=305    
[55.7%] t=556.9 T0  aggregates=309    
[55.7%] t=557.0 T0  aggregates=298    
[55.7%] t=557.1 T0  aggregates=315    
[55.7%] t=557.2 T0  aggregates=322    
[55.7%] t=557.3 T0  aggregates=358    
[55.7%] t=557.4 T0  aggregates=324    
[55.8%] t=557.5 T0  aggregates=330    
[55.8%] t=557.6 T0  aggregates=321    
[55.8%] t=557.7 T0  aggregates=311    
[55.8%] t=557.8 T0  aggregates=311    
[55.8%] t=557.9 T0  aggregates=318    
[55.8%] t=558.0 T0  aggregates=307    
[55.8%] t=558.1 T0  aggregates=315    
[55.8%] t=558.2 T0  aggregates=308    
[55.8%] t=558.3 T0  aggregates=322    
[55.8%] t=558.4 T0  aggregates=339    
[55.8%] t=558.5 T0  aggregates=309    
[55.9%] t=558.6 T0  aggregates=313    
[55.9%] t=558.7 T0  aggregates=307    
[55.9%] t=558.8 T0  aggregates=335    
[55.9%] t=558.9 T0  aggregates=330    
[55.9%] t=559.0 T0  aggregates=308    
[55.9%] t=559.1 T0  aggregates=312    
[55.9%] t=559.2 T0  aggregates=331    
[55.9%] t=559.3 T0  aggregates=341    
[55.9%] t=559.4 T0  aggregates=325    
[56.0%] t=559.5 T0  aggregates=346    
[56.0%] t=559.6 T0  aggregates=337    
[56.0%] t=559.7 T0  aggregates=322    
[56.0%] t=559.8 T0  aggregates=312    
[56.0%] t=559.9 T0  aggregates=308    
[56.0%] t=560.0 T0  aggregates=353    
[56.0%] t=560.1 T0  aggregates=330    
[56.0%] t=560.2 T0  aggregates=343    
[56.0%] t=560.3 T0  aggregates=339    
[56.0%] t=560.4 T0  aggregates=344    
[56.0%] t=560.5 T0  aggregates=331    
[56.1%] t=560.6 T0  aggregates=327    
[56.1%] t=560.7 T0  aggregates=360    
[56.1%] t=560.8 T0  aggregates=319    
[56.1%] t=560.9 T0  aggregates=344    
[56.1%] t=561.0 T0  aggregates=330    
[56.1%] t=561.1 T0  aggregates=331    
[56.1%] t=561.2 T0  aggregates=324    
[56.1%] t=561.3 T0  aggregates=336    
[56.1%] t=561.4 T0  aggregates=353    
[56.2%] t=561.5 T0  aggregates=345    
[56.2%] t=561.6 T0  aggregates=329    
[56.2%] t=561.7 T0  aggregates=336    
[56.2%] t=561.8 T0  aggregates=354    
[56.2%] t=561.9 T0  aggregates=343    
[56.2%] t=562.0 T0  aggregates=340    
[56.2%] t=562.1 T0  aggregates=355    
[56.2%] t=562.2 T0  aggregates=335    
[56.2%] t=562.3 T0  aggregates=348    
[56.2%] t=562.4 T0  aggregates=340    
[56.2%] t=562.5 T0  aggregates=348    
[56.3%] t=562.6 T0  aggregates=345    
[56.3%] t=562.7 T0  aggregates=342    
[56.3%] t=562.8 T0  aggregates=355    
[56.3%] t=562.9 T0  aggregates=344    
[56.3%] t=563.0 T0  aggregates=347    
[56.3%] t=563.1 T0  aggregates=349    
[56.3%] t=563.2 T0  aggregates=351    
[56.3%] t=563.3 T0  aggregates=348    
[56.3%] t=563.4 T0  aggregates=337    
[56.3%] t=563.5 T0  aggregates=336    
[56.4%] t=563.6 T0  aggregates=328    
[56.4%] t=563.7 T0  aggregates=332    
[56.4%] t=563.8 T0  aggregates=333    
[56.4%] t=563.9 T0  aggregates=348    
[56.4%] t=564.0 T0  aggregates=337    
[56.4%] t=564.1 T0  aggregates=347    
[56.4%] t=564.2 T0  aggregates=342    
[56.4%] t=564.3 T0  aggregates=348    
[56.4%] t=564.4 T0  aggregates=342    
[56.5%] t=564.5 T0  aggregates=357    
[56.5%] t=564.6 T0  aggregates=333    
[56.5%] t=564.7 T0  aggregates=339    
[56.5%] t=564.8 T0  aggregates=339    
[56.5%] t=564.9 T0  aggregates=353    
[56.5%] t=565.0 T0  aggregates=332    
[56.5%] t=565.1 T0  aggregates=337    
[56.5%] t=565.2 T0  aggregates=354    
[56.5%] t=565.3 T0  aggregates=348    
[56.5%] t=565.4 T0  aggregates=346    
[56.5%] t=565.5 T0  aggregates=346    
[56.6%] t=565.6 T0  aggregates=335    
[56.6%] t=565.7 T0  aggregates=347    
[56.6%] t=565.8 T0  aggregates=328    
[56.6%] t=565.9 T0  aggregates=337    
[56.6%] t=566.0 T0  aggregates=347    
[56.6%] t=566.1 T0  aggregates=344    
[56.6%] t=566.2 T0  aggregates=354    
[56.6%] t=566.3 T0  aggregates=357    
[56.6%] t=566.4 T0  aggregates=353    
[56.7%] t=566.5 T0  aggregates=345    
[56.7%] t=566.6 T0  aggregates=344    
[56.7%] t=566.7 T0  aggregates=350    
[56.7%] t=566.8 T0  aggregates=351    
[56.7%] t=566.9 T0  aggregates=346    
[56.7%] t=567.0 T0  aggregates=350    
[56.7%] t=567.1 T0  aggregates=363    
[56.7%] t=567.2 T0  aggregates=352    
[56.7%] t=567.3 T0  aggregates=346    
[56.7%] t=567.4 T0  aggregates=341    
[56.8%] t=567.5 T0  aggregates=356    
[56.8%] t=567.6 T0  aggregates=354    
[56.8%] t=567.7 T0  aggregates=345    
[56.8%] t=567.8 T0  aggregates=340    
[56.8%] t=567.9 T0  aggregates=346    
[56.8%] t=568.0 T0  aggregates=343    
[56.8%] t=568.1 T0  aggregates=343    
[56.8%] t=568.2 T0  aggregates=345    
[56.8%] t=568.3 T0  aggregates=363    
[56.8%] t=568.4 T0  aggregates=342    
[56.8%] t=568.5 T0  aggregates=357    
[56.9%] t=568.6 T0  aggregates=349    
[56.9%] t=568.7 T0  aggregates=333    
[56.9%] t=568.8 T0  aggregates=338    
[56.9%] t=568.9 T0  aggregates=350    
[56.9%] t=569.0 T0  aggregates=342    
[56.9%] t=569.1 T0  aggregates=342    
[56.9%] t=569.2 T0  aggregates=338    
[56.9%] t=569.3 T0  aggregates=336    
[56.9%] t=569.4 T0  aggregates=346    
[57.0%] t=569.5 T0  aggregates=353    
[57.0%] t=569.6 T0  aggregates=337    
[57.0%] t=569.7 T0  aggregates=331    
[57.0%] t=569.8 T0  aggregates=337    
[57.0%] t=569.9 T0  aggregates=334    
[57.0%] t=570.0 T0  aggregates=363    
[57.0%] t=570.1 T0  aggregates=351    
[57.0%] t=570.2 T0  aggregates=356    
[57.0%] t=570.3 T0  aggregates=382    
[57.0%] t=570.4 T0  aggregates=371    
[57.0%] t=570.5 T0  aggregates=356    
[57.1%] t=570.6 T0  aggregates=341    
[57.1%] t=570.7 T0  aggregates=349    
[57.1%] t=570.8 T0  aggregates=355    
[57.1%] t=570.9 T0  aggregates=354    
[57.1%] t=571.0 T0  aggregates=344    
[57.1%] t=571.1 T0  aggregates=346    
[57.1%] t=571.2 T0  aggregates=349    
[57.1%] t=571.3 T0  aggregates=349    
[57.1%] t=571.4 T0  aggregates=352    
[57.2%] t=571.5 T0  aggregates=345    
[57.2%] t=571.6 T0  aggregates=347    
[57.2%] t=571.7 T0  aggregates=336    
[57.2%] t=571.8 T0  aggregates=341    
[57.2%] t=571.9 T0  aggregates=343    
[57.2%] t=572.0 T0  aggregates=362    
[57.2%] t=572.1 T0  aggregates=361    
[57.2%] t=572.2 T0  aggregates=361    
[57.2%] t=572.3 T0  aggregates=362    
[57.2%] t=572.4 T0  aggregates=355    
[57.2%] t=572.5 T0  aggregates=362    
[57.3%] t=572.6 T0  aggregates=363    
[57.3%] t=572.7 T0  aggregates=350    
[57.3%] t=572.8 T0  aggregates=348    
[57.3%] t=572.9 T0  aggregates=362    
[57.3%] t=573.0 T0  aggregates=349    
[57.3%] t=573.1 T0  aggregates=349    
[57.3%] t=573.2 T0  aggregates=345    
[57.3%] t=573.3 T0  aggregates=355    
[57.3%] t=573.4 T0  aggregates=353    
[57.3%] t=573.5 T0  aggregates=358    
[57.4%] t=573.6 T0  aggregates=352    
[57.4%] t=573.7 T0  aggregates=342    
[57.4%] t=573.8 T0  aggregates=366    
[57.4%] t=573.9 T0  aggregates=380    
[57.4%] t=574.0 T0  aggregates=372    
[57.4%] t=574.1 T0  aggregates=364    
[57.4%] t=574.2 T0  aggregates=362    
[57.4%] t=574.3 T0  aggregates=382    
[57.4%] t=574.4 T0  aggregates=352    
[57.5%] t=574.5 T0  aggregates=346    
[57.5%] t=574.6 T0  aggregates=376    
[57.5%] t=574.7 T0  aggregates=362    
[57.5%] t=574.8 T0  aggregates=382    
[57.5%] t=574.9 T0  aggregates=366    
[57.5%] t=575.0 T0  aggregates=373    
[57.5%] t=575.1 T0  aggregates=355    
[57.5%] t=575.2 T0  aggregates=352    
[57.5%] t=575.3 T0  aggregates=351    
[57.5%] t=575.4 T0  aggregates=354    
[57.5%] t=575.5 T0  aggregates=344    
[57.6%] t=575.6 T0  aggregates=355    
[57.6%] t=575.7 T0  aggregates=343    
[57.6%] t=575.8 T0  aggregates=337    
[57.6%] t=575.9 T0  aggregates=330    
[57.6%] t=576.0 T0  aggregates=341    
[57.6%] t=576.1 T0  aggregates=344    
[57.6%] t=576.2 T0  aggregates=346    
[57.6%] t=576.3 T0  aggregates=333    
[57.6%] t=576.4 T0  aggregates=334    
[57.7%] t=576.5 T0  aggregates=348    
[57.7%] t=576.6 T0  aggregates=356    
[57.7%] t=576.7 T0  aggregates=353    
[57.7%] t=576.8 T0  aggregates=365    
[57.7%] t=576.9 T0  aggregates=344    
[57.7%] t=577.0 T0  aggregates=341    
[57.7%] t=577.1 T0  aggregates=338    
[57.7%] t=577.2 T0  aggregates=340    
[57.7%] t=577.3 T0  aggregates=348    
[57.7%] t=577.4 T0  aggregates=333    
[57.8%] t=577.5 T0  aggregates=331    
[57.8%] t=577.6 T0  aggregates=333    
[57.8%] t=577.7 T0  aggregates=329    
[57.8%] t=577.8 T0  aggregates=329    
[57.8%] t=577.9 T0  aggregates=347    
[57.8%] t=578.0 T0  aggregates=362    
[57.8%] t=578.1 T0  aggregates=338    
[57.8%] t=578.2 T0  aggregates=348    
[57.8%] t=578.3 T0  aggregates=336    
[57.8%] t=578.4 T0  aggregates=338    
[57.8%] t=578.5 T0  aggregates=344    
[57.9%] t=578.6 T0  aggregates=357    
[57.9%] t=578.7 T0  aggregates=356    
[57.9%] t=578.8 T0  aggregates=342    
[57.9%] t=578.9 T0  aggregates=337    
[57.9%] t=579.0 T0  aggregates=350    
[57.9%] t=579.1 T0  aggregates=351    
[57.9%] t=579.2 T0  aggregates=340    
[57.9%] t=579.3 T0  aggregates=336    
[57.9%] t=579.4 T0  aggregates=334    
[58.0%] t=579.5 T0  aggregates=349    
[58.0%] t=579.6 T0  aggregates=344    
[58.0%] t=579.7 T0  aggregates=332    
[58.0%] t=579.8 T0  aggregates=331    
[58.0%] t=579.9 T0  aggregates=333    
[58.0%] t=580.0 T0  aggregates=346    
[58.0%] t=580.1 T0  aggregates=337    
[58.0%] t=580.2 T0  aggregates=324    
[58.0%] t=580.3 T0  aggregates=320    
[58.0%] t=580.4 T0  aggregates=311    
[58.0%] t=580.5 T0  aggregates=327    
[58.1%] t=580.6 T0  aggregates=327    
[58.1%] t=580.7 T0  aggregates=330    
[58.1%] t=580.8 T0  aggregates=348    
[58.1%] t=580.9 T0  aggregates=336    
[58.1%] t=581.0 T0  aggregates=328    
[58.1%] t=581.1 T0  aggregates=323    
[58.1%] t=581.2 T0  aggregates=333    
[58.1%] t=581.3 T0  aggregates=334    
[58.1%] t=581.4 T0  aggregates=341    
[58.2%] t=581.5 T0  aggregates=327    
[58.2%] t=581.6 T0  aggregates=374    
[58.2%] t=581.7 T0  aggregates=345    
[58.2%] t=581.8 T0  aggregates=339    
[58.2%] t=581.9 T0  aggregates=338    
[58.2%] t=582.0 T0  aggregates=376    
[58.2%] t=582.1 T0  aggregates=340    
[58.2%] t=582.2 T0  aggregates=344    
[58.2%] t=582.3 T0  aggregates=338    
[58.2%] t=582.4 T0  aggregates=333    
[58.2%] t=582.5 T0  aggregates=342    
[58.3%] t=582.6 T0  aggregates=338    
[58.3%] t=582.7 T0  aggregates=355    
[58.3%] t=582.8 T0  aggregates=341    
[58.3%] t=582.9 T0  aggregates=347    
[58.3%] t=583.0 T0  aggregates=347    
[58.3%] t=583.1 T0  aggregates=348    
[58.3%] t=583.2 T0  aggregates=343    
[58.3%] t=583.3 T0  aggregates=351    
[58.3%] t=583.4 T0  aggregates=341    
[58.3%] t=583.5 T0  aggregates=384    
[58.4%] t=583.6 T0  aggregates=364    
[58.4%] t=583.7 T0  aggregates=346    
[58.4%] t=583.8 T0  aggregates=338    
[58.4%] t=583.9 T0  aggregates=345    
[58.4%] t=584.0 T0  aggregates=349    
[58.4%] t=584.1 T0  aggregates=344    
[58.4%] t=584.2 T0  aggregates=357    
[58.4%] t=584.3 T0  aggregates=342    
[58.4%] t=584.4 T0  aggregates=347    
[58.5%] t=584.5 T0  aggregates=361    
[58.5%] t=584.6 T0  aggregates=352    
[58.5%] t=584.7 T0  aggregates=351    
[58.5%] t=584.8 T0  aggregates=338    
[58.5%] t=584.9 T0  aggregates=337    
[58.5%] t=585.0 T0  aggregates=349    
[58.5%] t=585.1 T0  aggregates=344    
[58.5%] t=585.2 T0  aggregates=339    
[58.5%] t=585.3 T0  aggregates=349    
[58.5%] t=585.4 T0  aggregates=348    
[58.5%] t=585.5 T0  aggregates=362    
[58.6%] t=585.6 T0  aggregates=363    
[58.6%] t=585.7 T0  aggregates=343    
[58.6%] t=585.8 T0  aggregates=347    
[58.6%] t=585.9 T0  aggregates=339    
[58.6%] t=586.0 T0  aggregates=349    
[58.6%] t=586.1 T0  aggregates=348    
[58.6%] t=586.2 T0  aggregates=359    
[58.6%] t=586.3 T0  aggregates=344    
[58.6%] t=586.4 T0  aggregates=366    
[58.7%] t=586.5 T0  aggregates=350    
[58.7%] t=586.6 T0  aggregates=360    
[58.7%] t=586.7 T0  aggregates=351    
[58.7%] t=586.8 T0  aggregates=366    
[58.7%] t=586.9 T0  aggregates=341    
[58.7%] t=587.0 T0  aggregates=338    
[58.7%] t=587.1 T0  aggregates=339    
[58.7%] t=587.2 T0  aggregates=347    
[58.7%] t=587.3 T0  aggregates=340    
[58.7%] t=587.4 T0  aggregates=350    
[58.8%] t=587.5 T0  aggregates=330    
[58.8%] t=587.6 T0  aggregates=331    
[58.8%] t=587.7 T0  aggregates=339    
[58.8%] t=587.8 T0  aggregates=337    
[58.8%] t=587.9 T0  aggregates=330    
[58.8%] t=588.0 T0  aggregates=328    
[58.8%] t=588.1 T0  aggregates=324    
[58.8%] t=588.2 T0  aggregates=331    
[58.8%] t=588.3 T0  aggregates=326    
[58.8%] t=588.4 T0  aggregates=353    
[58.8%] t=588.5 T0  aggregates=376    
[58.9%] t=588.6 T0  aggregates=360    
[58.9%] t=588.7 T0  aggregates=353    
[58.9%] t=588.8 T0  aggregates=363    
[58.9%] t=588.9 T0  aggregates=374    
[58.9%] t=589.0 T0  aggregates=336    
[58.9%] t=589.1 T0  aggregates=335    
[58.9%] t=589.2 T0  aggregates=341    
[58.9%] t=589.3 T0  aggregates=343    
[58.9%] t=589.4 T0  aggregates=361    
[59.0%] t=589.5 T0  aggregates=343    
[59.0%] t=589.6 T0  aggregates=361    
[59.0%] t=589.7 T0  aggregates=339    
[59.0%] t=589.8 T0  aggregates=343    
[59.0%] t=589.9 T0  aggregates=346    
[59.0%] t=590.0 T0  aggregates=361    
[59.0%] t=590.1 T0  aggregates=351    
[59.0%] t=590.2 T0  aggregates=343    
[59.0%] t=590.3 T0  aggregates=352    
[59.0%] t=590.4 T0  aggregates=320    
[59.0%] t=590.5 T0  aggregates=331    
[59.1%] t=590.6 T0  aggregates=343    
[59.1%] t=590.7 T0  aggregates=354    
[59.1%] t=590.8 T0  aggregates=333    
[59.1%] t=590.9 T0  aggregates=342    
[59.1%] t=591.0 T0  aggregates=341    
[59.1%] t=591.1 T0  aggregates=335    
[59.1%] t=591.2 T0  aggregates=333    
[59.1%] t=591.3 T0  aggregates=332    
[59.1%] t=591.4 T0  aggregates=325    
[59.2%] t=591.5 T0  aggregates=322    
[59.2%] t=591.6 T0  aggregates=320    
[59.2%] t=591.7 T0  aggregates=343    
[59.2%] t=591.8 T0  aggregates=330    
[59.2%] t=591.9 T0  aggregates=367    
[59.2%] t=592.0 T0  aggregates=333    
[59.2%] t=592.1 T0  aggregates=315    
[59.2%] t=592.2 T0  aggregates=330    
[59.2%] t=592.3 T0  aggregates=343    
[59.2%] t=592.4 T0  aggregates=322    
[59.2%] t=592.5 T0  aggregates=315    
[59.3%] t=592.6 T0  aggregates=317    
[59.3%] t=592.7 T0  aggregates=312    
[59.3%] t=592.8 T0  aggregates=332    
[59.3%] t=592.9 T0  aggregates=310    
[59.3%] t=593.0 T0  aggregates=319    
[59.3%] t=593.1 T0  aggregates=321    
[59.3%] t=593.2 T0  aggregates=320    
[59.3%] t=593.3 T0  aggregates=312    
[59.3%] t=593.4 T0  aggregates=325    
[59.3%] t=593.5 T0  aggregates=361    
[59.4%] t=593.6 T0  aggregates=331    
[59.4%] t=593.7 T0  aggregates=347    
[59.4%] t=593.8 T0  aggregates=352    
[59.4%] t=593.9 T0  aggregates=333    
[59.4%] t=594.0 T0  aggregates=341    
[59.4%] t=594.1 T0  aggregates=324    
[59.4%] t=594.2 T0  aggregates=337    
[59.4%] t=594.3 T0  aggregates=330    
[59.4%] t=594.4 T0  aggregates=328    
[59.5%] t=594.5 T0  aggregates=327    
[59.5%] t=594.6 T0  aggregates=321    
[59.5%] t=594.7 T0  aggregates=324    
[59.5%] t=594.8 T0  aggregates=318    
[59.5%] t=594.9 T0  aggregates=317    
[59.5%] t=595.0 T0  aggregates=351    
[59.5%] t=595.1 T0  aggregates=345    
[59.5%] t=595.2 T0  aggregates=329    
[59.5%] t=595.3 T0  aggregates=339    
[59.5%] t=595.4 T0  aggregates=323    
[59.5%] t=595.5 T0  aggregates=327    
[59.6%] t=595.6 T0  aggregates=333    
[59.6%] t=595.7 T0  aggregates=345    
[59.6%] t=595.8 T0  aggregates=339    
[59.6%] t=595.9 T0  aggregates=354    
[59.6%] t=596.0 T0  aggregates=317    
[59.6%] t=596.1 T0  aggregates=330    
[59.6%] t=596.2 T0  aggregates=322    
[59.6%] t=596.3 T0  aggregates=334    
[59.6%] t=596.4 T0  aggregates=327    
[59.7%] t=596.5 T0  aggregates=343    
[59.7%] t=596.6 T0  aggregates=329    
[59.7%] t=596.7 T0  aggregates=341    
[59.7%] t=596.8 T0  aggregates=316    
[59.7%] t=596.9 T0  aggregates=338    
[59.7%] t=597.0 T0  aggregates=359    
[59.7%] t=597.1 T0  aggregates=357    
[59.7%] t=597.2 T0  aggregates=334    
[59.7%] t=597.3 T0  aggregates=345    
[59.7%] t=597.4 T0  aggregates=324    
[59.8%] t=597.5 T0  aggregates=339    
[59.8%] t=597.6 T0  aggregates=323    
[59.8%] t=597.7 T0  aggregates=326    
[59.8%] t=597.8 T0  aggregates=353    
[59.8%] t=597.9 T0  aggregates=387    
[59.8%] t=598.0 T0  aggregates=357    
[59.8%] t=598.1 T0  aggregates=343    
[59.8%] t=598.2 T0  aggregates=327    
[59.8%] t=598.3 T0  aggregates=339    
[59.8%] t=598.4 T0  aggregates=324    
[59.8%] t=598.5 T0  aggregates=330    
[59.9%] t=598.6 T0  aggregates=312    
[59.9%] t=598.7 T0  aggregates=333    
[59.9%] t=598.8 T0  aggregates=322    
[59.9%] t=598.9 T0  aggregates=332    
[59.9%] t=599.0 T0  aggregates=321    
[59.9%] t=599.1 T0  aggregates=328    
[59.9%] t=599.2 T0  aggregates=330    
[59.9%] t=599.3 T0  aggregates=343    
[59.9%] t=599.4 T0  aggregates=345    
[60.0%] t=599.5 T0  aggregates=328    
[60.0%] t=599.6 T0  aggregates=351    
[60.0%] t=599.7 T0  aggregates=352    
[60.0%] t=599.8 T0  aggregates=335    
[60.0%] t=599.9 T0  aggregates=353    
[60.0%] t=600.0 T0  aggregates=346    
[60.0%] t=600.1 T0  aggregates=341    
[60.0%] t=600.2 T0  aggregates=347    
[60.0%] t=600.3 T0  aggregates=348    
[60.0%] t=600.4 T0  aggregates=326    
[60.0%] t=600.5 T0  aggregates=329    
[60.1%] t=600.6 T0  aggregates=330    
[60.1%] t=600.7 T0  aggregates=337    
[60.1%] t=600.8 T0  aggregates=352    
[60.1%] t=600.9 T0  aggregates=363    
[60.1%] t=601.0 T0  aggregates=355    
[60.1%] t=601.1 T0  aggregates=345    
[60.1%] t=601.2 T0  aggregates=337    
[60.1%] t=601.3 T0  aggregates=352    
[60.1%] t=601.4 T0  aggregates=348    
[60.2%] t=601.5 T0  aggregates=342    
[60.2%] t=601.6 T0  aggregates=335    
[60.2%] t=601.7 T0  aggregates=321    
[60.2%] t=601.8 T0  aggregates=344    
[60.2%] t=601.9 T0  aggregates=338    
[60.2%] t=602.0 T0  aggregates=336    
[60.2%] t=602.1 T0  aggregates=345    
[60.2%] t=602.2 T0  aggregates=356    
[60.2%] t=602.3 T0  aggregates=341    
[60.2%] t=602.4 T0  aggregates=333    
[60.2%] t=602.5 T0  aggregates=326    
[60.3%] t=602.6 T0  aggregates=332    
[60.3%] t=602.7 T0  aggregates=330    
[60.3%] t=602.8 T0  aggregates=350    
[60.3%] t=602.9 T0  aggregates=343    
[60.3%] t=603.0 T0  aggregates=343    
[60.3%] t=603.1 T0  aggregates=348    
[60.3%] t=603.2 T0  aggregates=346    
[60.3%] t=603.3 T0  aggregates=340    
[60.3%] t=603.4 T0  aggregates=354    
[60.3%] t=603.5 T0  aggregates=337    
[60.4%] t=603.6 T0  aggregates=345    
[60.4%] t=603.7 T0  aggregates=356    
[60.4%] t=603.8 T0  aggregates=361    
[60.4%] t=603.9 T0  aggregates=360    
[60.4%] t=604.0 T0  aggregates=347    
[60.4%] t=604.1 T0  aggregates=348    
[60.4%] t=604.2 T0  aggregates=358    
[60.4%] t=604.3 T0  aggregates=358    
[60.4%] t=604.4 T0  aggregates=356    
[60.5%] t=604.5 T0  aggregates=331    
[60.5%] t=604.6 T0  aggregates=342    
[60.5%] t=604.7 T0  aggregates=345    
[60.5%] t=604.8 T0  aggregates=344    
[60.5%] t=604.9 T0  aggregates=343    
[60.5%] t=605.0 T0  aggregates=349    
[60.5%] t=605.1 T0  aggregates=349    
[60.5%] t=605.2 T0  aggregates=360    
[60.5%] t=605.3 T0  aggregates=329    
[60.5%] t=605.4 T0  aggregates=348    
[60.5%] t=605.5 T0  aggregates=353    
[60.6%] t=605.6 T0  aggregates=338    
[60.6%] t=605.7 T0  aggregates=354    
[60.6%] t=605.8 T0  aggregates=369    
[60.6%] t=605.9 T0  aggregates=336    
[60.6%] t=606.0 T0  aggregates=358    
[60.6%] t=606.1 T0  aggregates=349    
[60.6%] t=606.2 T0  aggregates=353    
[60.6%] t=606.3 T0  aggregates=350    
[60.6%] t=606.4 T0  aggregates=354    
[60.7%] t=606.5 T0  aggregates=352    
[60.7%] t=606.6 T0  aggregates=345    
[60.7%] t=606.7 T0  aggregates=359    
[60.7%] t=606.8 T0  aggregates=380    
[60.7%] t=606.9 T0  aggregates=390    
[60.7%] t=607.0 T0  aggregates=376    
[60.7%] t=607.1 T0  aggregates=372    
[60.7%] t=607.2 T0  aggregates=362    
[60.7%] t=607.3 T0  aggregates=380    
[60.7%] t=607.4 T0  aggregates=359    
[60.8%] t=607.5 T0  aggregates=371    
[60.8%] t=607.6 T0  aggregates=358    
[60.8%] t=607.7 T0  aggregates=352    
[60.8%] t=607.8 T0  aggregates=340    
[60.8%] t=607.9 T0  aggregates=342    
[60.8%] t=608.0 T0  aggregates=339    
[60.8%] t=608.1 T0  aggregates=340    
[60.8%] t=608.2 T0  aggregates=346    
[60.8%] t=608.3 T0  aggregates=356    
[60.8%] t=608.4 T0  aggregates=358    
[60.8%] t=608.5 T0  aggregates=374    
[60.9%] t=608.6 T0  aggregates=355    
[60.9%] t=608.7 T0  aggregates=356    
[60.9%] t=608.8 T0  aggregates=351    
[60.9%] t=608.9 T0  aggregates=351    
[60.9%] t=609.0 T0  aggregates=343    
[60.9%] t=609.1 T0  aggregates=354    
[60.9%] t=609.2 T0  aggregates=354    
[60.9%] t=609.3 T0  aggregates=369    
[60.9%] t=609.4 T0  aggregates=372    
[61.0%] t=609.5 T0  aggregates=343    
[61.0%] t=609.6 T0  aggregates=353    
[61.0%] t=609.7 T0  aggregates=357    
[61.0%] t=609.8 T0  aggregates=353    
[61.0%] t=609.9 T0  aggregates=360    
[61.0%] t=610.0 T0  aggregates=363    
[61.0%] t=610.1 T0  aggregates=365    
[61.0%] t=610.2 T0  aggregates=349    
[61.0%] t=610.3 T0  aggregates=344    
[61.0%] t=610.4 T0  aggregates=348    
[61.0%] t=610.5 T0  aggregates=354    
[61.1%] t=610.6 T0  aggregates=345    
[61.1%] t=610.7 T0  aggregates=362    
[61.1%] t=610.8 T0  aggregates=359    
[61.1%] t=610.9 T0  aggregates=348    
[61.1%] t=611.0 T0  aggregates=352    
[61.1%] t=611.1 T0  aggregates=335    
[61.1%] t=611.2 T0  aggregates=346    
[61.1%] t=611.3 T0  aggregates=351    
[61.1%] t=611.4 T0  aggregates=377    
[61.2%] t=611.5 T0  aggregates=375    
[61.2%] t=611.6 T0  aggregates=375    
[61.2%] t=611.7 T0  aggregates=356    
[61.2%] t=611.8 T0  aggregates=366    
[61.2%] t=611.9 T0  aggregates=357    
[61.2%] t=612.0 T0  aggregates=381    
[61.2%] t=612.1 T0  aggregates=375    
[61.2%] t=612.2 T0  aggregates=356    
[61.2%] t=612.3 T0  aggregates=364    
[61.2%] t=612.4 T0  aggregates=378    
[61.2%] t=612.5 T0  aggregates=349    
[61.3%] t=612.6 T0  aggregates=354    
[61.3%] t=612.7 T0  aggregates=376    
[61.3%] t=612.8 T0  aggregates=384    
[61.3%] t=612.9 T0  aggregates=348    
[61.3%] t=613.0 T0  aggregates=373    
[61.3%] t=613.1 T0  aggregates=349    
[61.3%] t=613.2 T0  aggregates=361    
[61.3%] t=613.3 T0  aggregates=347    
[61.3%] t=613.4 T0  aggregates=351    
[61.3%] t=613.5 T0  aggregates=337    
[61.4%] t=613.6 T0  aggregates=359    
[61.4%] t=613.7 T0  aggregates=356    
[61.4%] t=613.8 T0  aggregates=376    
[61.4%] t=613.9 T0  aggregates=352    
[61.4%] t=614.0 T0  aggregates=346    
[61.4%] t=614.1 T0  aggregates=361    
[61.4%] t=614.2 T0  aggregates=376    
[61.4%] t=614.3 T0  aggregates=371    
[61.4%] t=614.4 T0  aggregates=381    
[61.5%] t=614.5 T0  aggregates=357    
[61.5%] t=614.6 T0  aggregates=368    
[61.5%] t=614.7 T0  aggregates=368    
[61.5%] t=614.8 T0  aggregates=353    
[61.5%] t=614.9 T0  aggregates=354    
[61.5%] t=615.0 T0  aggregates=342    
[61.5%] t=615.1 T0  aggregates=347    
[61.5%] t=615.2 T0  aggregates=364    
[61.5%] t=615.3 T0  aggregates=333    
[61.5%] t=615.4 T0  aggregates=353    
[61.5%] t=615.5 T0  aggregates=351    
[61.6%] t=615.6 T0  aggregates=358    
[61.6%] t=615.7 T0  aggregates=354    
[61.6%] t=615.8 T0  aggregates=352    
[61.6%] t=615.9 T0  aggregates=355    
[61.6%] t=616.0 T0  aggregates=369    
[61.6%] t=616.1 T0  aggregates=371    
[61.6%] t=616.2 T0  aggregates=363    
[61.6%] t=616.3 T0  aggregates=363    
[61.6%] t=616.4 T0  aggregates=375    
[61.7%] t=616.5 T0  aggregates=361    
[61.7%] t=616.6 T0  aggregates=365    
[61.7%] t=616.7 T0  aggregates=376    
[61.7%] t=616.8 T0  aggregates=357    
[61.7%] t=616.9 T0  aggregates=360    
[61.7%] t=617.0 T0  aggregates=354    
[61.7%] t=617.1 T0  aggregates=376    
[61.7%] t=617.2 T0  aggregates=357    
[61.7%] t=617.3 T0  aggregates=375    
[61.7%] t=617.4 T0  aggregates=393    
[61.8%] t=617.5 T0  aggregates=392    
[61.8%] t=617.6 T0  aggregates=382    
[61.8%] t=617.7 T0  aggregates=379    
[61.8%] t=617.8 T0  aggregates=356    
[61.8%] t=617.9 T0  aggregates=361    
[61.8%] t=618.0 T0  aggregates=364    
[61.8%] t=618.1 T0  aggregates=361    
[61.8%] t=618.2 T0  aggregates=350    
[61.8%] t=618.3 T0  aggregates=371    
[61.8%] t=618.4 T0  aggregates=367    
[61.8%] t=618.5 T0  aggregates=368    
[61.9%] t=618.6 T0  aggregates=354    
[61.9%] t=618.7 T0  aggregates=371    
[61.9%] t=618.8 T0  aggregates=366    
[61.9%] t=618.9 T0  aggregates=357    
[61.9%] t=619.0 T0  aggregates=364    
[61.9%] t=619.1 T0  aggregates=375    
[61.9%] t=619.2 T0  aggregates=377    
[61.9%] t=619.3 T0  aggregates=406    
[61.9%] t=619.4 T0  aggregates=386    
[62.0%] t=619.5 T0  aggregates=369    
[62.0%] t=619.6 T0  aggregates=354    
[62.0%] t=619.7 T0  aggregates=357    
[62.0%] t=619.8 T0  aggregates=347    
[62.0%] t=619.9 T0  aggregates=371    
[62.0%] t=620.0 T0  aggregates=383    
[62.0%] t=620.1 T0  aggregates=399    
[62.0%] t=620.2 T0  aggregates=373    
[62.0%] t=620.3 T0  aggregates=375    
[62.0%] t=620.4 T0  aggregates=371    
[62.0%] t=620.5 T0  aggregates=383    
[62.1%] t=620.6 T0  aggregates=364    
[62.1%] t=620.7 T0  aggregates=351    
[62.1%] t=620.8 T0  aggregates=357    
[62.1%] t=620.9 T0  aggregates=354    
[62.1%] t=621.0 T0  aggregates=358    
[62.1%] t=621.1 T0  aggregates=382    
[62.1%] t=621.2 T0  aggregates=384    
[62.1%] t=621.3 T0  aggregates=369    
[62.1%] t=621.4 T0  aggregates=366    
[62.2%] t=621.5 T0  aggregates=358    
[62.2%] t=621.6 T0  aggregates=384    
[62.2%] t=621.7 T0  aggregates=386    
[62.2%] t=621.8 T0  aggregates=367    
[62.2%] t=621.9 T0  aggregates=372    
[62.2%] t=622.0 T0  aggregates=370    
[62.2%] t=622.1 T0  aggregates=395    
[62.2%] t=622.2 T0  aggregates=365    
[62.2%] t=622.3 T0  aggregates=375    
[62.2%] t=622.4 T0  aggregates=378    
[62.2%] t=622.5 T0  aggregates=397    
[62.3%] t=622.6 T0  aggregates=371    
[62.3%] t=622.7 T0  aggregates=368    
[62.3%] t=622.8 T0  aggregates=340    
[62.3%] t=622.9 T0  aggregates=362    
[62.3%] t=623.0 T0  aggregates=357    
[62.3%] t=623.1 T0  aggregates=348    
[62.3%] t=623.2 T0  aggregates=336    
[62.3%] t=623.3 T0  aggregates=348    
[62.3%] t=623.4 T0  aggregates=352    
[62.3%] t=623.5 T0  aggregates=329    
[62.4%] t=623.6 T0  aggregates=350    
[62.4%] t=623.7 T0  aggregates=344    
[62.4%] t=623.8 T0  aggregates=329    
[62.4%] t=623.9 T0  aggregates=321    
[62.4%] t=624.0 T0  aggregates=342    
[62.4%] t=624.1 T0  aggregates=354    
[62.4%] t=624.2 T0  aggregates=320    
[62.4%] t=624.3 T0  aggregates=325    
[62.4%] t=624.4 T0  aggregates=339    
[62.5%] t=624.5 T0  aggregates=315    
[62.5%] t=624.6 T0  aggregates=312    
[62.5%] t=624.7 T0  aggregates=308    
[62.5%] t=624.8 T0  aggregates=321    
[62.5%] t=624.9 T0  aggregates=301    
[62.5%] t=625.0 T0  aggregates=340    
[62.5%] t=625.1 T0  aggregates=314    
[62.5%] t=625.2 T0  aggregates=344    
[62.5%] t=625.3 T0  aggregates=312    
[62.5%] t=625.4 T0  aggregates=311    
[62.5%] t=625.5 T0  aggregates=302    
[62.6%] t=625.6 T0  aggregates=292    
[62.6%] t=625.7 T0  aggregates=315    
[62.6%] t=625.8 T0  aggregates=309    
[62.6%] t=625.9 T0  aggregates=303    
[62.6%] t=626.0 T0  aggregates=320    
[62.6%] t=626.1 T0  aggregates=321    
[62.6%] t=626.2 T0  aggregates=363    
[62.6%] t=626.3 T0  aggregates=350    
[62.6%] t=626.4 T0  aggregates=337    
[62.7%] t=626.5 T0  aggregates=315    
[62.7%] t=626.6 T0  aggregates=314    
[62.7%] t=626.7 T0  aggregates=319    
[62.7%] t=626.8 T0  aggregates=340    
[62.7%] t=626.9 T0  aggregates=311    
[62.7%] t=627.0 T0  aggregates=303    
[62.7%] t=627.1 T0  aggregates=305    
[62.7%] t=627.2 T0  aggregates=311    
[62.7%] t=627.3 T0  aggregates=307    
[62.7%] t=627.4 T0  aggregates=322    
[62.8%] t=627.5 T0  aggregates=311    
[62.8%] t=627.6 T0  aggregates=303    
[62.8%] t=627.7 T0  aggregates=300    
[62.8%] t=627.8 T0  aggregates=302    
[62.8%] t=627.9 T0  aggregates=339    
[62.8%] t=628.0 T0  aggregates=336    
[62.8%] t=628.1 T0  aggregates=300    
[62.8%] t=628.2 T0  aggregates=298    
[62.8%] t=628.3 T0  aggregates=296    
[62.8%] t=628.4 T0  aggregates=286    
[62.8%] t=628.5 T0  aggregates=299    
[62.9%] t=628.6 T0  aggregates=301    
[62.9%] t=628.7 T0  aggregates=294    
[62.9%] t=628.8 T0  aggregates=330    
[62.9%] t=628.9 T0  aggregates=307    
[62.9%] t=629.0 T0  aggregates=290    
[62.9%] t=629.1 T0  aggregates=290    
[62.9%] t=629.2 T0  aggregates=292    
[62.9%] t=629.3 T0  aggregates=281    
[62.9%] t=629.4 T0  aggregates=276    
[63.0%] t=629.5 T0  aggregates=284    
[63.0%] t=629.6 T0  aggregates=286    
[63.0%] t=629.7 T0  aggregates=287    
[63.0%] t=629.8 T0  aggregates=295    
[63.0%] t=629.9 T0  aggregates=301    
[63.0%] t=630.0 T0  aggregates=312    
[63.0%] t=630.1 T0  aggregates=294    
[63.0%] t=630.2 T0  aggregates=294    
[63.0%] t=630.3 T0  aggregates=280    
[63.0%] t=630.4 T0  aggregates=288    
[63.0%] t=630.5 T0  aggregates=284    
[63.1%] t=630.6 T0  aggregates=311    
[63.1%] t=630.7 T0  aggregates=275    
[63.1%] t=630.8 T0  aggregates=287    
[63.1%] t=630.9 T0  aggregates=277    
[63.1%] t=631.0 T0  aggregates=307    
[63.1%] t=631.1 T0  aggregates=283    
[63.1%] t=631.2 T0  aggregates=272    
[63.1%] t=631.3 T0  aggregates=283    
[63.1%] t=631.4 T0  aggregates=280    
[63.2%] t=631.5 T0  aggregates=279    
[63.2%] t=631.6 T0  aggregates=275    
[63.2%] t=631.7 T0  aggregates=301    
[63.2%] t=631.8 T0  aggregates=288    
[63.2%] t=631.9 T0  aggregates=276    
[63.2%] t=632.0 T0  aggregates=283    
[63.2%] t=632.1 T0  aggregates=281    
[63.2%] t=632.2 T0  aggregates=301    
[63.2%] t=632.3 T0  aggregates=286    
[63.2%] t=632.4 T0  aggregates=282    
[63.2%] t=632.5 T0  aggregates=288    
[63.3%] t=632.6 T0  aggregates=283    
[63.3%] t=632.7 T0  aggregates=279    
[63.3%] t=632.8 T0  aggregates=296    
[63.3%] t=632.9 T0  aggregates=277    
[63.3%] t=633.0 T0  aggregates=268    
[63.3%] t=633.1 T0  aggregates=258    
[63.3%] t=633.2 T0  aggregates=280    
[63.3%] t=633.3 T0  aggregates=305    
[63.3%] t=633.4 T0  aggregates=286    
[63.3%] t=633.5 T0  aggregates=285    
[63.4%] t=633.6 T0  aggregates=278    
[63.4%] t=633.7 T0  aggregates=292    
[63.4%] t=633.8 T0  aggregates=275    
[63.4%] t=633.9 T0  aggregates=267    
[63.4%] t=634.0 T0  aggregates=284    
[63.4%] t=634.1 T0  aggregates=286    
[63.4%] t=634.2 T0  aggregates=297    
[63.4%] t=634.3 T0  aggregates=289    
[63.4%] t=634.4 T0  aggregates=286    
[63.5%] t=634.5 T0  aggregates=287    
[63.5%] t=634.6 T0  aggregates=289    
[63.5%] t=634.7 T0  aggregates=265    
[63.5%] t=634.8 T0  aggregates=255    
[63.5%] t=634.9 T0  aggregates=266    
[63.5%] t=635.0 T0  aggregates=270    
[63.5%] t=635.1 T0  aggregates=266    
[63.5%] t=635.2 T0  aggregates=274    
[63.5%] t=635.3 T0  aggregates=263    
[63.5%] t=635.4 T0  aggregates=274    
[63.5%] t=635.5 T0  aggregates=271    
[63.6%] t=635.6 T0  aggregates=265    
[63.6%] t=635.7 T0  aggregates=261    
[63.6%] t=635.8 T0  aggregates=294    
[63.6%] t=635.9 T0  aggregates=281    
[63.6%] t=636.0 T0  aggregates=277    
[63.6%] t=636.1 T0  aggregates=272    
[63.6%] t=636.2 T0  aggregates=265    
[63.6%] t=636.3 T0  aggregates=260    
[63.6%] t=636.4 T0  aggregates=279    
[63.7%] t=636.5 T0  aggregates=270    
[63.7%] t=636.6 T0  aggregates=266    
[63.7%] t=636.7 T0  aggregates=256    
[63.7%] t=636.8 T0  aggregates=261    
[63.7%] t=636.9 T0  aggregates=253    
[63.7%] t=637.0 T0  aggregates=258    
[63.7%] t=637.1 T0  aggregates=244    
[63.7%] t=637.2 T0  aggregates=259    
[63.7%] t=637.3 T0  aggregates=254    
[63.7%] t=637.4 T0  aggregates=246    
[63.8%] t=637.5 T0  aggregates=277    
[63.8%] t=637.6 T0  aggregates=251    
[63.8%] t=637.7 T0  aggregates=252    
[63.8%] t=637.8 T0  aggregates=256    
[63.8%] t=637.9 T0  aggregates=262    
[63.8%] t=638.0 T0  aggregates=256    
[63.8%] t=638.1 T0  aggregates=255    
[63.8%] t=638.2 T0  aggregates=236    
[63.8%] t=638.3 T0  aggregates=248    
[63.8%] t=638.4 T0  aggregates=256    
[63.8%] t=638.5 T0  aggregates=259    
[63.9%] t=638.6 T0  aggregates=246    
[63.9%] t=638.7 T0  aggregates=244    
[63.9%] t=638.8 T0  aggregates=259    
[63.9%] t=638.9 T0  aggregates=281    
[63.9%] t=639.0 T0  aggregates=289    
[63.9%] t=639.1 T0  aggregates=281    
[63.9%] t=639.2 T0  aggregates=254    
[63.9%] t=639.3 T0  aggregates=248    
[63.9%] t=639.4 T0  aggregates=271    
[64.0%] t=639.5 T0  aggregates=268    
[64.0%] t=639.6 T0  aggregates=257    
[64.0%] t=639.7 T0  aggregates=263    
[64.0%] t=639.8 T0  aggregates=249    
[64.0%] t=639.9 T0  aggregates=252    
[64.0%] t=640.0 T0  aggregates=241    
[64.0%] t=640.1 T0  aggregates=256    
[64.0%] t=640.2 T0  aggregates=247    
[64.0%] t=640.3 T0  aggregates=234    
[64.0%] t=640.4 T0  aggregates=225    
[64.1%] t=640.5 T0  aggregates=245    
[64.1%] t=640.6 T0  aggregates=243    
[64.1%] t=640.7 T0  aggregates=252    
[64.1%] t=640.8 T0  aggregates=245    
[64.1%] t=640.9 T0  aggregates=271    
[64.1%] t=641.0 T0  aggregates=294    
[64.1%] t=641.1 T0  aggregates=280    
[64.1%] t=641.2 T0  aggregates=264    
[64.1%] t=641.3 T0  aggregates=253    
[64.1%] t=641.4 T0  aggregates=267    
[64.2%] t=641.5 T0  aggregates=266    
[64.2%] t=641.6 T0  aggregates=281    
[64.2%] t=641.7 T0  aggregates=246    
[64.2%] t=641.8 T0  aggregates=256    
[64.2%] t=641.9 T0  aggregates=255    
[64.2%] t=642.0 T0  aggregates=257    
[64.2%] t=642.1 T0  aggregates=282    
[64.2%] t=642.2 T0  aggregates=297    
[64.2%] t=642.3 T0  aggregates=263    
[64.2%] t=642.4 T0  aggregates=248    
[64.2%] t=642.5 T0  aggregates=249    
[64.3%] t=642.6 T0  aggregates=253    
[64.3%] t=642.7 T0  aggregates=252    
[64.3%] t=642.8 T0  aggregates=276    
[64.3%] t=642.9 T0  aggregates=255    
[64.3%] t=643.0 T0  aggregates=257    
[64.3%] t=643.1 T0  aggregates=250    
[64.3%] t=643.2 T0  aggregates=294    
[64.3%] t=643.3 T0  aggregates=262    
[64.3%] t=643.4 T0  aggregates=253    
[64.3%] t=643.5 T0  aggregates=252    
[64.4%] t=643.6 T0  aggregates=254    
[64.4%] t=643.7 T0  aggregates=246    
[64.4%] t=643.8 T0  aggregates=251    
[64.4%] t=643.9 T0  aggregates=245    
[64.4%] t=644.0 T0  aggregates=268    
[64.4%] t=644.1 T0  aggregates=252    
[64.4%] t=644.2 T0  aggregates=252    
[64.4%] t=644.3 T0  aggregates=255    
[64.4%] t=644.4 T0  aggregates=284    
[64.4%] t=644.5 T0  aggregates=262    
[64.5%] t=644.6 T0  aggregates=251    
[64.5%] t=644.7 T0  aggregates=292    
[64.5%] t=644.8 T0  aggregates=278    
[64.5%] t=644.9 T0  aggregates=265    
[64.5%] t=645.0 T0  aggregates=264    
[64.5%] t=645.1 T0  aggregates=267    
[64.5%] t=645.2 T0  aggregates=253    
[64.5%] t=645.3 T0  aggregates=251    
[64.5%] t=645.4 T0  aggregates=253    
[64.6%] t=645.5 T0  aggregates=265    
[64.6%] t=645.6 T0  aggregates=272    
[64.6%] t=645.7 T0  aggregates=259    
[64.6%] t=645.8 T0  aggregates=252    
[64.6%] t=645.9 T0  aggregates=249    
[64.6%] t=646.0 T0  aggregates=247    
[64.6%] t=646.1 T0  aggregates=241    
[64.6%] t=646.2 T0  aggregates=266    
[64.6%] t=646.3 T0  aggregates=256    
[64.6%] t=646.4 T0  aggregates=264    
[64.7%] t=646.5 T0  aggregates=264    
[64.7%] t=646.6 T0  aggregates=264    
[64.7%] t=646.7 T0  aggregates=247    
[64.7%] t=646.8 T0  aggregates=289    
[64.7%] t=646.9 T0  aggregates=267    
[64.7%] t=647.0 T0  aggregates=277    
[64.7%] t=647.1 T0  aggregates=258    
[64.7%] t=647.2 T0  aggregates=269    
[64.7%] t=647.3 T0  aggregates=277    
[64.7%] t=647.4 T0  aggregates=273    
[64.8%] t=647.5 T0  aggregates=256    
[64.8%] t=647.6 T0  aggregates=257    
[64.8%] t=647.7 T0  aggregates=259    
[64.8%] t=647.8 T0  aggregates=266    
[64.8%] t=647.9 T0  aggregates=263    
[64.8%] t=648.0 T0  aggregates=278    
[64.8%] t=648.1 T0  aggregates=275    
[64.8%] t=648.2 T0  aggregates=321    
[64.8%] t=648.3 T0  aggregates=294    
[64.8%] t=648.4 T0  aggregates=299    
[64.8%] t=648.5 T0  aggregates=283    
[64.9%] t=648.6 T0  aggregates=270    
[64.9%] t=648.7 T0  aggregates=271    
[64.9%] t=648.8 T0  aggregates=283    
[64.9%] t=648.9 T0  aggregates=322    
[64.9%] t=649.0 T0  aggregates=286    
[64.9%] t=649.1 T0  aggregates=310    
[64.9%] t=649.2 T0  aggregates=323    
[64.9%] t=649.3 T0  aggregates=278    
[64.9%] t=649.4 T0  aggregates=292    
[64.9%] t=649.5 T0  aggregates=282    
[65.0%] t=649.6 T0  aggregates=273    
[65.0%] t=649.7 T0  aggregates=316    
[65.0%] t=649.8 T0  aggregates=296    
[65.0%] t=649.9 T0  aggregates=308    
[65.0%] t=650.0 T0  aggregates=290    
[65.0%] t=650.1 T0  aggregates=293    
[65.0%] t=650.2 T0  aggregates=300    
[65.0%] t=650.3 T0  aggregates=289    
[65.0%] t=650.4 T0  aggregates=292    
[65.1%] t=650.5 T0  aggregates=281    
[65.1%] t=650.6 T0  aggregates=293    
[65.1%] t=650.7 T0  aggregates=284    
[65.1%] t=650.8 T0  aggregates=286    
[65.1%] t=650.9 T0  aggregates=315    
[65.1%] t=651.0 T0  aggregates=274    
[65.1%] t=651.1 T0  aggregates=286    
[65.1%] t=651.2 T0  aggregates=296    
[65.1%] t=651.3 T0  aggregates=298    
[65.1%] t=651.4 T0  aggregates=307    
[65.2%] t=651.5 T0  aggregates=300    
[65.2%] t=651.6 T0  aggregates=290    
[65.2%] t=651.7 T0  aggregates=301    
[65.2%] t=651.8 T0  aggregates=297    
[65.2%] t=651.9 T0  aggregates=303    
[65.2%] t=652.0 T0  aggregates=302    
[65.2%] t=652.1 T0  aggregates=303    
[65.2%] t=652.2 T0  aggregates=284    
[65.2%] t=652.3 T0  aggregates=286    
[65.2%] t=652.4 T0  aggregates=275    
[65.2%] t=652.5 T0  aggregates=306    
[65.3%] t=652.6 T0  aggregates=285    
[65.3%] t=652.7 T0  aggregates=286    
[65.3%] t=652.8 T0  aggregates=279    
[65.3%] t=652.9 T0  aggregates=295    
[65.3%] t=653.0 T0  aggregates=316    
[65.3%] t=653.1 T0  aggregates=299    
[65.3%] t=653.2 T0  aggregates=286    
[65.3%] t=653.3 T0  aggregates=285    
[65.3%] t=653.4 T0  aggregates=274    
[65.3%] t=653.5 T0  aggregates=293    
[65.4%] t=653.6 T0  aggregates=285    
[65.4%] t=653.7 T0  aggregates=289    
[65.4%] t=653.8 T0  aggregates=300    
[65.4%] t=653.9 T0  aggregates=286    
[65.4%] t=654.0 T0  aggregates=295    
[65.4%] t=654.1 T0  aggregates=279    
[65.4%] t=654.2 T0  aggregates=290    
[65.4%] t=654.3 T0  aggregates=294    
[65.4%] t=654.4 T0  aggregates=277    
[65.4%] t=654.5 T0  aggregates=288    
[65.5%] t=654.6 T0  aggregates=281    
[65.5%] t=654.7 T0  aggregates=306    
[65.5%] t=654.8 T0  aggregates=280    
[65.5%] t=654.9 T0  aggregates=282    
[65.5%] t=655.0 T0  aggregates=272    
[65.5%] t=655.1 T0  aggregates=271    
[65.5%] t=655.2 T0  aggregates=303    
[65.5%] t=655.3 T0  aggregates=289    
[65.5%] t=655.4 T0  aggregates=270    
[65.6%] t=655.5 T0  aggregates=299    
[65.6%] t=655.6 T0  aggregates=298    
[65.6%] t=655.7 T0  aggregates=295    
[65.6%] t=655.8 T0  aggregates=309    
[65.6%] t=655.9 T0  aggregates=310    
[65.6%] t=656.0 T0  aggregates=322    
[65.6%] t=656.1 T0  aggregates=281    
[65.6%] t=656.2 T0  aggregates=301    
[65.6%] t=656.3 T0  aggregates=300    
[65.6%] t=656.4 T0  aggregates=284    
[65.7%] t=656.5 T0  aggregates=274    
[65.7%] t=656.6 T0  aggregates=290    
[65.7%] t=656.7 T0  aggregates=273    
[65.7%] t=656.8 T0  aggregates=291    
[65.7%] t=656.9 T0  aggregates=285    
[65.7%] t=657.0 T0  aggregates=313    
[65.7%] t=657.1 T0  aggregates=306    
[65.7%] t=657.2 T0  aggregates=327    
[65.7%] t=657.3 T0  aggregates=310    
[65.7%] t=657.4 T0  aggregates=290    
[65.8%] t=657.5 T0  aggregates=291    
[65.8%] t=657.6 T0  aggregates=289    
[65.8%] t=657.7 T0  aggregates=286    
[65.8%] t=657.8 T0  aggregates=288    
[65.8%] t=657.9 T0  aggregates=325    
[65.8%] t=658.0 T0  aggregates=293    
[65.8%] t=658.1 T0  aggregates=288    
[65.8%] t=658.2 T0  aggregates=297    
[65.8%] t=658.3 T0  aggregates=298    
[65.8%] t=658.4 T0  aggregates=307    
[65.8%] t=658.5 T0  aggregates=307    
[65.9%] t=658.6 T0  aggregates=305    
[65.9%] t=658.7 T0  aggregates=307    
[65.9%] t=658.8 T0  aggregates=303    
[65.9%] t=658.9 T0  aggregates=284    
[65.9%] t=659.0 T0  aggregates=310    
[65.9%] t=659.1 T0  aggregates=297    
[65.9%] t=659.2 T0  aggregates=296    
[65.9%] t=659.3 T0  aggregates=289    
[65.9%] t=659.4 T0  aggregates=295    
[65.9%] t=659.5 T0  aggregates=299    
[66.0%] t=659.6 T0  aggregates=313    
[66.0%] t=659.7 T0  aggregates=301    
[66.0%] t=659.8 T0  aggregates=352    
[66.0%] t=659.9 T0  aggregates=318    
[66.0%] t=660.0 T0  aggregates=310    
[66.0%] t=660.1 T0  aggregates=292    
[66.0%] t=660.2 T0  aggregates=282    
[66.0%] t=660.3 T0  aggregates=303    
[66.0%] t=660.4 T0  aggregates=292    
[66.1%] t=660.5 T0  aggregates=285    
[66.1%] t=660.6 T0  aggregates=286    
[66.1%] t=660.7 T0  aggregates=295    
[66.1%] t=660.8 T0  aggregates=280    
[66.1%] t=660.9 T0  aggregates=280    
[66.1%] t=661.0 T0  aggregates=269    
[66.1%] t=661.1 T0  aggregates=270    
[66.1%] t=661.2 T0  aggregates=273    
[66.1%] t=661.3 T0  aggregates=295    
[66.1%] t=661.4 T0  aggregates=290    
[66.2%] t=661.5 T0  aggregates=272    
[66.2%] t=661.6 T0  aggregates=264    
[66.2%] t=661.7 T0  aggregates=276    
[66.2%] t=661.8 T0  aggregates=260    
[66.2%] t=661.9 T0  aggregates=272    
[66.2%] t=662.0 T0  aggregates=269    
[66.2%] t=662.1 T0  aggregates=274    
[66.2%] t=662.2 T0  aggregates=279    
[66.2%] t=662.3 T0  aggregates=302    
[66.2%] t=662.4 T0  aggregates=285    
[66.2%] t=662.5 T0  aggregates=291    
[66.3%] t=662.6 T0  aggregates=278    
[66.3%] t=662.7 T0  aggregates=295    
[66.3%] t=662.8 T0  aggregates=288    
[66.3%] t=662.9 T0  aggregates=274    
[66.3%] t=663.0 T0  aggregates=274    
[66.3%] t=663.1 T0  aggregates=291    
[66.3%] t=663.2 T0  aggregates=281    
[66.3%] t=663.3 T0  aggregates=289    
[66.3%] t=663.4 T0  aggregates=279    
[66.3%] t=663.5 T0  aggregates=273    
[66.4%] t=663.6 T0  aggregates=288    
[66.4%] t=663.7 T0  aggregates=311    
[66.4%] t=663.8 T0  aggregates=301    
[66.4%] t=663.9 T0  aggregates=295    
[66.4%] t=664.0 T0  aggregates=269    
[66.4%] t=664.1 T0  aggregates=301    
[66.4%] t=664.2 T0  aggregates=303    
[66.4%] t=664.3 T0  aggregates=285    
[66.4%] t=664.4 T0  aggregates=293    
[66.4%] t=664.5 T0  aggregates=290    
[66.5%] t=664.6 T0  aggregates=296    
[66.5%] t=664.7 T0  aggregates=312    
[66.5%] t=664.8 T0  aggregates=299    
[66.5%] t=664.9 T0  aggregates=285    
[66.5%] t=665.0 T0  aggregates=307    
[66.5%] t=665.1 T0  aggregates=307    
[66.5%] t=665.2 T0  aggregates=301    
[66.5%] t=665.3 T0  aggregates=301    
[66.5%] t=665.4 T0  aggregates=293    
[66.6%] t=665.5 T0  aggregates=275    
[66.6%] t=665.6 T0  aggregates=316    
[66.6%] t=665.7 T0  aggregates=286    
[66.6%] t=665.8 T0  aggregates=292    
[66.6%] t=665.9 T0  aggregates=299    
[66.6%] t=666.0 T0  aggregates=277    
[66.6%] t=666.1 T0  aggregates=296    
[66.6%] t=666.2 T0  aggregates=291    
[66.6%] t=666.3 T0  aggregates=287    
[66.6%] t=666.4 T0  aggregates=281    
[66.7%] t=666.5 T0  aggregates=273    
[66.7%] t=666.6 T0  aggregates=288    
[66.7%] t=666.7 T0  aggregates=316    
[66.7%] t=666.8 T0  aggregates=313    
[66.7%] t=666.9 T0  aggregates=298    
[66.7%] t=667.0 T0  aggregates=286    
[66.7%] t=667.1 T0  aggregates=297    
[66.7%] t=667.2 T0  aggregates=303    
[66.7%] t=667.3 T0  aggregates=280    
[66.7%] t=667.4 T0  aggregates=291    
[66.8%] t=667.5 T0  aggregates=278    
[66.8%] t=667.6 T0  aggregates=314    
[66.8%] t=667.7 T0  aggregates=290    
[66.8%] t=667.8 T0  aggregates=306    
[66.8%] t=667.9 T0  aggregates=291    
[66.8%] t=668.0 T0  aggregates=337    
[66.8%] t=668.1 T0  aggregates=306    
[66.8%] t=668.2 T0  aggregates=319    
[66.8%] t=668.3 T0  aggregates=289    
[66.8%] t=668.4 T0  aggregates=309    
[66.8%] t=668.5 T0  aggregates=297    
[66.9%] t=668.6 T0  aggregates=286    
[66.9%] t=668.7 T0  aggregates=269    
[66.9%] t=668.8 T0  aggregates=293    
[66.9%] t=668.9 T0  aggregates=279    
[66.9%] t=669.0 T0  aggregates=314    
[66.9%] t=669.1 T0  aggregates=281    
[66.9%] t=669.2 T0  aggregates=280    
[66.9%] t=669.3 T0  aggregates=287    
[66.9%] t=669.4 T0  aggregates=311    
[66.9%] t=669.5 T0  aggregates=307    
[67.0%] t=669.6 T0  aggregates=301    
[67.0%] t=669.7 T0  aggregates=287    
[67.0%] t=669.8 T0  aggregates=289    
[67.0%] t=669.9 T0  aggregates=279    
[67.0%] t=670.0 T0  aggregates=307    
[67.0%] t=670.1 T0  aggregates=306    
[67.0%] t=670.2 T0  aggregates=300    
[67.0%] t=670.3 T0  aggregates=293    
[67.0%] t=670.4 T0  aggregates=282    
[67.1%] t=670.5 T0  aggregates=278    
[67.1%] t=670.6 T0  aggregates=294    
[67.1%] t=670.7 T0  aggregates=288    
[67.1%] t=670.8 T0  aggregates=281    
[67.1%] t=670.9 T0  aggregates=292    
[67.1%] t=671.0 T0  aggregates=305    
[67.1%] t=671.1 T0  aggregates=298    
[67.1%] t=671.2 T0  aggregates=285    
[67.1%] t=671.3 T0  aggregates=287    
[67.1%] t=671.4 T0  aggregates=281    
[67.2%] t=671.5 T0  aggregates=286    
[67.2%] t=671.6 T0  aggregates=280    
[67.2%] t=671.7 T0  aggregates=284    
[67.2%] t=671.8 T0  aggregates=278    
[67.2%] t=671.9 T0  aggregates=282    
[67.2%] t=672.0 T0  aggregates=301    
[67.2%] t=672.1 T0  aggregates=278    
[67.2%] t=672.2 T0  aggregates=265    
[67.2%] t=672.3 T0  aggregates=300    
[67.2%] t=672.4 T0  aggregates=326    
[67.2%] t=672.5 T0  aggregates=294    
[67.3%] t=672.6 T0  aggregates=290    
[67.3%] t=672.7 T0  aggregates=313    
[67.3%] t=672.8 T0  aggregates=294    
[67.3%] t=672.9 T0  aggregates=287    
[67.3%] t=673.0 T0  aggregates=282    
[67.3%] t=673.1 T0  aggregates=301    
[67.3%] t=673.2 T0  aggregates=297    
[67.3%] t=673.3 T0  aggregates=312    
[67.3%] t=673.4 T0  aggregates=296    
[67.3%] t=673.5 T0  aggregates=315    
[67.4%] t=673.6 T0  aggregates=298    
[67.4%] t=673.7 T0  aggregates=310    
[67.4%] t=673.8 T0  aggregates=311    
[67.4%] t=673.9 T0  aggregates=309    
[67.4%] t=674.0 T0  aggregates=306    
[67.4%] t=674.1 T0  aggregates=284    
[67.4%] t=674.2 T0  aggregates=281    
[67.4%] t=674.3 T0  aggregates=311    
[67.4%] t=674.4 T0  aggregates=293    
[67.4%] t=674.5 T0  aggregates=330    
[67.5%] t=674.6 T0  aggregates=315    
[67.5%] t=674.7 T0  aggregates=289    
[67.5%] t=674.8 T0  aggregates=265    
[67.5%] t=674.9 T0  aggregates=274    
[67.5%] t=675.0 T0  aggregates=269    
[67.5%] t=675.1 T0  aggregates=274    
[67.5%] t=675.2 T0  aggregates=265    
[67.5%] t=675.3 T0  aggregates=270    
[67.5%] t=675.4 T0  aggregates=269    
[67.6%] t=675.5 T0  aggregates=280    
[67.6%] t=675.6 T0  aggregates=267    
[67.6%] t=675.7 T0  aggregates=288    
[67.6%] t=675.8 T0  aggregates=270    
[67.6%] t=675.9 T0  aggregates=279    
[67.6%] t=676.0 T0  aggregates=278    
[67.6%] t=676.1 T0  aggregates=289    
[67.6%] t=676.2 T0  aggregates=277    
[67.6%] t=676.3 T0  aggregates=271    
[67.6%] t=676.4 T0  aggregates=300    
[67.7%] t=676.5 T0  aggregates=297    
[67.7%] t=676.6 T0  aggregates=314    
[67.7%] t=676.7 T0  aggregates=305    
[67.7%] t=676.8 T0  aggregates=293    
[67.7%] t=676.9 T0  aggregates=284    
[67.7%] t=677.0 T0  aggregates=292    
[67.7%] t=677.1 T0  aggregates=303    
[67.7%] t=677.2 T0  aggregates=295    
[67.7%] t=677.3 T0  aggregates=284    
[67.7%] t=677.4 T0  aggregates=278    
[67.8%] t=677.5 T0  aggregates=297    
[67.8%] t=677.6 T0  aggregates=293    
[67.8%] t=677.7 T0  aggregates=277    
[67.8%] t=677.8 T0  aggregates=268    
[67.8%] t=677.9 T0  aggregates=280    
[67.8%] t=678.0 T0  aggregates=301    
[67.8%] t=678.1 T0  aggregates=294    
[67.8%] t=678.2 T0  aggregates=289    
[67.8%] t=678.3 T0  aggregates=291    
[67.8%] t=678.4 T0  aggregates=267    
[67.8%] t=678.5 T0  aggregates=284    
[67.9%] t=678.6 T0  aggregates=275    
[67.9%] t=678.7 T0  aggregates=301    
[67.9%] t=678.8 T0  aggregates=277    
[67.9%] t=678.9 T0  aggregates=298    
[67.9%] t=679.0 T0  aggregates=284    
[67.9%] t=679.1 T0  aggregates=282    
[67.9%] t=679.2 T0  aggregates=275    
[67.9%] t=679.3 T0  aggregates=280    
[67.9%] t=679.4 T0  aggregates=275    
[67.9%] t=679.5 T0  aggregates=281    
[68.0%] t=679.6 T0  aggregates=281    
[68.0%] t=679.7 T0  aggregates=292    
[68.0%] t=679.8 T0  aggregates=285    
[68.0%] t=679.9 T0  aggregates=292    
[68.0%] t=680.0 T0  aggregates=288    
[68.0%] t=680.1 T0  aggregates=292    
[68.0%] t=680.2 T0  aggregates=280    
[68.0%] t=680.3 T0  aggregates=295    
[68.0%] t=680.4 T0  aggregates=295    
[68.1%] t=680.5 T0  aggregates=316    
[68.1%] t=680.6 T0  aggregates=294    
[68.1%] t=680.7 T0  aggregates=296    
[68.1%] t=680.8 T0  aggregates=301    
[68.1%] t=680.9 T0  aggregates=297    
[68.1%] t=681.0 T0  aggregates=293    
[68.1%] t=681.1 T0  aggregates=317    
[68.1%] t=681.2 T0  aggregates=301    
[68.1%] t=681.3 T0  aggregates=287    
[68.1%] t=681.4 T0  aggregates=284    
[68.2%] t=681.5 T0  aggregates=324    
[68.2%] t=681.6 T0  aggregates=300    
[68.2%] t=681.7 T0  aggregates=306    
[68.2%] t=681.8 T0  aggregates=322    
[68.2%] t=681.9 T0  aggregates=315    
[68.2%] t=682.0 T0  aggregates=301    
[68.2%] t=682.1 T0  aggregates=304    
[68.2%] t=682.2 T0  aggregates=320    
[68.2%] t=682.3 T0  aggregates=292    
[68.2%] t=682.4 T0  aggregates=310    
[68.2%] t=682.5 T0  aggregates=339    
[68.3%] t=682.6 T0  aggregates=315    
[68.3%] t=682.7 T0  aggregates=322    
[68.3%] t=682.8 T0  aggregates=314    
[68.3%] t=682.9 T0  aggregates=311    
[68.3%] t=683.0 T0  aggregates=333    
[68.3%] t=683.1 T0  aggregates=309    
[68.3%] t=683.2 T0  aggregates=310    
[68.3%] t=683.3 T0  aggregates=301    
[68.3%] t=683.4 T0  aggregates=296    
[68.3%] t=683.5 T0  aggregates=303    
[68.4%] t=683.6 T0  aggregates=298    
[68.4%] t=683.7 T0  aggregates=296    
[68.4%] t=683.8 T0  aggregates=293    
[68.4%] t=683.9 T0  aggregates=294    
[68.4%] t=684.0 T0  aggregates=295    
[68.4%] t=684.1 T0  aggregates=310    
[68.4%] t=684.2 T0  aggregates=292    
[68.4%] t=684.3 T0  aggregates=305    
[68.4%] t=684.4 T0  aggregates=321    
[68.4%] t=684.5 T0  aggregates=306    
[68.5%] t=684.6 T0  aggregates=332    
[68.5%] t=684.7 T0  aggregates=312    
[68.5%] t=684.8 T0  aggregates=338    
[68.5%] t=684.9 T0  aggregates=352    
[68.5%] t=685.0 T0  aggregates=333    
[68.5%] t=685.1 T0  aggregates=298    
[68.5%] t=685.2 T0  aggregates=309    
[68.5%] t=685.3 T0  aggregates=300    
[68.5%] t=685.4 T0  aggregates=295    
[68.6%] t=685.5 T0  aggregates=307    
[68.6%] t=685.6 T0  aggregates=304    
[68.6%] t=685.7 T0  aggregates=291    
[68.6%] t=685.8 T0  aggregates=300    
[68.6%] t=685.9 T0  aggregates=315    
[68.6%] t=686.0 T0  aggregates=312    
[68.6%] t=686.1 T0  aggregates=296    
[68.6%] t=686.2 T0  aggregates=333    
[68.6%] t=686.3 T0  aggregates=310    
[68.6%] t=686.4 T0  aggregates=299    
[68.7%] t=686.5 T0  aggregates=285    
[68.7%] t=686.6 T0  aggregates=307    
[68.7%] t=686.7 T0  aggregates=300    
[68.7%] t=686.8 T0  aggregates=295    
[68.7%] t=686.9 T0  aggregates=285    
[68.7%] t=687.0 T0  aggregates=317    
[68.7%] t=687.1 T0  aggregates=306    
[68.7%] t=687.2 T0  aggregates=310    
[68.7%] t=687.3 T0  aggregates=293    
[68.7%] t=687.4 T0  aggregates=292    
[68.8%] t=687.5 T0  aggregates=303    
[68.8%] t=687.6 T0  aggregates=290    
[68.8%] t=687.7 T0  aggregates=277    
[68.8%] t=687.8 T0  aggregates=280    
[68.8%] t=687.9 T0  aggregates=302    
[68.8%] t=688.0 T0  aggregates=294    
[68.8%] t=688.1 T0  aggregates=282    
[68.8%] t=688.2 T0  aggregates=307    
[68.8%] t=688.3 T0  aggregates=304    
[68.8%] t=688.4 T0  aggregates=291    
[68.8%] t=688.5 T0  aggregates=292    
[68.9%] t=688.6 T0  aggregates=296    
[68.9%] t=688.7 T0  aggregates=303    
[68.9%] t=688.8 T0  aggregates=287    
[68.9%] t=688.9 T0  aggregates=286    
[68.9%] t=689.0 T0  aggregates=281    
[68.9%] t=689.1 T0  aggregates=293    
[68.9%] t=689.2 T0  aggregates=308    
[68.9%] t=689.3 T0  aggregates=307    
[68.9%] t=689.4 T0  aggregates=295    
[68.9%] t=689.5 T0  aggregates=281    
[69.0%] t=689.6 T0  aggregates=301    
[69.0%] t=689.7 T0  aggregates=283    
[69.0%] t=689.8 T0  aggregates=288    
[69.0%] t=689.9 T0  aggregates=278    
[69.0%] t=690.0 T0  aggregates=298    
[69.0%] t=690.1 T0  aggregates=296    
[69.0%] t=690.2 T0  aggregates=273    
[69.0%] t=690.3 T0  aggregates=288    
[69.0%] t=690.4 T0  aggregates=309    
[69.1%] t=690.5 T0  aggregates=293    
[69.1%] t=690.6 T0  aggregates=295    
[69.1%] t=690.7 T0  aggregates=286    
[69.1%] t=690.8 T0  aggregates=289    
[69.1%] t=690.9 T0  aggregates=351    
[69.1%] t=691.0 T0  aggregates=315    
[69.1%] t=691.1 T0  aggregates=311    
[69.1%] t=691.2 T0  aggregates=312    
[69.1%] t=691.3 T0  aggregates=294    
[69.1%] t=691.4 T0  aggregates=302    
[69.2%] t=691.5 T0  aggregates=297    
[69.2%] t=691.6 T0  aggregates=305    
[69.2%] t=691.7 T0  aggregates=332    
[69.2%] t=691.8 T0  aggregates=319    
[69.2%] t=691.9 T0  aggregates=309    
[69.2%] t=692.0 T0  aggregates=322    
[69.2%] t=692.1 T0  aggregates=300    
[69.2%] t=692.2 T0  aggregates=292    
[69.2%] t=692.3 T0  aggregates=297    
[69.2%] t=692.4 T0  aggregates=296    
[69.2%] t=692.5 T0  aggregates=298    
[69.3%] t=692.6 T0  aggregates=297    
[69.3%] t=692.7 T0  aggregates=291    
[69.3%] t=692.8 T0  aggregates=299    
[69.3%] t=692.9 T0  aggregates=293    
[69.3%] t=693.0 T0  aggregates=289    
[69.3%] t=693.1 T0  aggregates=281    
[69.3%] t=693.2 T0  aggregates=269    
[69.3%] t=693.3 T0  aggregates=293    
[69.3%] t=693.4 T0  aggregates=280    
[69.3%] t=693.5 T0  aggregates=278    
[69.4%] t=693.6 T0  aggregates=268    
[69.4%] t=693.7 T0  aggregates=271    
[69.4%] t=693.8 T0  aggregates=289    
[69.4%] t=693.9 T0  aggregates=285    
[69.4%] t=694.0 T0  aggregates=282    
[69.4%] t=694.1 T0  aggregates=291    
[69.4%] t=694.2 T0  aggregates=288    
[69.4%] t=694.3 T0  aggregates=289    
[69.4%] t=694.4 T0  aggregates=269    
[69.4%] t=694.5 T0  aggregates=293    
[69.5%] t=694.6 T0  aggregates=290    
[69.5%] t=694.7 T0  aggregates=309    
[69.5%] t=694.8 T0  aggregates=300    
[69.5%] t=694.9 T0  aggregates=269    
[69.5%] t=695.0 T0  aggregates=297    
[69.5%] t=695.1 T0  aggregates=286    
[69.5%] t=695.2 T0  aggregates=273    
[69.5%] t=695.3 T0  aggregates=279    
[69.5%] t=695.4 T0  aggregates=273    
[69.6%] t=695.5 T0  aggregates=270    
[69.6%] t=695.6 T0  aggregates=272    
[69.6%] t=695.7 T0  aggregates=280    
[69.6%] t=695.8 T0  aggregates=326    
[69.6%] t=695.9 T0  aggregates=292    
[69.6%] t=696.0 T0  aggregates=283    
[69.6%] t=696.1 T0  aggregates=295    
[69.6%] t=696.2 T0  aggregates=301    
[69.6%] t=696.3 T0  aggregates=276    
[69.6%] t=696.4 T0  aggregates=280    
[69.7%] t=696.5 T0  aggregates=283    
[69.7%] t=696.6 T0  aggregates=273    
[69.7%] t=696.7 T0  aggregates=294    
[69.7%] t=696.8 T0  aggregates=294    
[69.7%] t=696.9 T0  aggregates=292    
[69.7%] t=697.0 T0  aggregates=284    
[69.7%] t=697.1 T0  aggregates=292    
[69.7%] t=697.2 T0  aggregates=287    
[69.7%] t=697.3 T0  aggregates=306    
[69.7%] t=697.4 T0  aggregates=280    
[69.8%] t=697.5 T0  aggregates=280    
[69.8%] t=697.6 T0  aggregates=284    
[69.8%] t=697.7 T0  aggregates=295    
[69.8%] t=697.8 T0  aggregates=297    
[69.8%] t=697.9 T0  aggregates=294    
[69.8%] t=698.0 T0  aggregates=272    
[69.8%] t=698.1 T0  aggregates=319    
[69.8%] t=698.2 T0  aggregates=280    
[69.8%] t=698.3 T0  aggregates=306    
[69.8%] t=698.4 T0  aggregates=287    
[69.8%] t=698.5 T0  aggregates=316    
[69.9%] t=698.6 T0  aggregates=321    
[69.9%] t=698.7 T0  aggregates=288    
[69.9%] t=698.8 T0  aggregates=290    
[69.9%] t=698.9 T0  aggregates=323    
[69.9%] t=699.0 T0  aggregates=304    
[69.9%] t=699.1 T0  aggregates=311    
[69.9%] t=699.2 T0  aggregates=292    
[69.9%] t=699.3 T0  aggregates=306    
[69.9%] t=699.4 T0  aggregates=285    
[69.9%] t=699.5 T0  aggregates=295    
[70.0%] t=699.6 T0  aggregates=284    
[70.0%] t=699.7 T0  aggregates=300    
[70.0%] t=699.8 T0  aggregates=287    
[70.0%] t=699.9 T0  aggregates=289    
[70.0%] t=700.0 T0  aggregates=277    
[70.0%] t=700.1 T0  aggregates=284    
[70.0%] t=700.2 T0  aggregates=278    
[70.0%] t=700.3 T0  aggregates=283    
[70.0%] t=700.4 T0  aggregates=278    
[70.1%] t=700.5 T0  aggregates=285    
[70.1%] t=700.6 T0  aggregates=278    
[70.1%] t=700.7 T0  aggregates=267    
[70.1%] t=700.8 T0  aggregates=291    
[70.1%] t=700.9 T0  aggregates=327    
[70.1%] t=701.0 T0  aggregates=302    
[70.1%] t=701.1 T0  aggregates=291    
[70.1%] t=701.2 T0  aggregates=309    
[70.1%] t=701.3 T0  aggregates=308    
[70.1%] t=701.4 T0  aggregates=308    
[70.2%] t=701.5 T0  aggregates=280    
[70.2%] t=701.6 T0  aggregates=307    
[70.2%] t=701.7 T0  aggregates=283    
[70.2%] t=701.8 T0  aggregates=272    
[70.2%] t=701.9 T0  aggregates=292    
[70.2%] t=702.0 T0  aggregates=315    
[70.2%] t=702.1 T0  aggregates=313    
[70.2%] t=702.2 T0  aggregates=320    
[70.2%] t=702.3 T0  aggregates=313    
[70.2%] t=702.4 T0  aggregates=283    
[70.2%] t=702.5 T0  aggregates=268    
[70.3%] t=702.6 T0  aggregates=254    
[70.3%] t=702.7 T0  aggregates=263    
[70.3%] t=702.8 T0  aggregates=261    
[70.3%] t=702.9 T0  aggregates=271    
[70.3%] t=703.0 T0  aggregates=261    
[70.3%] t=703.1 T0  aggregates=265    
[70.3%] t=703.2 T0  aggregates=259    
[70.3%] t=703.3 T0  aggregates=269    
[70.3%] t=703.4 T0  aggregates=283    
[70.3%] t=703.5 T0  aggregates=287    
[70.4%] t=703.6 T0  aggregates=266    
[70.4%] t=703.7 T0  aggregates=280    
[70.4%] t=703.8 T0  aggregates=273    
[70.4%] t=703.9 T0  aggregates=299    
[70.4%] t=704.0 T0  aggregates=278    
[70.4%] t=704.1 T0  aggregates=280    
[70.4%] t=704.2 T0  aggregates=288    
[70.4%] t=704.3 T0  aggregates=275    
[70.4%] t=704.4 T0  aggregates=300    
[70.4%] t=704.5 T0  aggregates=265    
[70.5%] t=704.6 T0  aggregates=280    
[70.5%] t=704.7 T0  aggregates=279    
[70.5%] t=704.8 T0  aggregates=315    
[70.5%] t=704.9 T0  aggregates=306    
[70.5%] t=705.0 T0  aggregates=284    
[70.5%] t=705.1 T0  aggregates=270    
[70.5%] t=705.2 T0  aggregates=290    
[70.5%] t=705.3 T0  aggregates=276    
[70.5%] t=705.4 T0  aggregates=345    
[70.6%] t=705.5 T0  aggregates=309    
[70.6%] t=705.6 T0  aggregates=293    
[70.6%] t=705.7 T0  aggregates=270    
[70.6%] t=705.8 T0  aggregates=269    
[70.6%] t=705.9 T0  aggregates=266    
[70.6%] t=706.0 T0  aggregates=277    
[70.6%] t=706.1 T0  aggregates=263    
[70.6%] t=706.2 T0  aggregates=260    
[70.6%] t=706.3 T0  aggregates=256    
[70.6%] t=706.4 T0  aggregates=279    
[70.7%] t=706.5 T0  aggregates=261    
[70.7%] t=706.6 T0  aggregates=248    
[70.7%] t=706.7 T0  aggregates=238    
[70.7%] t=706.8 T0  aggregates=251    
[70.7%] t=706.9 T0  aggregates=243    
[70.7%] t=707.0 T0  aggregates=251    
[70.7%] t=707.1 T0  aggregates=254    
[70.7%] t=707.2 T0  aggregates=265    
[70.7%] t=707.3 T0  aggregates=276    
[70.7%] t=707.4 T0  aggregates=256    
[70.8%] t=707.5 T0  aggregates=272    
[70.8%] t=707.6 T0  aggregates=280    
[70.8%] t=707.7 T0  aggregates=261    
[70.8%] t=707.8 T0  aggregates=277    
[70.8%] t=707.9 T0  aggregates=290    
[70.8%] t=708.0 T0  aggregates=278    
[70.8%] t=708.1 T0  aggregates=293    
[70.8%] t=708.2 T0  aggregates=274    
[70.8%] t=708.3 T0  aggregates=266    
[70.8%] t=708.4 T0  aggregates=281    
[70.8%] t=708.5 T0  aggregates=262    
[70.9%] t=708.6 T0  aggregates=267    
[70.9%] t=708.7 T0  aggregates=276    
[70.9%] t=708.8 T0  aggregates=259    
[70.9%] t=708.9 T0  aggregates=278    
[70.9%] t=709.0 T0  aggregates=257    
[70.9%] t=709.1 T0  aggregates=262    
[70.9%] t=709.2 T0  aggregates=263    
[70.9%] t=709.3 T0  aggregates=290    
[70.9%] t=709.4 T0  aggregates=268    
[70.9%] t=709.5 T0  aggregates=271    
[71.0%] t=709.6 T0  aggregates=265    
[71.0%] t=709.7 T0  aggregates=261    
[71.0%] t=709.8 T0  aggregates=275    
[71.0%] t=709.9 T0  aggregates=315    
[71.0%] t=710.0 T0  aggregates=272    
[71.0%] t=710.1 T0  aggregates=276    
[71.0%] t=710.2 T0  aggregates=254    
[71.0%] t=710.3 T0  aggregates=263    
[71.0%] t=710.4 T0  aggregates=258    
[71.1%] t=710.5 T0  aggregates=276    
[71.1%] t=710.6 T0  aggregates=270    
[71.1%] t=710.7 T0  aggregates=293    
[71.1%] t=710.8 T0  aggregates=268    
[71.1%] t=710.9 T0  aggregates=263    
[71.1%] t=711.0 T0  aggregates=267    
[71.1%] t=711.1 T0  aggregates=254    
[71.1%] t=711.2 T0  aggregates=277    
[71.1%] t=711.3 T0  aggregates=274    
[71.1%] t=711.4 T0  aggregates=250    
[71.2%] t=711.5 T0  aggregates=254    
[71.2%] t=711.6 T0  aggregates=262    
[71.2%] t=711.7 T0  aggregates=268    
[71.2%] t=711.8 T0  aggregates=269    
[71.2%] t=711.9 T0  aggregates=258    
[71.2%] t=712.0 T0  aggregates=268    
[71.2%] t=712.1 T0  aggregates=272    
[71.2%] t=712.2 T0  aggregates=272    
[71.2%] t=712.3 T0  aggregates=277    
[71.2%] t=712.4 T0  aggregates=262    
[71.2%] t=712.5 T0  aggregates=293    
[71.3%] t=712.6 T0  aggregates=304    
[71.3%] t=712.7 T0  aggregates=283    
[71.3%] t=712.8 T0  aggregates=281    
[71.3%] t=712.9 T0  aggregates=292    
[71.3%] t=713.0 T0  aggregates=289    
[71.3%] t=713.1 T0  aggregates=275    
[71.3%] t=713.2 T0  aggregates=306    
[71.3%] t=713.3 T0  aggregates=289    
[71.3%] t=713.4 T0  aggregates=278    
[71.3%] t=713.5 T0  aggregates=298    
[71.4%] t=713.6 T0  aggregates=318    
[71.4%] t=713.7 T0  aggregates=284    
[71.4%] t=713.8 T0  aggregates=269    
[71.4%] t=713.9 T0  aggregates=292    
[71.4%] t=714.0 T0  aggregates=293    
[71.4%] t=714.1 T0  aggregates=276    
[71.4%] t=714.2 T0  aggregates=273    
[71.4%] t=714.3 T0  aggregates=282    
[71.4%] t=714.4 T0  aggregates=275    
[71.4%] t=714.5 T0  aggregates=308    
[71.5%] t=714.6 T0  aggregates=289    
[71.5%] t=714.7 T0  aggregates=298    
[71.5%] t=714.8 T0  aggregates=290    
[71.5%] t=714.9 T0  aggregates=278    
[71.5%] t=715.0 T0  aggregates=283    
[71.5%] t=715.1 T0  aggregates=288    
[71.5%] t=715.2 T0  aggregates=274    
[71.5%] t=715.3 T0  aggregates=281    
[71.5%] t=715.4 T0  aggregates=291    
[71.6%] t=715.5 T0  aggregates=289    
[71.6%] t=715.6 T0  aggregates=283    
[71.6%] t=715.7 T0  aggregates=284    
[71.6%] t=715.8 T0  aggregates=271    
[71.6%] t=715.9 T0  aggregates=278    
[71.6%] t=716.0 T0  aggregates=290    
[71.6%] t=716.1 T0  aggregates=297    
[71.6%] t=716.2 T0  aggregates=294    
[71.6%] t=716.3 T0  aggregates=304    
[71.6%] t=716.4 T0  aggregates=302    
[71.7%] t=716.5 T0  aggregates=292    
[71.7%] t=716.6 T0  aggregates=281    
[71.7%] t=716.7 T0  aggregates=293    
[71.7%] t=716.8 T0  aggregates=289    
[71.7%] t=716.9 T0  aggregates=298    
[71.7%] t=717.0 T0  aggregates=301    
[71.7%] t=717.1 T0  aggregates=296    
[71.7%] t=717.2 T0  aggregates=276    
[71.7%] t=717.3 T0  aggregates=285    
[71.7%] t=717.4 T0  aggregates=292    
[71.8%] t=717.5 T0  aggregates=285    
[71.8%] t=717.6 T0  aggregates=293    
[71.8%] t=717.7 T0  aggregates=294    
[71.8%] t=717.8 T0  aggregates=305    
[71.8%] t=717.9 T0  aggregates=302    
[71.8%] t=718.0 T0  aggregates=289    
[71.8%] t=718.1 T0  aggregates=323    
[71.8%] t=718.2 T0  aggregates=338    
[71.8%] t=718.3 T0  aggregates=354    
[71.8%] t=718.4 T0  aggregates=301    
[71.8%] t=718.5 T0  aggregates=297    
[71.9%] t=718.6 T0  aggregates=297    
[71.9%] t=718.7 T0  aggregates=278    
[71.9%] t=718.8 T0  aggregates=291    
[71.9%] t=718.9 T0  aggregates=292    
[71.9%] t=719.0 T0  aggregates=283    
[71.9%] t=719.1 T0  aggregates=292    
[71.9%] t=719.2 T0  aggregates=302    
[71.9%] t=719.3 T0  aggregates=283    
[71.9%] t=719.4 T0  aggregates=288    
[71.9%] t=719.5 T0  aggregates=288    
[72.0%] t=719.6 T0  aggregates=307    
[72.0%] t=719.7 T0  aggregates=308    
[72.0%] t=719.8 T0  aggregates=289    
[72.0%] t=719.9 T0  aggregates=272    
[72.0%] t=720.0 T0  aggregates=290    
[72.0%] t=720.1 T0  aggregates=291    
[72.0%] t=720.2 T0  aggregates=287    
[72.0%] t=720.3 T0  aggregates=268    
[72.0%] t=720.4 T0  aggregates=266    
[72.1%] t=720.5 T0  aggregates=271    
[72.1%] t=720.6 T0  aggregates=278    
[72.1%] t=720.7 T0  aggregates=266    
[72.1%] t=720.8 T0  aggregates=275    
[72.1%] t=720.9 T0  aggregates=263    
[72.1%] t=721.0 T0  aggregates=285    
[72.1%] t=721.1 T0  aggregates=273    
[72.1%] t=721.2 T0  aggregates=311    
[72.1%] t=721.3 T0  aggregates=312    
[72.1%] t=721.4 T0  aggregates=327    
[72.2%] t=721.5 T0  aggregates=305    
[72.2%] t=721.6 T0  aggregates=296    
[72.2%] t=721.7 T0  aggregates=265    
[72.2%] t=721.8 T0  aggregates=304    
[72.2%] t=721.9 T0  aggregates=289    
[72.2%] t=722.0 T0  aggregates=297    
[72.2%] t=722.1 T0  aggregates=277    
[72.2%] t=722.2 T0  aggregates=297    
[72.2%] t=722.3 T0  aggregates=319    
[72.2%] t=722.4 T0  aggregates=296    
[72.2%] t=722.5 T0  aggregates=297    
[72.3%] t=722.6 T0  aggregates=282    
[72.3%] t=722.7 T0  aggregates=289    
[72.3%] t=722.8 T0  aggregates=303    
[72.3%] t=722.9 T0  aggregates=255    
[72.3%] t=723.0 T0  aggregates=259    
[72.3%] t=723.1 T0  aggregates=273    
[72.3%] t=723.2 T0  aggregates=265    
[72.3%] t=723.3 T0  aggregates=279    
[72.3%] t=723.4 T0  aggregates=256    
[72.3%] t=723.5 T0  aggregates=255    
[72.4%] t=723.6 T0  aggregates=271    
[72.4%] t=723.7 T0  aggregates=273    
[72.4%] t=723.8 T0  aggregates=248    
[72.4%] t=723.9 T0  aggregates=249    
[72.4%] t=724.0 T0  aggregates=249    
[72.4%] t=724.1 T0  aggregates=254    
[72.4%] t=724.2 T0  aggregates=240    
[72.4%] t=724.3 T0  aggregates=272    
[72.4%] t=724.4 T0  aggregates=276    
[72.4%] t=724.5 T0  aggregates=285    
[72.5%] t=724.6 T0  aggregates=256    
[72.5%] t=724.7 T0  aggregates=237    
[72.5%] t=724.8 T0  aggregates=236    
[72.5%] t=724.9 T0  aggregates=238    
[72.5%] t=725.0 T0  aggregates=235    
[72.5%] t=725.1 T0  aggregates=246    
[72.5%] t=725.2 T0  aggregates=270    
[72.5%] t=725.3 T0  aggregates=259    
[72.5%] t=725.4 T0  aggregates=243    
[72.6%] t=725.5 T0  aggregates=228    
[72.6%] t=725.6 T0  aggregates=237    
[72.6%] t=725.7 T0  aggregates=229    
[72.6%] t=725.8 T0  aggregates=263    
[72.6%] t=725.9 T0  aggregates=247    
[72.6%] t=726.0 T0  aggregates=265    
[72.6%] t=726.1 T0  aggregates=245    
[72.6%] t=726.2 T0  aggregates=243    
[72.6%] t=726.3 T0  aggregates=250    
[72.6%] t=726.4 T0  aggregates=304    
[72.7%] t=726.5 T0  aggregates=289    
[72.7%] t=726.6 T0  aggregates=257    
[72.7%] t=726.7 T0  aggregates=259    
[72.7%] t=726.8 T0  aggregates=257    
[72.7%] t=726.9 T0  aggregates=286    
[72.7%] t=727.0 T0  aggregates=288    
[72.7%] t=727.1 T0  aggregates=265    
[72.7%] t=727.2 T0  aggregates=277    
[72.7%] t=727.3 T0  aggregates=258    
[72.7%] t=727.4 T0  aggregates=246    
[72.8%] t=727.5 T0  aggregates=254    
[72.8%] t=727.6 T0  aggregates=249    
[72.8%] t=727.7 T0  aggregates=242    
[72.8%] t=727.8 T0  aggregates=259    
[72.8%] t=727.9 T0  aggregates=265    
[72.8%] t=728.0 T0  aggregates=257    
[72.8%] t=728.1 T0  aggregates=260    
[72.8%] t=728.2 T0  aggregates=287    
[72.8%] t=728.3 T0  aggregates=257    
[72.8%] t=728.4 T0  aggregates=249    
[72.8%] t=728.5 T0  aggregates=272    
[72.9%] t=728.6 T0  aggregates=304    
[72.9%] t=728.7 T0  aggregates=302    
[72.9%] t=728.8 T0  aggregates=288    
[72.9%] t=728.9 T0  aggregates=283    
[72.9%] t=729.0 T0  aggregates=275    
[72.9%] t=729.1 T0  aggregates=272    
[72.9%] t=729.2 T0  aggregates=284    
[72.9%] t=729.3 T0  aggregates=258    
[72.9%] t=729.4 T0  aggregates=269    
[72.9%] t=729.5 T0  aggregates=265    
[73.0%] t=729.6 T0  aggregates=278    
[73.0%] t=729.7 T0  aggregates=284    
[73.0%] t=729.8 T0  aggregates=278    
[73.0%] t=729.9 T0  aggregates=280    
[73.0%] t=730.0 T0  aggregates=280    
[73.0%] t=730.1 T0  aggregates=277    
[73.0%] t=730.2 T0  aggregates=285    
[73.0%] t=730.3 T0  aggregates=284    
[73.0%] t=730.4 T0  aggregates=316    
[73.1%] t=730.5 T0  aggregates=292    
[73.1%] t=730.6 T0  aggregates=288    
[73.1%] t=730.7 T0  aggregates=285    
[73.1%] t=730.8 T0  aggregates=284    
[73.1%] t=730.9 T0  aggregates=283    
[73.1%] t=731.0 T0  aggregates=302    
[73.1%] t=731.1 T0  aggregates=292    
[73.1%] t=731.2 T0  aggregates=304    
[73.1%] t=731.3 T0  aggregates=296    
[73.1%] t=731.4 T0  aggregates=290    
[73.2%] t=731.5 T0  aggregates=274    
[73.2%] t=731.6 T0  aggregates=290    
[73.2%] t=731.7 T0  aggregates=289    
[73.2%] t=731.8 T0  aggregates=294    
[73.2%] t=731.9 T0  aggregates=278    
[73.2%] t=732.0 T0  aggregates=271    
[73.2%] t=732.1 T0  aggregates=306    
[73.2%] t=732.2 T0  aggregates=288    
[73.2%] t=732.3 T0  aggregates=287    
[73.2%] t=732.4 T0  aggregates=287    
[73.2%] t=732.5 T0  aggregates=292    
[73.3%] t=732.6 T0  aggregates=281    
[73.3%] t=732.7 T0  aggregates=271    
[73.3%] t=732.8 T0  aggregates=291    
[73.3%] t=732.9 T0  aggregates=293    
[73.3%] t=733.0 T0  aggregates=291    
[73.3%] t=733.1 T0  aggregates=293    
[73.3%] t=733.2 T0  aggregates=294    
[73.3%] t=733.3 T0  aggregates=302    
[73.3%] t=733.4 T0  aggregates=276    
[73.3%] t=733.5 T0  aggregates=282    
[73.4%] t=733.6 T0  aggregates=289    
[73.4%] t=733.7 T0  aggregates=291    
[73.4%] t=733.8 T0  aggregates=317    
[73.4%] t=733.9 T0  aggregates=309    
[73.4%] t=734.0 T0  aggregates=280    
[73.4%] t=734.1 T0  aggregates=281    
[73.4%] t=734.2 T0  aggregates=286    
[73.4%] t=734.3 T0  aggregates=282    
[73.4%] t=734.4 T0  aggregates=279    
[73.4%] t=734.5 T0  aggregates=290    
[73.5%] t=734.6 T0  aggregates=272    
[73.5%] t=734.7 T0  aggregates=292    
[73.5%] t=734.8 T0  aggregates=274    
[73.5%] t=734.9 T0  aggregates=296    
[73.5%] t=735.0 T0  aggregates=332    
[73.5%] t=735.1 T0  aggregates=306    
[73.5%] t=735.2 T0  aggregates=298    
[73.5%] t=735.3 T0  aggregates=301    
[73.5%] t=735.4 T0  aggregates=295    
[73.6%] t=735.5 T0  aggregates=274    
[73.6%] t=735.6 T0  aggregates=284    
[73.6%] t=735.7 T0  aggregates=283    
[73.6%] t=735.8 T0  aggregates=307    
[73.6%] t=735.9 T0  aggregates=288    
[73.6%] t=736.0 T0  aggregates=301    
[73.6%] t=736.1 T0  aggregates=281    
[73.6%] t=736.2 T0  aggregates=337    
[73.6%] t=736.3 T0  aggregates=351    
[73.6%] t=736.4 T0  aggregates=318    
[73.7%] t=736.5 T0  aggregates=292    
[73.7%] t=736.6 T0  aggregates=313    
[73.7%] t=736.7 T0  aggregates=286    
[73.7%] t=736.8 T0  aggregates=307    
[73.7%] t=736.9 T0  aggregates=296    
[73.7%] t=737.0 T0  aggregates=279    
[73.7%] t=737.1 T0  aggregates=287    
[73.7%] t=737.2 T0  aggregates=297    
[73.7%] t=737.3 T0  aggregates=269    
[73.7%] t=737.4 T0  aggregates=296    
[73.8%] t=737.5 T0  aggregates=315    
[73.8%] t=737.6 T0  aggregates=319    
[73.8%] t=737.7 T0  aggregates=297    
[73.8%] t=737.8 T0  aggregates=294    
[73.8%] t=737.9 T0  aggregates=271    
[73.8%] t=738.0 T0  aggregates=278    
[73.8%] t=738.1 T0  aggregates=269    
[73.8%] t=738.2 T0  aggregates=289    
[73.8%] t=738.3 T0  aggregates=293    
[73.8%] t=738.4 T0  aggregates=300    
[73.8%] t=738.5 T0  aggregates=294    
[73.9%] t=738.6 T0  aggregates=297    
[73.9%] t=738.7 T0  aggregates=286    
[73.9%] t=738.8 T0  aggregates=288    
[73.9%] t=738.9 T0  aggregates=287    
[73.9%] t=739.0 T0  aggregates=304    
[73.9%] t=739.1 T0  aggregates=328    
[73.9%] t=739.2 T0  aggregates=308    
[73.9%] t=739.3 T0  aggregates=302    
[73.9%] t=739.4 T0  aggregates=292    
[73.9%] t=739.5 T0  aggregates=321    
[74.0%] t=739.6 T0  aggregates=310    
[74.0%] t=739.7 T0  aggregates=301    
[74.0%] t=739.8 T0  aggregates=300    
[74.0%] t=739.9 T0  aggregates=308    
[74.0%] t=740.0 T0  aggregates=307    
[74.0%] t=740.1 T0  aggregates=311    
[74.0%] t=740.2 T0  aggregates=287    
[74.0%] t=740.3 T0  aggregates=305    
[74.0%] t=740.4 T0  aggregates=307    
[74.1%] t=740.5 T0  aggregates=295    
[74.1%] t=740.6 T0  aggregates=308    
[74.1%] t=740.7 T0  aggregates=302    
[74.1%] t=740.8 T0  aggregates=301    
[74.1%] t=740.9 T0  aggregates=303    
[74.1%] t=741.0 T0  aggregates=306    
[74.1%] t=741.1 T0  aggregates=300    
[74.1%] t=741.2 T0  aggregates=301    
[74.1%] t=741.3 T0  aggregates=297    
[74.1%] t=741.4 T0  aggregates=288    
[74.2%] t=741.5 T0  aggregates=296    
[74.2%] t=741.6 T0  aggregates=302    
[74.2%] t=741.7 T0  aggregates=304    
[74.2%] t=741.8 T0  aggregates=322    
[74.2%] t=741.9 T0  aggregates=325    
[74.2%] t=742.0 T0  aggregates=307    
[74.2%] t=742.1 T0  aggregates=308    
[74.2%] t=742.2 T0  aggregates=307    
[74.2%] t=742.3 T0  aggregates=299    
[74.2%] t=742.4 T0  aggregates=317    
[74.2%] t=742.5 T0  aggregates=314    
[74.3%] t=742.6 T0  aggregates=308    
[74.3%] t=742.7 T0  aggregates=295    
[74.3%] t=742.8 T0  aggregates=306    
[74.3%] t=742.9 T0  aggregates=292    
[74.3%] t=743.0 T0  aggregates=294    
[74.3%] t=743.1 T0  aggregates=328    
[74.3%] t=743.2 T0  aggregates=318    
[74.3%] t=743.3 T0  aggregates=363    
[74.3%] t=743.4 T0  aggregates=325    
[74.3%] t=743.5 T0  aggregates=301    
[74.4%] t=743.6 T0  aggregates=313    
[74.4%] t=743.7 T0  aggregates=302    
[74.4%] t=743.8 T0  aggregates=296    
[74.4%] t=743.9 T0  aggregates=317    
[74.4%] t=744.0 T0  aggregates=299    
[74.4%] t=744.1 T0  aggregates=314    
[74.4%] t=744.2 T0  aggregates=316    
[74.4%] t=744.3 T0  aggregates=314    
[74.4%] t=744.4 T0  aggregates=304    
[74.4%] t=744.5 T0  aggregates=298    
[74.5%] t=744.6 T0  aggregates=299    
[74.5%] t=744.7 T0  aggregates=300    
[74.5%] t=744.8 T0  aggregates=300    
[74.5%] t=744.9 T0  aggregates=297    
[74.5%] t=745.0 T0  aggregates=314    
[74.5%] t=745.1 T0  aggregates=319    
[74.5%] t=745.2 T0  aggregates=318    
[74.5%] t=745.3 T0  aggregates=307    
[74.5%] t=745.4 T0  aggregates=315    
[74.6%] t=745.5 T0  aggregates=289    
[74.6%] t=745.6 T0  aggregates=300    
[74.6%] t=745.7 T0  aggregates=313    
[74.6%] t=745.8 T0  aggregates=306    
[74.6%] t=745.9 T0  aggregates=296    
[74.6%] t=746.0 T0  aggregates=287    
[74.6%] t=746.1 T0  aggregates=289    
[74.6%] t=746.2 T0  aggregates=299    
[74.6%] t=746.3 T0  aggregates=292    
[74.6%] t=746.4 T0  aggregates=319    
[74.7%] t=746.5 T0  aggregates=307    
[74.7%] t=746.6 T0  aggregates=316    
[74.7%] t=746.7 T0  aggregates=352    
[74.7%] t=746.8 T0  aggregates=326    
[74.7%] t=746.9 T0  aggregates=322    
[74.7%] t=747.0 T0  aggregates=331    
[74.7%] t=747.1 T0  aggregates=329    
[74.7%] t=747.2 T0  aggregates=311    
[74.7%] t=747.3 T0  aggregates=312    
[74.7%] t=747.4 T0  aggregates=304    
[74.8%] t=747.5 T0  aggregates=306    
[74.8%] t=747.6 T0  aggregates=306    
[74.8%] t=747.7 T0  aggregates=301    
[74.8%] t=747.8 T0  aggregates=303    
[74.8%] t=747.9 T0  aggregates=317    
[74.8%] t=748.0 T0  aggregates=306    
[74.8%] t=748.1 T0  aggregates=320    
[74.8%] t=748.2 T0  aggregates=315    
[74.8%] t=748.3 T0  aggregates=300    
[74.8%] t=748.4 T0  aggregates=336    
[74.8%] t=748.5 T0  aggregates=334    
[74.9%] t=748.6 T0  aggregates=297    
[74.9%] t=748.7 T0  aggregates=303    
[74.9%] t=748.8 T0  aggregates=309    
[74.9%] t=748.9 T0  aggregates=323    
[74.9%] t=749.0 T0  aggregates=304    
[74.9%] t=749.1 T0  aggregates=310    
[74.9%] t=749.2 T0  aggregates=319    
[74.9%] t=749.3 T0  aggregates=322    
[74.9%] t=749.4 T0  aggregates=318    
[74.9%] t=749.5 T0  aggregates=300    
[75.0%] t=749.6 T0  aggregates=323    
[75.0%] t=749.7 T0  aggregates=345    
[75.0%] t=749.8 T0  aggregates=338    
[75.0%] t=749.9 T0  aggregates=308    
[75.0%] t=750.0 T0  aggregates=324    
[75.0%] t=750.1 T0  aggregates=313    
[75.0%] t=750.2 T0  aggregates=311    
[75.0%] t=750.3 T0  aggregates=306    
[75.0%] t=750.4 T0  aggregates=317    
[75.1%] t=750.5 T0  aggregates=308    
[75.1%] t=750.6 T0  aggregates=320    
[75.1%] t=750.7 T0  aggregates=303    
[75.1%] t=750.8 T0  aggregates=309    
[75.1%] t=750.9 T0  aggregates=302    
[75.1%] t=751.0 T0  aggregates=326    
[75.1%] t=751.1 T0  aggregates=300    
[75.1%] t=751.2 T0  aggregates=310    
[75.1%] t=751.3 T0  aggregates=318    
[75.1%] t=751.4 T0  aggregates=329    
[75.2%] t=751.5 T0  aggregates=320    
[75.2%] t=751.6 T0  aggregates=311    
[75.2%] t=751.7 T0  aggregates=302    
[75.2%] t=751.8 T0  aggregates=311    
[75.2%] t=751.9 T0  aggregates=315    
[75.2%] t=752.0 T0  aggregates=317    
[75.2%] t=752.1 T0  aggregates=324    
[75.2%] t=752.2 T0  aggregates=311    
[75.2%] t=752.3 T0  aggregates=316    
[75.2%] t=752.4 T0  aggregates=319    
[75.2%] t=752.5 T0  aggregates=316    
[75.3%] t=752.6 T0  aggregates=325    
[75.3%] t=752.7 T0  aggregates=321    
[75.3%] t=752.8 T0  aggregates=313    
[75.3%] t=752.9 T0  aggregates=311    
[75.3%] t=753.0 T0  aggregates=315    
[75.3%] t=753.1 T0  aggregates=303    
[75.3%] t=753.2 T0  aggregates=309    
[75.3%] t=753.3 T0  aggregates=318    
[75.3%] t=753.4 T0  aggregates=312    
[75.3%] t=753.5 T0  aggregates=321    
[75.4%] t=753.6 T0  aggregates=319    
[75.4%] t=753.7 T0  aggregates=308    
[75.4%] t=753.8 T0  aggregates=317    
[75.4%] t=753.9 T0  aggregates=317    
[75.4%] t=754.0 T0  aggregates=313    
[75.4%] t=754.1 T0  aggregates=318    
[75.4%] t=754.2 T0  aggregates=326    
[75.4%] t=754.3 T0  aggregates=306    
[75.4%] t=754.4 T0  aggregates=324    
[75.4%] t=754.5 T0  aggregates=308    
[75.5%] t=754.6 T0  aggregates=312    
[75.5%] t=754.7 T0  aggregates=322    
[75.5%] t=754.8 T0  aggregates=304    
[75.5%] t=754.9 T0  aggregates=304    
[75.5%] t=755.0 T0  aggregates=309    
[75.5%] t=755.1 T0  aggregates=305    
[75.5%] t=755.2 T0  aggregates=322    
[75.5%] t=755.3 T0  aggregates=313    
[75.5%] t=755.4 T0  aggregates=330    
[75.6%] t=755.5 T0  aggregates=309    
[75.6%] t=755.6 T0  aggregates=352    
[75.6%] t=755.7 T0  aggregates=328    
[75.6%] t=755.8 T0  aggregates=311    
[75.6%] t=755.9 T0  aggregates=329    
[75.6%] t=756.0 T0  aggregates=315    
[75.6%] t=756.1 T0  aggregates=314    
[75.6%] t=756.2 T0  aggregates=297    
[75.6%] t=756.3 T0  aggregates=306    
[75.6%] t=756.4 T0  aggregates=311    
[75.7%] t=756.5 T0  aggregates=327    
[75.7%] t=756.6 T0  aggregates=293    
[75.7%] t=756.7 T0  aggregates=343    
[75.7%] t=756.8 T0  aggregates=308    
[75.7%] t=756.9 T0  aggregates=324    
[75.7%] t=757.0 T0  aggregates=311    
[75.7%] t=757.1 T0  aggregates=305    
[75.7%] t=757.2 T0  aggregates=307    
[75.7%] t=757.3 T0  aggregates=334    
[75.7%] t=757.4 T0  aggregates=294    
[75.8%] t=757.5 T0  aggregates=307    
[75.8%] t=757.6 T0  aggregates=303    
[75.8%] t=757.7 T0  aggregates=303    
[75.8%] t=757.8 T0  aggregates=312    
[75.8%] t=757.9 T0  aggregates=315    
[75.8%] t=758.0 T0  aggregates=302    
[75.8%] t=758.1 T0  aggregates=344    
[75.8%] t=758.2 T0  aggregates=324    
[75.8%] t=758.3 T0  aggregates=347    
[75.8%] t=758.4 T0  aggregates=332    
[75.8%] t=758.5 T0  aggregates=324    
[75.9%] t=758.6 T0  aggregates=319    
[75.9%] t=758.7 T0  aggregates=314    
[75.9%] t=758.8 T0  aggregates=316    
[75.9%] t=758.9 T0  aggregates=312    
[75.9%] t=759.0 T0  aggregates=328    
[75.9%] t=759.1 T0  aggregates=316    
[75.9%] t=759.2 T0  aggregates=317    
[75.9%] t=759.3 T0  aggregates=307    
[75.9%] t=759.4 T0  aggregates=332    
[75.9%] t=759.5 T0  aggregates=332    
[76.0%] t=759.6 T0  aggregates=329    
[76.0%] t=759.7 T0  aggregates=313    
[76.0%] t=759.8 T0  aggregates=307    
[76.0%] t=759.9 T0  aggregates=324    
[76.0%] t=760.0 T0  aggregates=332    
[76.0%] t=760.1 T0  aggregates=322    
[76.0%] t=760.2 T0  aggregates=328    
[76.0%] t=760.3 T0  aggregates=338    
[76.0%] t=760.4 T0  aggregates=319    
[76.1%] t=760.5 T0  aggregates=319    
[76.1%] t=760.6 T0  aggregates=313    
[76.1%] t=760.7 T0  aggregates=327    
[76.1%] t=760.8 T0  aggregates=314    
[76.1%] t=760.9 T0  aggregates=298    
[76.1%] t=761.0 T0  aggregates=333    
[76.1%] t=761.1 T0  aggregates=315    
[76.1%] t=761.2 T0  aggregates=311    
[76.1%] t=761.3 T0  aggregates=304    
[76.1%] t=761.4 T0  aggregates=340    
[76.2%] t=761.5 T0  aggregates=315    
[76.2%] t=761.6 T0  aggregates=337    
[76.2%] t=761.7 T0  aggregates=327    
[76.2%] t=761.8 T0  aggregates=315    
[76.2%] t=761.9 T0  aggregates=302    
[76.2%] t=762.0 T0  aggregates=313    
[76.2%] t=762.1 T0  aggregates=325    
[76.2%] t=762.2 T0  aggregates=331    
[76.2%] t=762.3 T0  aggregates=321    
[76.2%] t=762.4 T0  aggregates=331    
[76.2%] t=762.5 T0  aggregates=323    
[76.3%] t=762.6 T0  aggregates=322    
[76.3%] t=762.7 T0  aggregates=300    
[76.3%] t=762.8 T0  aggregates=312    
[76.3%] t=762.9 T0  aggregates=312    
[76.3%] t=763.0 T0  aggregates=311    
[76.3%] t=763.1 T0  aggregates=316    
[76.3%] t=763.2 T0  aggregates=315    
[76.3%] t=763.3 T0  aggregates=310    
[76.3%] t=763.4 T0  aggregates=357    
[76.3%] t=763.5 T0  aggregates=343    
[76.4%] t=763.6 T0  aggregates=320    
[76.4%] t=763.7 T0  aggregates=309    
[76.4%] t=763.8 T0  aggregates=307    
[76.4%] t=763.9 T0  aggregates=307    
[76.4%] t=764.0 T0  aggregates=311    
[76.4%] t=764.1 T0  aggregates=337    
[76.4%] t=764.2 T0  aggregates=323    
[76.4%] t=764.3 T0  aggregates=334    
[76.4%] t=764.4 T0  aggregates=333    
[76.4%] t=764.5 T0  aggregates=342    
[76.5%] t=764.6 T0  aggregates=319    
[76.5%] t=764.7 T0  aggregates=326    
[76.5%] t=764.8 T0  aggregates=326    
[76.5%] t=764.9 T0  aggregates=321    
[76.5%] t=765.0 T0  aggregates=323    
[76.5%] t=765.1 T0  aggregates=322    
[76.5%] t=765.2 T0  aggregates=332    
[76.5%] t=765.3 T0  aggregates=331    
[76.5%] t=765.4 T0  aggregates=318    
[76.6%] t=765.5 T0  aggregates=335    
[76.6%] t=765.6 T0  aggregates=329    
[76.6%] t=765.7 T0  aggregates=336    
[76.6%] t=765.8 T0  aggregates=314    
[76.6%] t=765.9 T0  aggregates=317    
[76.6%] t=766.0 T0  aggregates=316    
[76.6%] t=766.1 T0  aggregates=317    
[76.6%] t=766.2 T0  aggregates=318    
[76.6%] t=766.3 T0  aggregates=330    
[76.6%] t=766.4 T0  aggregates=335    
[76.7%] t=766.5 T0  aggregates=359    
[76.7%] t=766.6 T0  aggregates=333    
[76.7%] t=766.7 T0  aggregates=336    
[76.7%] t=766.8 T0  aggregates=331    
[76.7%] t=766.9 T0  aggregates=336    
[76.7%] t=767.0 T0  aggregates=331    
[76.7%] t=767.1 T0  aggregates=338    
[76.7%] t=767.2 T0  aggregates=318    
[76.7%] t=767.3 T0  aggregates=335    
[76.7%] t=767.4 T0  aggregates=331    
[76.8%] t=767.5 T0  aggregates=340    
[76.8%] t=767.6 T0  aggregates=344    
[76.8%] t=767.7 T0  aggregates=337    
[76.8%] t=767.8 T0  aggregates=342    
[76.8%] t=767.9 T0  aggregates=321    
[76.8%] t=768.0 T0  aggregates=333    
[76.8%] t=768.1 T0  aggregates=346    
[76.8%] t=768.2 T0  aggregates=341    
[76.8%] t=768.3 T0  aggregates=335    
[76.8%] t=768.4 T0  aggregates=339    
[76.8%] t=768.5 T0  aggregates=344    
[76.9%] t=768.6 T0  aggregates=322    
[76.9%] t=768.7 T0  aggregates=337    
[76.9%] t=768.8 T0  aggregates=348    
[76.9%] t=768.9 T0  aggregates=348    
[76.9%] t=769.0 T0  aggregates=331    
[76.9%] t=769.1 T0  aggregates=332    
[76.9%] t=769.2 T0  aggregates=327    
[76.9%] t=769.3 T0  aggregates=346    
[76.9%] t=769.4 T0  aggregates=349    
[76.9%] t=769.5 T0  aggregates=358    
[77.0%] t=769.6 T0  aggregates=368    
[77.0%] t=769.7 T0  aggregates=345    
[77.0%] t=769.8 T0  aggregates=339    
[77.0%] t=769.9 T0  aggregates=335    
[77.0%] t=770.0 T0  aggregates=338    
[77.0%] t=770.1 T0  aggregates=334    
[77.0%] t=770.2 T0  aggregates=354    
[77.0%] t=770.3 T0  aggregates=353    
[77.0%] t=770.4 T0  aggregates=387    
[77.1%] t=770.5 T0  aggregates=348    
[77.1%] t=770.6 T0  aggregates=339    
[77.1%] t=770.7 T0  aggregates=340    
[77.1%] t=770.8 T0  aggregates=339    
[77.1%] t=770.9 T0  aggregates=337    
[77.1%] t=771.0 T0  aggregates=355    
[77.1%] t=771.1 T0  aggregates=337    
[77.1%] t=771.2 T0  aggregates=346    
[77.1%] t=771.3 T0  aggregates=348    
[77.1%] t=771.4 T0  aggregates=346    
[77.2%] t=771.5 T0  aggregates=333    
[77.2%] t=771.6 T0  aggregates=334    
[77.2%] t=771.7 T0  aggregates=347    
[77.2%] t=771.8 T0  aggregates=339    
[77.2%] t=771.9 T0  aggregates=326    
[77.2%] t=772.0 T0  aggregates=336    
[77.2%] t=772.1 T0  aggregates=367    
[77.2%] t=772.2 T0  aggregates=346    
[77.2%] t=772.3 T0  aggregates=364    
[77.2%] t=772.4 T0  aggregates=350    
[77.2%] t=772.5 T0  aggregates=356    
[77.3%] t=772.6 T0  aggregates=345    
[77.3%] t=772.7 T0  aggregates=347    
[77.3%] t=772.8 T0  aggregates=337    
[77.3%] t=772.9 T0  aggregates=366    
[77.3%] t=773.0 T0  aggregates=356    
[77.3%] t=773.1 T0  aggregates=346    
[77.3%] t=773.2 T0  aggregates=348    
[77.3%] t=773.3 T0  aggregates=342    
[77.3%] t=773.4 T0  aggregates=355    
[77.3%] t=773.5 T0  aggregates=348    
[77.4%] t=773.6 T0  aggregates=357    
[77.4%] t=773.7 T0  aggregates=331    
[77.4%] t=773.8 T0  aggregates=341    
[77.4%] t=773.9 T0  aggregates=357    
[77.4%] t=774.0 T0  aggregates=350    
[77.4%] t=774.1 T0  aggregates=363    
[77.4%] t=774.2 T0  aggregates=362    
[77.4%] t=774.3 T0  aggregates=340    
[77.4%] t=774.4 T0  aggregates=334    
[77.4%] t=774.5 T0  aggregates=349    
[77.5%] t=774.6 T0  aggregates=352    
[77.5%] t=774.7 T0  aggregates=357    
[77.5%] t=774.8 T0  aggregates=344    
[77.5%] t=774.9 T0  aggregates=353    
[77.5%] t=775.0 T0  aggregates=347    
[77.5%] t=775.1 T0  aggregates=361    
[77.5%] t=775.2 T0  aggregates=354    
[77.5%] t=775.3 T0  aggregates=368    
[77.5%] t=775.4 T0  aggregates=342    
[77.6%] t=775.5 T0  aggregates=341    
[77.6%] t=775.6 T0  aggregates=335    
[77.6%] t=775.7 T0  aggregates=345    
[77.6%] t=775.8 T0  aggregates=331    
[77.6%] t=775.9 T0  aggregates=364    
[77.6%] t=776.0 T0  aggregates=335    
[77.6%] t=776.1 T0  aggregates=342    
[77.6%] t=776.2 T0  aggregates=340    
[77.6%] t=776.3 T0  aggregates=334    
[77.6%] t=776.4 T0  aggregates=360    
[77.7%] t=776.5 T0  aggregates=369    
[77.7%] t=776.6 T0  aggregates=388    
[77.7%] t=776.7 T0  aggregates=364    
[77.7%] t=776.8 T0  aggregates=331    
[77.7%] t=776.9 T0  aggregates=318    
[77.7%] t=777.0 T0  aggregates=321    
[77.7%] t=777.1 T0  aggregates=323    
[77.7%] t=777.2 T0  aggregates=341    
[77.7%] t=777.3 T0  aggregates=310    
[77.7%] t=777.4 T0  aggregates=360    
[77.8%] t=777.5 T0  aggregates=332    
[77.8%] t=777.6 T0  aggregates=341    
[77.8%] t=777.7 T0  aggregates=316    
[77.8%] t=777.8 T0  aggregates=350    
[77.8%] t=777.9 T0  aggregates=335    
[77.8%] t=778.0 T0  aggregates=354    
[77.8%] t=778.1 T0  aggregates=324    
[77.8%] t=778.2 T0  aggregates=352    
[77.8%] t=778.3 T0  aggregates=327    
[77.8%] t=778.4 T0  aggregates=346    
[77.8%] t=778.5 T0  aggregates=326    
[77.9%] t=778.6 T0  aggregates=355    
[77.9%] t=778.7 T0  aggregates=330    
[77.9%] t=778.8 T0  aggregates=333    
[77.9%] t=778.9 T0  aggregates=337    
[77.9%] t=779.0 T0  aggregates=349    
[77.9%] t=779.1 T0  aggregates=362    
[77.9%] t=779.2 T0  aggregates=337    
[77.9%] t=779.3 T0  aggregates=332    
[77.9%] t=779.4 T0  aggregates=350    
[77.9%] t=779.5 T0  aggregates=348    
[78.0%] t=779.6 T0  aggregates=342    
[78.0%] t=779.7 T0  aggregates=336    
[78.0%] t=779.8 T0  aggregates=353    
[78.0%] t=779.9 T0  aggregates=344    
[78.0%] t=780.0 T0  aggregates=341    
[78.0%] t=780.1 T0  aggregates=362    
[78.0%] t=780.2 T0  aggregates=340    
[78.0%] t=780.3 T0  aggregates=335    
[78.0%] t=780.4 T0  aggregates=360    
[78.1%] t=780.5 T0  aggregates=339    
[78.1%] t=780.6 T0  aggregates=343    
[78.1%] t=780.7 T0  aggregates=340    
[78.1%] t=780.8 T0  aggregates=356    
[78.1%] t=780.9 T0  aggregates=349    
[78.1%] t=781.0 T0  aggregates=328    
[78.1%] t=781.1 T0  aggregates=339    
[78.1%] t=781.2 T0  aggregates=347    
[78.1%] t=781.3 T0  aggregates=361    
[78.1%] t=781.4 T0  aggregates=359    
[78.2%] t=781.5 T0  aggregates=338    
[78.2%] t=781.6 T0  aggregates=326    
[78.2%] t=781.7 T0  aggregates=333    
[78.2%] t=781.8 T0  aggregates=344    
[78.2%] t=781.9 T0  aggregates=357    
[78.2%] t=782.0 T0  aggregates=357    
[78.2%] t=782.1 T0  aggregates=344    
[78.2%] t=782.2 T0  aggregates=339    
[78.2%] t=782.3 T0  aggregates=341    
[78.2%] t=782.4 T0  aggregates=339    
[78.2%] t=782.5 T0  aggregates=342    
[78.3%] t=782.6 T0  aggregates=345    
[78.3%] t=782.7 T0  aggregates=349    
[78.3%] t=782.8 T0  aggregates=367    
[78.3%] t=782.9 T0  aggregates=353    
[78.3%] t=783.0 T0  aggregates=361    
[78.3%] t=783.1 T0  aggregates=364    
[78.3%] t=783.2 T0  aggregates=331    
[78.3%] t=783.3 T0  aggregates=343    
[78.3%] t=783.4 T0  aggregates=340    
[78.3%] t=783.5 T0  aggregates=331    
[78.4%] t=783.6 T0  aggregates=333    
[78.4%] t=783.7 T0  aggregates=342    
[78.4%] t=783.8 T0  aggregates=348    
[78.4%] t=783.9 T0  aggregates=345    
[78.4%] t=784.0 T0  aggregates=362    
[78.4%] t=784.1 T0  aggregates=352    
[78.4%] t=784.2 T0  aggregates=330    
[78.4%] t=784.3 T0  aggregates=335    
[78.4%] t=784.4 T0  aggregates=334    
[78.4%] t=784.5 T0  aggregates=376    
[78.5%] t=784.6 T0  aggregates=357    
[78.5%] t=784.7 T0  aggregates=340    
[78.5%] t=784.8 T0  aggregates=318    
[78.5%] t=784.9 T0  aggregates=336    
[78.5%] t=785.0 T0  aggregates=326    
[78.5%] t=785.1 T0  aggregates=330    
[78.5%] t=785.2 T0  aggregates=320    
[78.5%] t=785.3 T0  aggregates=305    
[78.5%] t=785.4 T0  aggregates=331    
[78.6%] t=785.5 T0  aggregates=319    
[78.6%] t=785.6 T0  aggregates=318    
[78.6%] t=785.7 T0  aggregates=314    
[78.6%] t=785.8 T0  aggregates=300    
[78.6%] t=785.9 T0  aggregates=353    
[78.6%] t=786.0 T0  aggregates=342    
[78.6%] t=786.1 T0  aggregates=311    
[78.6%] t=786.2 T0  aggregates=296    
[78.6%] t=786.3 T0  aggregates=305    
[78.6%] t=786.4 T0  aggregates=300    
[78.7%] t=786.5 T0  aggregates=300    
[78.7%] t=786.6 T0  aggregates=301    
[78.7%] t=786.7 T0  aggregates=286    
[78.7%] t=786.8 T0  aggregates=301    
[78.7%] t=786.9 T0  aggregates=298    
[78.7%] t=787.0 T0  aggregates=283    
[78.7%] t=787.1 T0  aggregates=295    
[78.7%] t=787.2 T0  aggregates=286    
[78.7%] t=787.3 T0  aggregates=287    
[78.7%] t=787.4 T0  aggregates=306    
[78.8%] t=787.5 T0  aggregates=304    
[78.8%] t=787.6 T0  aggregates=293    
[78.8%] t=787.7 T0  aggregates=290    
[78.8%] t=787.8 T0  aggregates=310    
[78.8%] t=787.9 T0  aggregates=317    
[78.8%] t=788.0 T0  aggregates=288    
[78.8%] t=788.1 T0  aggregates=296    
[78.8%] t=788.2 T0  aggregates=305    
[78.8%] t=788.3 T0  aggregates=316    
[78.8%] t=788.4 T0  aggregates=331    
[78.8%] t=788.5 T0  aggregates=319    
[78.9%] t=788.6 T0  aggregates=315    
[78.9%] t=788.7 T0  aggregates=303    
[78.9%] t=788.8 T0  aggregates=300    
[78.9%] t=788.9 T0  aggregates=316    
[78.9%] t=789.0 T0  aggregates=314    
[78.9%] t=789.1 T0  aggregates=317    
[78.9%] t=789.2 T0  aggregates=294    
[78.9%] t=789.3 T0  aggregates=309    
[78.9%] t=789.4 T0  aggregates=303    
[78.9%] t=789.5 T0  aggregates=327    
[79.0%] t=789.6 T0  aggregates=305    
[79.0%] t=789.7 T0  aggregates=321    
[79.0%] t=789.8 T0  aggregates=305    
[79.0%] t=789.9 T0  aggregates=317    
[79.0%] t=790.0 T0  aggregates=315    
[79.0%] t=790.1 T0  aggregates=309    
[79.0%] t=790.2 T0  aggregates=321    
[79.0%] t=790.3 T0  aggregates=303    
[79.0%] t=790.4 T0  aggregates=325    
[79.1%] t=790.5 T0  aggregates=330    
[79.1%] t=790.6 T0  aggregates=301    
[79.1%] t=790.7 T0  aggregates=297    
[79.1%] t=790.8 T0  aggregates=321    
[79.1%] t=790.9 T0  aggregates=309    
[79.1%] t=791.0 T0  aggregates=306    
[79.1%] t=791.1 T0  aggregates=317    
[79.1%] t=791.2 T0  aggregates=317    
[79.1%] t=791.3 T0  aggregates=318    
[79.1%] t=791.4 T0  aggregates=330    
[79.2%] t=791.5 T0  aggregates=344    
[79.2%] t=791.6 T0  aggregates=330    
[79.2%] t=791.7 T0  aggregates=322    
[79.2%] t=791.8 T0  aggregates=307    
[79.2%] t=791.9 T0  aggregates=313    
[79.2%] t=792.0 T0  aggregates=298    
[79.2%] t=792.1 T0  aggregates=332    
[79.2%] t=792.2 T0  aggregates=313    
[79.2%] t=792.3 T0  aggregates=320    
[79.2%] t=792.4 T0  aggregates=298    
[79.2%] t=792.5 T0  aggregates=304    
[79.3%] t=792.6 T0  aggregates=303    
[79.3%] t=792.7 T0  aggregates=318    
[79.3%] t=792.8 T0  aggregates=301    
[79.3%] t=792.9 T0  aggregates=309    
[79.3%] t=793.0 T0  aggregates=305    
[79.3%] t=793.1 T0  aggregates=294    
[79.3%] t=793.2 T0  aggregates=315    
[79.3%] t=793.3 T0  aggregates=321    
[79.3%] t=793.4 T0  aggregates=318    
[79.3%] t=793.5 T0  aggregates=319    
[79.4%] t=793.6 T0  aggregates=320    
[79.4%] t=793.7 T0  aggregates=332    
[79.4%] t=793.8 T0  aggregates=323    
[79.4%] t=793.9 T0  aggregates=311    
[79.4%] t=794.0 T0  aggregates=342    
[79.4%] t=794.1 T0  aggregates=380    
[79.4%] t=794.2 T0  aggregates=375    
[79.4%] t=794.3 T0  aggregates=352    
[79.4%] t=794.4 T0  aggregates=356    
[79.4%] t=794.5 T0  aggregates=329    
[79.5%] t=794.6 T0  aggregates=298    
[79.5%] t=794.7 T0  aggregates=321    
[79.5%] t=794.8 T0  aggregates=326    
[79.5%] t=794.9 T0  aggregates=350    
[79.5%] t=795.0 T0  aggregates=352    
[79.5%] t=795.1 T0  aggregates=325    
[79.5%] t=795.2 T0  aggregates=317    
[79.5%] t=795.3 T0  aggregates=339    
[79.5%] t=795.4 T0  aggregates=340    
[79.6%] t=795.5 T0  aggregates=324    
[79.6%] t=795.6 T0  aggregates=319    
[79.6%] t=795.7 T0  aggregates=307    
[79.6%] t=795.8 T0  aggregates=321    
[79.6%] t=795.9 T0  aggregates=327    
[79.6%] t=796.0 T0  aggregates=326    
[79.6%] t=796.1 T0  aggregates=357    
[79.6%] t=796.2 T0  aggregates=341    
[79.6%] t=796.3 T0  aggregates=326    
[79.6%] t=796.4 T0  aggregates=347    
[79.7%] t=796.5 T0  aggregates=381    
[79.7%] t=796.6 T0  aggregates=325    
[79.7%] t=796.7 T0  aggregates=331    
[79.7%] t=796.8 T0  aggregates=327    
[79.7%] t=796.9 T0  aggregates=321    
[79.7%] t=797.0 T0  aggregates=317    
[79.7%] t=797.1 T0  aggregates=324    
[79.7%] t=797.2 T0  aggregates=309    
[79.7%] t=797.3 T0  aggregates=327    
[79.7%] t=797.4 T0  aggregates=318    
[79.8%] t=797.5 T0  aggregates=319    
[79.8%] t=797.6 T0  aggregates=304    
[79.8%] t=797.7 T0  aggregates=318    
[79.8%] t=797.8 T0  aggregates=306    
[79.8%] t=797.9 T0  aggregates=323    
[79.8%] t=798.0 T0  aggregates=309    
[79.8%] t=798.1 T0  aggregates=306    
[79.8%] t=798.2 T0  aggregates=310    
[79.8%] t=798.3 T0  aggregates=311    
[79.8%] t=798.4 T0  aggregates=318    
[79.8%] t=798.5 T0  aggregates=313    
[79.9%] t=798.6 T0  aggregates=310    
[79.9%] t=798.7 T0  aggregates=316    
[79.9%] t=798.8 T0  aggregates=326    
[79.9%] t=798.9 T0  aggregates=305    
[79.9%] t=799.0 T0  aggregates=312    
[79.9%] t=799.1 T0  aggregates=311    
[79.9%] t=799.2 T0  aggregates=312    
[79.9%] t=799.3 T0  aggregates=317    
[79.9%] t=799.4 T0  aggregates=302    
[79.9%] t=799.5 T0  aggregates=316    
[80.0%] t=799.6 T0  aggregates=308    
[80.0%] t=799.7 T0  aggregates=315    
[80.0%] t=799.8 T0  aggregates=317    
[80.0%] t=799.9 T0  aggregates=321    
[80.0%] t=800.0 T0  aggregates=309    
[80.0%] t=800.1 T0  aggregates=319    
[80.0%] t=800.2 T0  aggregates=308    
[80.0%] t=800.3 T0  aggregates=325    
[80.0%] t=800.4 T0  aggregates=332    
[80.1%] t=800.5 T0  aggregates=338    
[80.1%] t=800.6 T0  aggregates=322    
[80.1%] t=800.7 T0  aggregates=331    
[80.1%] t=800.8 T0  aggregates=307    
[80.1%] t=800.9 T0  aggregates=314    
[80.1%] t=801.0 T0  aggregates=325    
[80.1%] t=801.1 T0  aggregates=334    
[80.1%] t=801.2 T0  aggregates=306    
[80.1%] t=801.3 T0  aggregates=313    
[80.1%] t=801.4 T0  aggregates=296    
[80.2%] t=801.5 T0  aggregates=305    
[80.2%] t=801.6 T0  aggregates=336    
[80.2%] t=801.7 T0  aggregates=332    
[80.2%] t=801.8 T0  aggregates=320    
[80.2%] t=801.9 T0  aggregates=312    
[80.2%] t=802.0 T0  aggregates=312    
[80.2%] t=802.1 T0  aggregates=320    
[80.2%] t=802.2 T0  aggregates=345    
[80.2%] t=802.3 T0  aggregates=306    
[80.2%] t=802.4 T0  aggregates=326    
[80.2%] t=802.5 T0  aggregates=324    
[80.3%] t=802.6 T0  aggregates=320    
[80.3%] t=802.7 T0  aggregates=313    
[80.3%] t=802.8 T0  aggregates=316    
[80.3%] t=802.9 T0  aggregates=320    
[80.3%] t=803.0 T0  aggregates=307    
[80.3%] t=803.1 T0  aggregates=327    
[80.3%] t=803.2 T0  aggregates=338    
[80.3%] t=803.3 T0  aggregates=327    
[80.3%] t=803.4 T0  aggregates=325    
[80.3%] t=803.5 T0  aggregates=330    
[80.4%] t=803.6 T0  aggregates=330    
[80.4%] t=803.7 T0  aggregates=318    
[80.4%] t=803.8 T0  aggregates=330    
[80.4%] t=803.9 T0  aggregates=334    
[80.4%] t=804.0 T0  aggregates=325    
[80.4%] t=804.1 T0  aggregates=315    
[80.4%] t=804.2 T0  aggregates=327    
[80.4%] t=804.3 T0  aggregates=312    
[80.4%] t=804.4 T0  aggregates=356    
[80.4%] t=804.5 T0  aggregates=327    
[80.5%] t=804.6 T0  aggregates=343    
[80.5%] t=804.7 T0  aggregates=324    
[80.5%] t=804.8 T0  aggregates=312    
[80.5%] t=804.9 T0  aggregates=305    
[80.5%] t=805.0 T0  aggregates=328    
[80.5%] t=805.1 T0  aggregates=318    
[80.5%] t=805.2 T0  aggregates=321    
[80.5%] t=805.3 T0  aggregates=307    
[80.5%] t=805.4 T0  aggregates=335    
[80.6%] t=805.5 T0  aggregates=323    
[80.6%] t=805.6 T0  aggregates=322    
[80.6%] t=805.7 T0  aggregates=330    
[80.6%] t=805.8 T0  aggregates=312    
[80.6%] t=805.9 T0  aggregates=327    
[80.6%] t=806.0 T0  aggregates=326    
[80.6%] t=806.1 T0  aggregates=352    
[80.6%] t=806.2 T0  aggregates=345    
[80.6%] t=806.3 T0  aggregates=363    
[80.6%] t=806.4 T0  aggregates=344    
[80.7%] t=806.5 T0  aggregates=328    
[80.7%] t=806.6 T0  aggregates=359    
[80.7%] t=806.7 T0  aggregates=326    
[80.7%] t=806.8 T0  aggregates=325    
[80.7%] t=806.9 T0  aggregates=329    
[80.7%] t=807.0 T0  aggregates=312    
[80.7%] t=807.1 T0  aggregates=342    
[80.7%] t=807.2 T0  aggregates=322    
[80.7%] t=807.3 T0  aggregates=338    
[80.7%] t=807.4 T0  aggregates=325    
[80.8%] t=807.5 T0  aggregates=344    
[80.8%] t=807.6 T0  aggregates=334    
[80.8%] t=807.7 T0  aggregates=316    
[80.8%] t=807.8 T0  aggregates=322    
[80.8%] t=807.9 T0  aggregates=316    
[80.8%] t=808.0 T0  aggregates=311    
[80.8%] t=808.1 T0  aggregates=306    
[80.8%] t=808.2 T0  aggregates=307    
[80.8%] t=808.3 T0  aggregates=350    
[80.8%] t=808.4 T0  aggregates=340    
[80.8%] t=808.5 T0  aggregates=337    
[80.9%] t=808.6 T0  aggregates=327    
[80.9%] t=808.7 T0  aggregates=312    
[80.9%] t=808.8 T0  aggregates=322    
[80.9%] t=808.9 T0  aggregates=328    
[80.9%] t=809.0 T0  aggregates=316    
[80.9%] t=809.1 T0  aggregates=327    
[80.9%] t=809.2 T0  aggregates=323    
[80.9%] t=809.3 T0  aggregates=329    
[80.9%] t=809.4 T0  aggregates=338    
[80.9%] t=809.5 T0  aggregates=309    
[81.0%] t=809.6 T0  aggregates=330    
[81.0%] t=809.7 T0  aggregates=320    
[81.0%] t=809.8 T0  aggregates=333    
[81.0%] t=809.9 T0  aggregates=343    
[81.0%] t=810.0 T0  aggregates=333    
[81.0%] t=810.1 T0  aggregates=329    
[81.0%] t=810.2 T0  aggregates=355    
[81.0%] t=810.3 T0  aggregates=330    
[81.0%] t=810.4 T0  aggregates=336    
[81.1%] t=810.5 T0  aggregates=341    
[81.1%] t=810.6 T0  aggregates=348    
[81.1%] t=810.7 T0  aggregates=352    
[81.1%] t=810.8 T0  aggregates=352    
[81.1%] t=810.9 T0  aggregates=335    
[81.1%] t=811.0 T0  aggregates=332    
[81.1%] t=811.1 T0  aggregates=343    
[81.1%] t=811.2 T0  aggregates=364    
[81.1%] t=811.3 T0  aggregates=350    
[81.1%] t=811.4 T0  aggregates=334    
[81.2%] t=811.5 T0  aggregates=343    
[81.2%] t=811.6 T0  aggregates=347    
[81.2%] t=811.7 T0  aggregates=347    
[81.2%] t=811.8 T0  aggregates=364    
[81.2%] t=811.9 T0  aggregates=346    
[81.2%] t=812.0 T0  aggregates=335    
[81.2%] t=812.1 T0  aggregates=356    
[81.2%] t=812.2 T0  aggregates=336    
[81.2%] t=812.3 T0  aggregates=334    
[81.2%] t=812.4 T0  aggregates=329    
[81.2%] t=812.5 T0  aggregates=342    
[81.3%] t=812.6 T0  aggregates=329    
[81.3%] t=812.7 T0  aggregates=341    
[81.3%] t=812.8 T0  aggregates=345    
[81.3%] t=812.9 T0  aggregates=338    
[81.3%] t=813.0 T0  aggregates=359    
[81.3%] t=813.1 T0  aggregates=361    
[81.3%] t=813.2 T0  aggregates=339    
[81.3%] t=813.3 T0  aggregates=351    
[81.3%] t=813.4 T0  aggregates=358    
[81.3%] t=813.5 T0  aggregates=369    
[81.4%] t=813.6 T0  aggregates=350    
[81.4%] t=813.7 T0  aggregates=354    
[81.4%] t=813.8 T0  aggregates=378    
[81.4%] t=813.9 T0  aggregates=376    
[81.4%] t=814.0 T0  aggregates=372    
[81.4%] t=814.1 T0  aggregates=367    
[81.4%] t=814.2 T0  aggregates=356    
[81.4%] t=814.3 T0  aggregates=356    
[81.4%] t=814.4 T0  aggregates=343    
[81.4%] t=814.5 T0  aggregates=370    
[81.5%] t=814.6 T0  aggregates=351    
[81.5%] t=814.7 T0  aggregates=386    
[81.5%] t=814.8 T0  aggregates=365    
[81.5%] t=814.9 T0  aggregates=355    
[81.5%] t=815.0 T0  aggregates=367    
[81.5%] t=815.1 T0  aggregates=349    
[81.5%] t=815.2 T0  aggregates=349    
[81.5%] t=815.3 T0  aggregates=340    
[81.5%] t=815.4 T0  aggregates=351    
[81.6%] t=815.5 T0  aggregates=376    
[81.6%] t=815.6 T0  aggregates=366    
[81.6%] t=815.7 T0  aggregates=347    
[81.6%] t=815.8 T0  aggregates=366    
[81.6%] t=815.9 T0  aggregates=368    
[81.6%] t=816.0 T0  aggregates=378    
[81.6%] t=816.1 T0  aggregates=352    
[81.6%] t=816.2 T0  aggregates=372    
[81.6%] t=816.3 T0  aggregates=347    
[81.6%] t=816.4 T0  aggregates=375    
[81.7%] t=816.5 T0  aggregates=351    
[81.7%] t=816.6 T0  aggregates=356    
[81.7%] t=816.7 T0  aggregates=365    
[81.7%] t=816.8 T0  aggregates=352    
[81.7%] t=816.9 T0  aggregates=347    
[81.7%] t=817.0 T0  aggregates=350    
[81.7%] t=817.1 T0  aggregates=361    
[81.7%] t=817.2 T0  aggregates=358    
[81.7%] t=817.3 T0  aggregates=360    
[81.7%] t=817.4 T0  aggregates=352    
[81.8%] t=817.5 T0  aggregates=362    
[81.8%] t=817.6 T0  aggregates=344    
[81.8%] t=817.7 T0  aggregates=356    
[81.8%] t=817.8 T0  aggregates=366    
[81.8%] t=817.9 T0  aggregates=363    
[81.8%] t=818.0 T0  aggregates=347    
[81.8%] t=818.1 T0  aggregates=345    
[81.8%] t=818.2 T0  aggregates=329    
[81.8%] t=818.3 T0  aggregates=338    
[81.8%] t=818.4 T0  aggregates=360    
[81.8%] t=818.5 T0  aggregates=353    
[81.9%] t=818.6 T0  aggregates=354    
[81.9%] t=818.7 T0  aggregates=367    
[81.9%] t=818.8 T0  aggregates=339    
[81.9%] t=818.9 T0  aggregates=356    
[81.9%] t=819.0 T0  aggregates=348    
[81.9%] t=819.1 T0  aggregates=348    
[81.9%] t=819.2 T0  aggregates=343    
[81.9%] t=819.3 T0  aggregates=364    
[81.9%] t=819.4 T0  aggregates=340    
[81.9%] t=819.5 T0  aggregates=361    
[82.0%] t=819.6 T0  aggregates=360    
[82.0%] t=819.7 T0  aggregates=348    
[82.0%] t=819.8 T0  aggregates=339    
[82.0%] t=819.9 T0  aggregates=373    
[82.0%] t=820.0 T0  aggregates=349    
[82.0%] t=820.1 T0  aggregates=370    
[82.0%] t=820.2 T0  aggregates=348    
[82.0%] t=820.3 T0  aggregates=366    
[82.0%] t=820.4 T0  aggregates=357    
[82.1%] t=820.5 T0  aggregates=363    
[82.1%] t=820.6 T0  aggregates=355    
[82.1%] t=820.7 T0  aggregates=365    
[82.1%] t=820.8 T0  aggregates=347    
[82.1%] t=820.9 T0  aggregates=354    
[82.1%] t=821.0 T0  aggregates=359    
[82.1%] t=821.1 T0  aggregates=377    
[82.1%] t=821.2 T0  aggregates=367    
[82.1%] t=821.3 T0  aggregates=358    
[82.1%] t=821.4 T0  aggregates=354    
[82.2%] t=821.5 T0  aggregates=364    
[82.2%] t=821.6 T0  aggregates=352    
[82.2%] t=821.7 T0  aggregates=363    
[82.2%] t=821.8 T0  aggregates=359    
[82.2%] t=821.9 T0  aggregates=393    
[82.2%] t=822.0 T0  aggregates=355    
[82.2%] t=822.1 T0  aggregates=378    
[82.2%] t=822.2 T0  aggregates=356    
[82.2%] t=822.3 T0  aggregates=364    
[82.2%] t=822.4 T0  aggregates=344    
[82.2%] t=822.5 T0  aggregates=339    
[82.3%] t=822.6 T0  aggregates=360    
[82.3%] t=822.7 T0  aggregates=365    
[82.3%] t=822.8 T0  aggregates=356    
[82.3%] t=822.9 T0  aggregates=355    
[82.3%] t=823.0 T0  aggregates=355    
[82.3%] t=823.1 T0  aggregates=381    
[82.3%] t=823.2 T0  aggregates=374    
[82.3%] t=823.3 T0  aggregates=341    
[82.3%] t=823.4 T0  aggregates=359    
[82.3%] t=823.5 T0  aggregates=335    
[82.4%] t=823.6 T0  aggregates=380    
[82.4%] t=823.7 T0  aggregates=376    
[82.4%] t=823.8 T0  aggregates=380    
[82.4%] t=823.9 T0  aggregates=349    
[82.4%] t=824.0 T0  aggregates=347    
[82.4%] t=824.1 T0  aggregates=339    
[82.4%] t=824.2 T0  aggregates=358    
[82.4%] t=824.3 T0  aggregates=367    
[82.4%] t=824.4 T0  aggregates=403    
[82.4%] t=824.5 T0  aggregates=367    
[82.5%] t=824.6 T0  aggregates=359    
[82.5%] t=824.7 T0  aggregates=366    
[82.5%] t=824.8 T0  aggregates=394    
[82.5%] t=824.9 T0  aggregates=426    
[82.5%] t=825.0 T0  aggregates=401    
[82.5%] t=825.1 T0  aggregates=369    
[82.5%] t=825.2 T0  aggregates=371    
[82.5%] t=825.3 T0  aggregates=355    
[82.5%] t=825.4 T0  aggregates=355    
[82.6%] t=825.5 T0  aggregates=338    
[82.6%] t=825.6 T0  aggregates=361    
[82.6%] t=825.7 T0  aggregates=345    
[82.6%] t=825.8 T0  aggregates=384    
[82.6%] t=825.9 T0  aggregates=421    
[82.6%] t=826.0 T0  aggregates=417    
[82.6%] t=826.1 T0  aggregates=358    
[82.6%] t=826.2 T0  aggregates=365    
[82.6%] t=826.3 T0  aggregates=355    
[82.6%] t=826.4 T0  aggregates=362    
[82.7%] t=826.5 T0  aggregates=344    
[82.7%] t=826.6 T0  aggregates=365    
[82.7%] t=826.7 T0  aggregates=355    
[82.7%] t=826.8 T0  aggregates=359    
[82.7%] t=826.9 T0  aggregates=329    
[82.7%] t=827.0 T0  aggregates=347    
[82.7%] t=827.1 T0  aggregates=329    
[82.7%] t=827.2 T0  aggregates=344    
[82.7%] t=827.3 T0  aggregates=353    
[82.7%] t=827.4 T0  aggregates=348    
[82.8%] t=827.5 T0  aggregates=341    
[82.8%] t=827.6 T0  aggregates=351    
[82.8%] t=827.7 T0  aggregates=351    
[82.8%] t=827.8 T0  aggregates=346    
[82.8%] t=827.9 T0  aggregates=364    
[82.8%] t=828.0 T0  aggregates=381    
[82.8%] t=828.1 T0  aggregates=387    
[82.8%] t=828.2 T0  aggregates=345    
[82.8%] t=828.3 T0  aggregates=361    
[82.8%] t=828.4 T0  aggregates=335    
[82.8%] t=828.5 T0  aggregates=345    
[82.9%] t=828.6 T0  aggregates=357    
[82.9%] t=828.7 T0  aggregates=362    
[82.9%] t=828.8 T0  aggregates=376    
[82.9%] t=828.9 T0  aggregates=367    
[82.9%] t=829.0 T0  aggregates=334    
[82.9%] t=829.1 T0  aggregates=351    
[82.9%] t=829.2 T0  aggregates=375    
[82.9%] t=829.3 T0  aggregates=369    
[82.9%] t=829.4 T0  aggregates=334    
[82.9%] t=829.5 T0  aggregates=343    
[83.0%] t=829.6 T0  aggregates=332    
[83.0%] t=829.7 T0  aggregates=351    
[83.0%] t=829.8 T0  aggregates=323    
[83.0%] t=829.9 T0  aggregates=327    
[83.0%] t=830.0 T0  aggregates=310    
[83.0%] t=830.1 T0  aggregates=311    
[83.0%] t=830.2 T0  aggregates=311    
[83.0%] t=830.3 T0  aggregates=314    
[83.0%] t=830.4 T0  aggregates=372    
[83.1%] t=830.5 T0  aggregates=331    
[83.1%] t=830.6 T0  aggregates=334    
[83.1%] t=830.7 T0  aggregates=332    
[83.1%] t=830.8 T0  aggregates=343    
[83.1%] t=830.9 T0  aggregates=314    
[83.1%] t=831.0 T0  aggregates=316    
[83.1%] t=831.1 T0  aggregates=310    
[83.1%] t=831.2 T0  aggregates=317    
[83.1%] t=831.3 T0  aggregates=305    
[83.1%] t=831.4 T0  aggregates=342    
[83.2%] t=831.5 T0  aggregates=314    
[83.2%] t=831.6 T0  aggregates=304    
[83.2%] t=831.7 T0  aggregates=325    
[83.2%] t=831.8 T0  aggregates=313    
[83.2%] t=831.9 T0  aggregates=311    
[83.2%] t=832.0 T0  aggregates=301    
[83.2%] t=832.1 T0  aggregates=317    
[83.2%] t=832.2 T0  aggregates=312    
[83.2%] t=832.3 T0  aggregates=316    
[83.2%] t=832.4 T0  aggregates=324    
[83.2%] t=832.5 T0  aggregates=336    
[83.3%] t=832.6 T0  aggregates=348    
[83.3%] t=832.7 T0  aggregates=345    
[83.3%] t=832.8 T0  aggregates=336    
[83.3%] t=832.9 T0  aggregates=321    
[83.3%] t=833.0 T0  aggregates=340    
[83.3%] t=833.1 T0  aggregates=324    
[83.3%] t=833.2 T0  aggregates=334    
[83.3%] t=833.3 T0  aggregates=315    
[83.3%] t=833.4 T0  aggregates=314    
[83.3%] t=833.5 T0  aggregates=306    
[83.4%] t=833.6 T0  aggregates=319    
[83.4%] t=833.7 T0  aggregates=341    
[83.4%] t=833.8 T0  aggregates=329    
[83.4%] t=833.9 T0  aggregates=334    
[83.4%] t=834.0 T0  aggregates=307    
[83.4%] t=834.1 T0  aggregates=337    
[83.4%] t=834.2 T0  aggregates=309    
[83.4%] t=834.3 T0  aggregates=318    
[83.4%] t=834.4 T0  aggregates=307    
[83.4%] t=834.5 T0  aggregates=338    
[83.5%] t=834.6 T0  aggregates=304    
[83.5%] t=834.7 T0  aggregates=308    
[83.5%] t=834.8 T0  aggregates=315    
[83.5%] t=834.9 T0  aggregates=305    
[83.5%] t=835.0 T0  aggregates=333    
[83.5%] t=835.1 T0  aggregates=319    
[83.5%] t=835.2 T0  aggregates=323    
[83.5%] t=835.3 T0  aggregates=312    
[83.5%] t=835.4 T0  aggregates=319    
[83.6%] t=835.5 T0  aggregates=315    
[83.6%] t=835.6 T0  aggregates=318    
[83.6%] t=835.7 T0  aggregates=322    
[83.6%] t=835.8 T0  aggregates=351    
[83.6%] t=835.9 T0  aggregates=344    
[83.6%] t=836.0 T0  aggregates=319    
[83.6%] t=836.1 T0  aggregates=318    
[83.6%] t=836.2 T0  aggregates=307    
[83.6%] t=836.3 T0  aggregates=328    
[83.6%] t=836.4 T0  aggregates=318    
[83.7%] t=836.5 T0  aggregates=319    
[83.7%] t=836.6 T0  aggregates=300    
[83.7%] t=836.7 T0  aggregates=317    
[83.7%] t=836.8 T0  aggregates=358    
[83.7%] t=836.9 T0  aggregates=338    
[83.7%] t=837.0 T0  aggregates=324    
[83.7%] t=837.1 T0  aggregates=305    
[83.7%] t=837.2 T0  aggregates=310    
[83.7%] t=837.3 T0  aggregates=338    
[83.7%] t=837.4 T0  aggregates=339    
[83.8%] t=837.5 T0  aggregates=306    
[83.8%] t=837.6 T0  aggregates=310    
[83.8%] t=837.7 T0  aggregates=310    
[83.8%] t=837.8 T0  aggregates=328    
[83.8%] t=837.9 T0  aggregates=293    
[83.8%] t=838.0 T0  aggregates=312    
[83.8%] t=838.1 T0  aggregates=306    
[83.8%] t=838.2 T0  aggregates=318    
[83.8%] t=838.3 T0  aggregates=319    
[83.8%] t=838.4 T0  aggregates=317    
[83.8%] t=838.5 T0  aggregates=308    
[83.9%] t=838.6 T0  aggregates=315    
[83.9%] t=838.7 T0  aggregates=314    
[83.9%] t=838.8 T0  aggregates=358    
[83.9%] t=838.9 T0  aggregates=335    
[83.9%] t=839.0 T0  aggregates=316    
[83.9%] t=839.1 T0  aggregates=332    
[83.9%] t=839.2 T0  aggregates=307    
[83.9%] t=839.3 T0  aggregates=292    
[83.9%] t=839.4 T0  aggregates=286    
[83.9%] t=839.5 T0  aggregates=305    
[84.0%] t=839.6 T0  aggregates=271    
[84.0%] t=839.7 T0  aggregates=300    
[84.0%] t=839.8 T0  aggregates=290    
[84.0%] t=839.9 T0  aggregates=321    
[84.0%] t=840.0 T0  aggregates=286    
[84.0%] t=840.1 T0  aggregates=317    
[84.0%] t=840.2 T0  aggregates=290    
[84.0%] t=840.3 T0  aggregates=291    
[84.0%] t=840.4 T0  aggregates=322    
[84.1%] t=840.5 T0  aggregates=289    
[84.1%] t=840.6 T0  aggregates=288    
[84.1%] t=840.7 T0  aggregates=294    
[84.1%] t=840.8 T0  aggregates=293    
[84.1%] t=840.9 T0  aggregates=324    
[84.1%] t=841.0 T0  aggregates=310    
[84.1%] t=841.1 T0  aggregates=305    
[84.1%] t=841.2 T0  aggregates=301    
[84.1%] t=841.3 T0  aggregates=310    
[84.1%] t=841.4 T0  aggregates=308    
[84.2%] t=841.5 T0  aggregates=295    
[84.2%] t=841.6 T0  aggregates=317    
[84.2%] t=841.7 T0  aggregates=299    
[84.2%] t=841.8 T0  aggregates=293    
[84.2%] t=841.9 T0  aggregates=332    
[84.2%] t=842.0 T0  aggregates=299    
[84.2%] t=842.1 T0  aggregates=281    
[84.2%] t=842.2 T0  aggregates=273    
[84.2%] t=842.3 T0  aggregates=284    
[84.2%] t=842.4 T0  aggregates=291    
[84.2%] t=842.5 T0  aggregates=273    
[84.3%] t=842.6 T0  aggregates=282    
[84.3%] t=842.7 T0  aggregates=292    
[84.3%] t=842.8 T0  aggregates=293    
[84.3%] t=842.9 T0  aggregates=276    
[84.3%] t=843.0 T0  aggregates=269    
[84.3%] t=843.1 T0  aggregates=268    
[84.3%] t=843.2 T0  aggregates=288    
[84.3%] t=843.3 T0  aggregates=304    
[84.3%] t=843.4 T0  aggregates=297    
[84.3%] t=843.5 T0  aggregates=297    
[84.4%] t=843.6 T0  aggregates=285    
[84.4%] t=843.7 T0  aggregates=301    
[84.4%] t=843.8 T0  aggregates=282    
[84.4%] t=843.9 T0  aggregates=301    
[84.4%] t=844.0 T0  aggregates=279    
[84.4%] t=844.1 T0  aggregates=287    
[84.4%] t=844.2 T0  aggregates=275    
[84.4%] t=844.3 T0  aggregates=303    
[84.4%] t=844.4 T0  aggregates=276    
[84.4%] t=844.5 T0  aggregates=294    
[84.5%] t=844.6 T0  aggregates=294    
[84.5%] t=844.7 T0  aggregates=285    
[84.5%] t=844.8 T0  aggregates=324    
[84.5%] t=844.9 T0  aggregates=290    
[84.5%] t=845.0 T0  aggregates=312    
[84.5%] t=845.1 T0  aggregates=291    
[84.5%] t=845.2 T0  aggregates=316    
[84.5%] t=845.3 T0  aggregates=288    
[84.5%] t=845.4 T0  aggregates=286    
[84.6%] t=845.5 T0  aggregates=296    
[84.6%] t=845.6 T0  aggregates=326    
[84.6%] t=845.7 T0  aggregates=298    
[84.6%] t=845.8 T0  aggregates=287    
[84.6%] t=845.9 T0  aggregates=293    
[84.6%] t=846.0 T0  aggregates=294    
[84.6%] t=846.1 T0  aggregates=324    
[84.6%] t=846.2 T0  aggregates=290    
[84.6%] t=846.3 T0  aggregates=301    
[84.6%] t=846.4 T0  aggregates=331    
[84.7%] t=846.5 T0  aggregates=360    
[84.7%] t=846.6 T0  aggregates=314    
[84.7%] t=846.7 T0  aggregates=316    
[84.7%] t=846.8 T0  aggregates=302    
[84.7%] t=846.9 T0  aggregates=349    
[84.7%] t=847.0 T0  aggregates=321    
[84.7%] t=847.1 T0  aggregates=303    
[84.7%] t=847.2 T0  aggregates=313    
[84.7%] t=847.3 T0  aggregates=312    
[84.7%] t=847.4 T0  aggregates=324    
[84.8%] t=847.5 T0  aggregates=298    
[84.8%] t=847.6 T0  aggregates=306    
[84.8%] t=847.7 T0  aggregates=317    
[84.8%] t=847.8 T0  aggregates=303    
[84.8%] t=847.9 T0  aggregates=295    
[84.8%] t=848.0 T0  aggregates=311    
[84.8%] t=848.1 T0  aggregates=289    
[84.8%] t=848.2 T0  aggregates=302    
[84.8%] t=848.3 T0  aggregates=315    
[84.8%] t=848.4 T0  aggregates=316    
[84.8%] t=848.5 T0  aggregates=310    
[84.9%] t=848.6 T0  aggregates=316    
[84.9%] t=848.7 T0  aggregates=311    
[84.9%] t=848.8 T0  aggregates=303    
[84.9%] t=848.9 T0  aggregates=300    
[84.9%] t=849.0 T0  aggregates=323    
[84.9%] t=849.1 T0  aggregates=316    
[84.9%] t=849.2 T0  aggregates=328    
[84.9%] t=849.3 T0  aggregates=299    
[84.9%] t=849.4 T0  aggregates=314    
[84.9%] t=849.5 T0  aggregates=300    
[85.0%] t=849.6 T0  aggregates=322    
[85.0%] t=849.7 T0  aggregates=306    
[85.0%] t=849.8 T0  aggregates=317    
[85.0%] t=849.9 T0  aggregates=310    
[85.0%] t=850.0 T0  aggregates=309    
[85.0%] t=850.1 T0  aggregates=311    
[85.0%] t=850.2 T0  aggregates=313    
[85.0%] t=850.3 T0  aggregates=324    
[85.0%] t=850.4 T0  aggregates=309    
[85.1%] t=850.5 T0  aggregates=316    
[85.1%] t=850.6 T0  aggregates=308    
[85.1%] t=850.7 T0  aggregates=351    
[85.1%] t=850.8 T0  aggregates=315    
[85.1%] t=850.9 T0  aggregates=323    
[85.1%] t=851.0 T0  aggregates=313    
[85.1%] t=851.1 T0  aggregates=326    
[85.1%] t=851.2 T0  aggregates=313    
[85.1%] t=851.3 T0  aggregates=318    
[85.1%] t=851.4 T0  aggregates=329    
[85.2%] t=851.5 T0  aggregates=338    
[85.2%] t=851.6 T0  aggregates=319    
[85.2%] t=851.7 T0  aggregates=305    
[85.2%] t=851.8 T0  aggregates=324    
[85.2%] t=851.9 T0  aggregates=306    
[85.2%] t=852.0 T0  aggregates=310    
[85.2%] t=852.1 T0  aggregates=316    
[85.2%] t=852.2 T0  aggregates=303    
[85.2%] t=852.3 T0  aggregates=330    
[85.2%] t=852.4 T0  aggregates=314    
[85.2%] t=852.5 T0  aggregates=307    
[85.3%] t=852.6 T0  aggregates=331    
[85.3%] t=852.7 T0  aggregates=378    
[85.3%] t=852.8 T0  aggregates=313    
[85.3%] t=852.9 T0  aggregates=313    
[85.3%] t=853.0 T0  aggregates=313    
[85.3%] t=853.1 T0  aggregates=328    
[85.3%] t=853.2 T0  aggregates=319    
[85.3%] t=853.3 T0  aggregates=317    
[85.3%] t=853.4 T0  aggregates=314    
[85.3%] t=853.5 T0  aggregates=353    
[85.4%] t=853.6 T0  aggregates=346    
[85.4%] t=853.7 T0  aggregates=318    
[85.4%] t=853.8 T0  aggregates=327    
[85.4%] t=853.9 T0  aggregates=314    
[85.4%] t=854.0 T0  aggregates=307    
[85.4%] t=854.1 T0  aggregates=316    
[85.4%] t=854.2 T0  aggregates=348    
[85.4%] t=854.3 T0  aggregates=309    
[85.4%] t=854.4 T0  aggregates=310    
[85.4%] t=854.5 T0  aggregates=291    
[85.5%] t=854.6 T0  aggregates=303    
[85.5%] t=854.7 T0  aggregates=301    
[85.5%] t=854.8 T0  aggregates=347    
[85.5%] t=854.9 T0  aggregates=329    
[85.5%] t=855.0 T0  aggregates=365    
[85.5%] t=855.1 T0  aggregates=352    
[85.5%] t=855.2 T0  aggregates=351    
[85.5%] t=855.3 T0  aggregates=319    
[85.5%] t=855.4 T0  aggregates=318    
[85.6%] t=855.5 T0  aggregates=317    
[85.6%] t=855.6 T0  aggregates=319    
[85.6%] t=855.7 T0  aggregates=326    
[85.6%] t=855.8 T0  aggregates=356    
[85.6%] t=855.9 T0  aggregates=348    
[85.6%] t=856.0 T0  aggregates=333    
[85.6%] t=856.1 T0  aggregates=339    
[85.6%] t=856.2 T0  aggregates=344    
[85.6%] t=856.3 T0  aggregates=349    
[85.6%] t=856.4 T0  aggregates=351    
[85.7%] t=856.5 T0  aggregates=388    
[85.7%] t=856.6 T0  aggregates=355    
[85.7%] t=856.7 T0  aggregates=323    
[85.7%] t=856.8 T0  aggregates=341    
[85.7%] t=856.9 T0  aggregates=345    
[85.7%] t=857.0 T0  aggregates=347    
[85.7%] t=857.1 T0  aggregates=343    
[85.7%] t=857.2 T0  aggregates=408    
[85.7%] t=857.3 T0  aggregates=369    
[85.7%] t=857.4 T0  aggregates=345    
[85.8%] t=857.5 T0  aggregates=343    
[85.8%] t=857.6 T0  aggregates=348    
[85.8%] t=857.7 T0  aggregates=340    
[85.8%] t=857.8 T0  aggregates=342    
[85.8%] t=857.9 T0  aggregates=337    
[85.8%] t=858.0 T0  aggregates=364    
[85.8%] t=858.1 T0  aggregates=358    
[85.8%] t=858.2 T0  aggregates=331    
[85.8%] t=858.3 T0  aggregates=329    
[85.8%] t=858.4 T0  aggregates=342    
[85.8%] t=858.5 T0  aggregates=368    
[85.9%] t=858.6 T0  aggregates=346    
[85.9%] t=858.7 T0  aggregates=342    
[85.9%] t=858.8 T0  aggregates=334    
[85.9%] t=858.9 T0  aggregates=346    
[85.9%] t=859.0 T0  aggregates=329    
[85.9%] t=859.1 T0  aggregates=351    
[85.9%] t=859.2 T0  aggregates=321    
[85.9%] t=859.3 T0  aggregates=329    
[85.9%] t=859.4 T0  aggregates=333    
[85.9%] t=859.5 T0  aggregates=331    
[86.0%] t=859.6 T0  aggregates=322    
[86.0%] t=859.7 T0  aggregates=359    
[86.0%] t=859.8 T0  aggregates=374    
[86.0%] t=859.9 T0  aggregates=377    
[86.0%] t=860.0 T0  aggregates=336    
[86.0%] t=860.1 T0  aggregates=330    
[86.0%] t=860.2 T0  aggregates=318    
[86.0%] t=860.3 T0  aggregates=350    
[86.0%] t=860.4 T0  aggregates=339    
[86.1%] t=860.5 T0  aggregates=346    
[86.1%] t=860.6 T0  aggregates=332    
[86.1%] t=860.7 T0  aggregates=354    
[86.1%] t=860.8 T0  aggregates=345    
[86.1%] t=860.9 T0  aggregates=315    
[86.1%] t=861.0 T0  aggregates=337    
[86.1%] t=861.1 T0  aggregates=334    
[86.1%] t=861.2 T0  aggregates=361    
[86.1%] t=861.3 T0  aggregates=326    
[86.1%] t=861.4 T0  aggregates=357    
[86.2%] t=861.5 T0  aggregates=320    
[86.2%] t=861.6 T0  aggregates=332    
[86.2%] t=861.7 T0  aggregates=334    
[86.2%] t=861.8 T0  aggregates=315    
[86.2%] t=861.9 T0  aggregates=324    
[86.2%] t=862.0 T0  aggregates=349    
[86.2%] t=862.1 T0  aggregates=322    
[86.2%] t=862.2 T0  aggregates=325    
[86.2%] t=862.3 T0  aggregates=342    
[86.2%] t=862.4 T0  aggregates=333    
[86.2%] t=862.5 T0  aggregates=340    
[86.3%] t=862.6 T0  aggregates=312    
[86.3%] t=862.7 T0  aggregates=337    
[86.3%] t=862.8 T0  aggregates=343    
[86.3%] t=862.9 T0  aggregates=348    
[86.3%] t=863.0 T0  aggregates=314    
[86.3%] t=863.1 T0  aggregates=322    
[86.3%] t=863.2 T0  aggregates=333    
[86.3%] t=863.3 T0  aggregates=323    
[86.3%] t=863.4 T0  aggregates=323    
[86.3%] t=863.5 T0  aggregates=325    
[86.4%] t=863.6 T0  aggregates=346    
[86.4%] t=863.7 T0  aggregates=333    
[86.4%] t=863.8 T0  aggregates=338    
[86.4%] t=863.9 T0  aggregates=323    
[86.4%] t=864.0 T0  aggregates=318    
[86.4%] t=864.1 T0  aggregates=310    
[86.4%] t=864.2 T0  aggregates=325    
[86.4%] t=864.3 T0  aggregates=346    
[86.4%] t=864.4 T0  aggregates=361    
[86.4%] t=864.5 T0  aggregates=335    
[86.5%] t=864.6 T0  aggregates=327    
[86.5%] t=864.7 T0  aggregates=318    
[86.5%] t=864.8 T0  aggregates=319    
[86.5%] t=864.9 T0  aggregates=340    
[86.5%] t=865.0 T0  aggregates=304    
[86.5%] t=865.1 T0  aggregates=361    
[86.5%] t=865.2 T0  aggregates=369    
[86.5%] t=865.3 T0  aggregates=407    
[86.5%] t=865.4 T0  aggregates=362    
[86.6%] t=865.5 T0  aggregates=317    
[86.6%] t=865.6 T0  aggregates=352    
[86.6%] t=865.7 T0  aggregates=328    
[86.6%] t=865.8 T0  aggregates=339    
[86.6%] t=865.9 T0  aggregates=311    
[86.6%] t=866.0 T0  aggregates=325    
[86.6%] t=866.1 T0  aggregates=304    
[86.6%] t=866.2 T0  aggregates=338    
[86.6%] t=866.3 T0  aggregates=332    
[86.6%] t=866.4 T0  aggregates=332    
[86.7%] t=866.5 T0  aggregates=311    
[86.7%] t=866.6 T0  aggregates=309    
[86.7%] t=866.7 T0  aggregates=310    
[86.7%] t=866.8 T0  aggregates=337    
[86.7%] t=866.9 T0  aggregates=322    
[86.7%] t=867.0 T0  aggregates=311    
[86.7%] t=867.1 T0  aggregates=341    
[86.7%] t=867.2 T0  aggregates=308    
[86.7%] t=867.3 T0  aggregates=332    
[86.7%] t=867.4 T0  aggregates=321    
[86.8%] t=867.5 T0  aggregates=335    
[86.8%] t=867.6 T0  aggregates=322    
[86.8%] t=867.7 T0  aggregates=311    
[86.8%] t=867.8 T0  aggregates=324    
[86.8%] t=867.9 T0  aggregates=311    
[86.8%] t=868.0 T0  aggregates=356    
[86.8%] t=868.1 T0  aggregates=303    
[86.8%] t=868.2 T0  aggregates=321    
[86.8%] t=868.3 T0  aggregates=313    
[86.8%] t=868.4 T0  aggregates=305    
[86.8%] t=868.5 T0  aggregates=291    
[86.9%] t=868.6 T0  aggregates=327    
[86.9%] t=868.7 T0  aggregates=314    
[86.9%] t=868.8 T0  aggregates=322    
[86.9%] t=868.9 T0  aggregates=316    
[86.9%] t=869.0 T0  aggregates=314    
[86.9%] t=869.1 T0  aggregates=314    
[86.9%] t=869.2 T0  aggregates=305    
[86.9%] t=869.3 T0  aggregates=313    
[86.9%] t=869.4 T0  aggregates=297    
[86.9%] t=869.5 T0  aggregates=317    
[87.0%] t=869.6 T0  aggregates=317    
[87.0%] t=869.7 T0  aggregates=329    
[87.0%] t=869.8 T0  aggregates=330    
[87.0%] t=869.9 T0  aggregates=288    
[87.0%] t=870.0 T0  aggregates=335    
[87.0%] t=870.1 T0  aggregates=300    
[87.0%] t=870.2 T0  aggregates=322    
[87.0%] t=870.3 T0  aggregates=284    
[87.0%] t=870.4 T0  aggregates=313    
[87.1%] t=870.5 T0  aggregates=300    
[87.1%] t=870.6 T0  aggregates=294    
[87.1%] t=870.7 T0  aggregates=303    
[87.1%] t=870.8 T0  aggregates=376    
[87.1%] t=870.9 T0  aggregates=325    
[87.1%] t=871.0 T0  aggregates=326    
[87.1%] t=871.1 T0  aggregates=337    
[87.1%] t=871.2 T0  aggregates=304    
[87.1%] t=871.3 T0  aggregates=307    
[87.1%] t=871.4 T0  aggregates=332    
[87.2%] t=871.5 T0  aggregates=326    
[87.2%] t=871.6 T0  aggregates=294    
[87.2%] t=871.7 T0  aggregates=315    
[87.2%] t=871.8 T0  aggregates=320    
[87.2%] t=871.9 T0  aggregates=312    
[87.2%] t=872.0 T0  aggregates=305    
[87.2%] t=872.1 T0  aggregates=340    
[87.2%] t=872.2 T0  aggregates=318    
[87.2%] t=872.3 T0  aggregates=320    
[87.2%] t=872.4 T0  aggregates=338    
[87.2%] t=872.5 T0  aggregates=333    
[87.3%] t=872.6 T0  aggregates=360    
[87.3%] t=872.7 T0  aggregates=345    
[87.3%] t=872.8 T0  aggregates=355    
[87.3%] t=872.9 T0  aggregates=346    
[87.3%] t=873.0 T0  aggregates=320    
[87.3%] t=873.1 T0  aggregates=341    
[87.3%] t=873.2 T0  aggregates=326    
[87.3%] t=873.3 T0  aggregates=335    
[87.3%] t=873.4 T0  aggregates=339    
[87.3%] t=873.5 T0  aggregates=369    
[87.4%] t=873.6 T0  aggregates=326    
[87.4%] t=873.7 T0  aggregates=358    
[87.4%] t=873.8 T0  aggregates=343    
[87.4%] t=873.9 T0  aggregates=352    
[87.4%] t=874.0 T0  aggregates=347    
[87.4%] t=874.1 T0  aggregates=319    
[87.4%] t=874.2 T0  aggregates=337    
[87.4%] t=874.3 T0  aggregates=356    
[87.4%] t=874.4 T0  aggregates=368    
[87.4%] t=874.5 T0  aggregates=340    
[87.5%] t=874.6 T0  aggregates=345    
[87.5%] t=874.7 T0  aggregates=354    
[87.5%] t=874.8 T0  aggregates=346    
[87.5%] t=874.9 T0  aggregates=330    
[87.5%] t=875.0 T0  aggregates=344    
[87.5%] t=875.1 T0  aggregates=332    
[87.5%] t=875.2 T0  aggregates=342    
[87.5%] t=875.3 T0  aggregates=339    
[87.5%] t=875.4 T0  aggregates=327    
[87.6%] t=875.5 T0  aggregates=347    
[87.6%] t=875.6 T0  aggregates=314    
[87.6%] t=875.7 T0  aggregates=340    
[87.6%] t=875.8 T0  aggregates=333    
[87.6%] t=875.9 T0  aggregates=349    
[87.6%] t=876.0 T0  aggregates=338    
[87.6%] t=876.1 T0  aggregates=361    
[87.6%] t=876.2 T0  aggregates=353    
[87.6%] t=876.3 T0  aggregates=342    
[87.6%] t=876.4 T0  aggregates=327    
[87.7%] t=876.5 T0  aggregates=337    
[87.7%] t=876.6 T0  aggregates=327    
[87.7%] t=876.7 T0  aggregates=360    
[87.7%] t=876.8 T0  aggregates=337    
[87.7%] t=876.9 T0  aggregates=333    
[87.7%] t=877.0 T0  aggregates=340    
[87.7%] t=877.1 T0  aggregates=310    
[87.7%] t=877.2 T0  aggregates=341    
[87.7%] t=877.3 T0  aggregates=347    
[87.7%] t=877.4 T0  aggregates=358    
[87.8%] t=877.5 T0  aggregates=345    
[87.8%] t=877.6 T0  aggregates=326    
[87.8%] t=877.7 T0  aggregates=327    
[87.8%] t=877.8 T0  aggregates=343    
[87.8%] t=877.9 T0  aggregates=343    
[87.8%] t=878.0 T0  aggregates=381    
[87.8%] t=878.1 T0  aggregates=345    
[87.8%] t=878.2 T0  aggregates=360    
[87.8%] t=878.3 T0  aggregates=340    
[87.8%] t=878.4 T0  aggregates=344    
[87.8%] t=878.5 T0  aggregates=327    
[87.9%] t=878.6 T0  aggregates=331    
[87.9%] t=878.7 T0  aggregates=338    
[87.9%] t=878.8 T0  aggregates=318    
[87.9%] t=878.9 T0  aggregates=361    
[87.9%] t=879.0 T0  aggregates=345    
[87.9%] t=879.1 T0  aggregates=374    
[87.9%] t=879.2 T0  aggregates=343    
[87.9%] t=879.3 T0  aggregates=342    
[87.9%] t=879.4 T0  aggregates=333    
[87.9%] t=879.5 T0  aggregates=332    
[88.0%] t=879.6 T0  aggregates=352    
[88.0%] t=879.7 T0  aggregates=328    
[88.0%] t=879.8 T0  aggregates=350    
[88.0%] t=879.9 T0  aggregates=340    
[88.0%] t=880.0 T0  aggregates=336    
[88.0%] t=880.1 T0  aggregates=329    
[88.0%] t=880.2 T0  aggregates=340    
[88.0%] t=880.3 T0  aggregates=328    
[88.0%] t=880.4 T0  aggregates=350    
[88.1%] t=880.5 T0  aggregates=336    
[88.1%] t=880.6 T0  aggregates=336    
[88.1%] t=880.7 T0  aggregates=315    
[88.1%] t=880.8 T0  aggregates=343    
[88.1%] t=880.9 T0  aggregates=328    
[88.1%] t=881.0 T0  aggregates=345    
[88.1%] t=881.1 T0  aggregates=383    
[88.1%] t=881.2 T0  aggregates=329    
[88.1%] t=881.3 T0  aggregates=338    
[88.1%] t=881.4 T0  aggregates=320    
[88.2%] t=881.5 T0  aggregates=326    
[88.2%] t=881.6 T0  aggregates=331    
[88.2%] t=881.7 T0  aggregates=353    
[88.2%] t=881.8 T0  aggregates=341    
[88.2%] t=881.9 T0  aggregates=339    
[88.2%] t=882.0 T0  aggregates=346    
[88.2%] t=882.1 T0  aggregates=332    
[88.2%] t=882.2 T0  aggregates=318    
[88.2%] t=882.3 T0  aggregates=346    
[88.2%] t=882.4 T0  aggregates=324    
[88.2%] t=882.5 T0  aggregates=332    
[88.3%] t=882.6 T0  aggregates=318    
[88.3%] t=882.7 T0  aggregates=359    
[88.3%] t=882.8 T0  aggregates=336    
[88.3%] t=882.9 T0  aggregates=329    
[88.3%] t=883.0 T0  aggregates=327    
[88.3%] t=883.1 T0  aggregates=318    
[88.3%] t=883.2 T0  aggregates=327    
[88.3%] t=883.3 T0  aggregates=353    
[88.3%] t=883.4 T0  aggregates=375    
[88.3%] t=883.5 T0  aggregates=338    
[88.4%] t=883.6 T0  aggregates=344    
[88.4%] t=883.7 T0  aggregates=324    
[88.4%] t=883.8 T0  aggregates=338    
[88.4%] t=883.9 T0  aggregates=312    
[88.4%] t=884.0 T0  aggregates=344    
[88.4%] t=884.1 T0  aggregates=373    
[88.4%] t=884.2 T0  aggregates=335    
[88.4%] t=884.3 T0  aggregates=358    
[88.4%] t=884.4 T0  aggregates=355    
[88.4%] t=884.5 T0  aggregates=351    
[88.5%] t=884.6 T0  aggregates=329    
[88.5%] t=884.7 T0  aggregates=332    
[88.5%] t=884.8 T0  aggregates=307    
[88.5%] t=884.9 T0  aggregates=327    
[88.5%] t=885.0 T0  aggregates=323    
[88.5%] t=885.1 T0  aggregates=333    
[88.5%] t=885.2 T0  aggregates=323    
[88.5%] t=885.3 T0  aggregates=323    
[88.5%] t=885.4 T0  aggregates=330    
[88.6%] t=885.5 T0  aggregates=344    
[88.6%] t=885.6 T0  aggregates=356    
[88.6%] t=885.7 T0  aggregates=339    
[88.6%] t=885.8 T0  aggregates=320    
[88.6%] t=885.9 T0  aggregates=311    
[88.6%] t=886.0 T0  aggregates=337    
[88.6%] t=886.1 T0  aggregates=333    
[88.6%] t=886.2 T0  aggregates=365    
[88.6%] t=886.3 T0  aggregates=323    
[88.6%] t=886.4 T0  aggregates=350    
[88.7%] t=886.5 T0  aggregates=326    
[88.7%] t=886.6 T0  aggregates=351    
[88.7%] t=886.7 T0  aggregates=336    
[88.7%] t=886.8 T0  aggregates=324    
[88.7%] t=886.9 T0  aggregates=337    
[88.7%] t=887.0 T0  aggregates=323    
[88.7%] t=887.1 T0  aggregates=356    
[88.7%] t=887.2 T0  aggregates=348    
[88.7%] t=887.3 T0  aggregates=315    
[88.7%] t=887.4 T0  aggregates=326    
[88.8%] t=887.5 T0  aggregates=342    
[88.8%] t=887.6 T0  aggregates=341    
[88.8%] t=887.7 T0  aggregates=354    
[88.8%] t=887.8 T0  aggregates=334    
[88.8%] t=887.9 T0  aggregates=349    
[88.8%] t=888.0 T0  aggregates=340    
[88.8%] t=888.1 T0  aggregates=324    
[88.8%] t=888.2 T0  aggregates=340    
[88.8%] t=888.3 T0  aggregates=341    
[88.8%] t=888.4 T0  aggregates=353    
[88.8%] t=888.5 T0  aggregates=323    
[88.9%] t=888.6 T0  aggregates=356    
[88.9%] t=888.7 T0  aggregates=323    
[88.9%] t=888.8 T0  aggregates=314    
[88.9%] t=888.9 T0  aggregates=308    
[88.9%] t=889.0 T0  aggregates=360    
[88.9%] t=889.1 T0  aggregates=326    
[88.9%] t=889.2 T0  aggregates=352    
[88.9%] t=889.3 T0  aggregates=345    
[88.9%] t=889.4 T0  aggregates=329    
[88.9%] t=889.5 T0  aggregates=331    
[89.0%] t=889.6 T0  aggregates=329    
[89.0%] t=889.7 T0  aggregates=328    
[89.0%] t=889.8 T0  aggregates=332    
[89.0%] t=889.9 T0  aggregates=332    
[89.0%] t=890.0 T0  aggregates=349    
[89.0%] t=890.1 T0  aggregates=333    
[89.0%] t=890.2 T0  aggregates=332    
[89.0%] t=890.3 T0  aggregates=335    
[89.0%] t=890.4 T0  aggregates=321    
[89.1%] t=890.5 T0  aggregates=311    
[89.1%] t=890.6 T0  aggregates=314    
[89.1%] t=890.7 T0  aggregates=318    
[89.1%] t=890.8 T0  aggregates=310    
[89.1%] t=890.9 T0  aggregates=300    
[89.1%] t=891.0 T0  aggregates=306    
[89.1%] t=891.1 T0  aggregates=297    
[89.1%] t=891.2 T0  aggregates=333    
[89.1%] t=891.3 T0  aggregates=307    
[89.1%] t=891.4 T0  aggregates=321    
[89.2%] t=891.5 T0  aggregates=329    
[89.2%] t=891.6 T0  aggregates=307    
[89.2%] t=891.7 T0  aggregates=314    
[89.2%] t=891.8 T0  aggregates=320    
[89.2%] t=891.9 T0  aggregates=318    
[89.2%] t=892.0 T0  aggregates=295    
[89.2%] t=892.1 T0  aggregates=305    
[89.2%] t=892.2 T0  aggregates=296    
[89.2%] t=892.3 T0  aggregates=297    
[89.2%] t=892.4 T0  aggregates=303    
[89.2%] t=892.5 T0  aggregates=317    
[89.3%] t=892.6 T0  aggregates=292    
[89.3%] t=892.7 T0  aggregates=310    
[89.3%] t=892.8 T0  aggregates=285    
[89.3%] t=892.9 T0  aggregates=312    
[89.3%] t=893.0 T0  aggregates=296    
[89.3%] t=893.1 T0  aggregates=320    
[89.3%] t=893.2 T0  aggregates=322    
[89.3%] t=893.3 T0  aggregates=308    
[89.3%] t=893.4 T0  aggregates=283    
[89.3%] t=893.5 T0  aggregates=305    
[89.4%] t=893.6 T0  aggregates=326    
[89.4%] t=893.7 T0  aggregates=333    
[89.4%] t=893.8 T0  aggregates=293    
[89.4%] t=893.9 T0  aggregates=318    
[89.4%] t=894.0 T0  aggregates=299    
[89.4%] t=894.1 T0  aggregates=311    
[89.4%] t=894.2 T0  aggregates=316    
[89.4%] t=894.3 T0  aggregates=299    
[89.4%] t=894.4 T0  aggregates=324    
[89.4%] t=894.5 T0  aggregates=299    
[89.5%] t=894.6 T0  aggregates=293    
[89.5%] t=894.7 T0  aggregates=306    
[89.5%] t=894.8 T0  aggregates=290    
[89.5%] t=894.9 T0  aggregates=318    
[89.5%] t=895.0 T0  aggregates=317    
[89.5%] t=895.1 T0  aggregates=291    
[89.5%] t=895.2 T0  aggregates=319    
[89.5%] t=895.3 T0  aggregates=312    
[89.5%] t=895.4 T0  aggregates=302    
[89.6%] t=895.5 T0  aggregates=285    
[89.6%] t=895.6 T0  aggregates=278    
[89.6%] t=895.7 T0  aggregates=279    
[89.6%] t=895.8 T0  aggregates=282    
[89.6%] t=895.9 T0  aggregates=290    
[89.6%] t=896.0 T0  aggregates=311    
[89.6%] t=896.1 T0  aggregates=321    
[89.6%] t=896.2 T0  aggregates=289    
[89.6%] t=896.3 T0  aggregates=277    
[89.6%] t=896.4 T0  aggregates=295    
[89.7%] t=896.5 T0  aggregates=299    
[89.7%] t=896.6 T0  aggregates=267    
[89.7%] t=896.7 T0  aggregates=297    
[89.7%] t=896.8 T0  aggregates=308    
[89.7%] t=896.9 T0  aggregates=300    
[89.7%] t=897.0 T0  aggregates=273    
[89.7%] t=897.1 T0  aggregates=289    
[89.7%] t=897.2 T0  aggregates=293    
[89.7%] t=897.3 T0  aggregates=273    
[89.7%] t=897.4 T0  aggregates=269    
[89.8%] t=897.5 T0  aggregates=291    
[89.8%] t=897.6 T0  aggregates=283    
[89.8%] t=897.7 T0  aggregates=276    
[89.8%] t=897.8 T0  aggregates=302    
[89.8%] t=897.9 T0  aggregates=275    
[89.8%] t=898.0 T0  aggregates=265    
[89.8%] t=898.1 T0  aggregates=262    
[89.8%] t=898.2 T0  aggregates=288    
[89.8%] t=898.3 T0  aggregates=251    
[89.8%] t=898.4 T0  aggregates=297    
[89.8%] t=898.5 T0  aggregates=290    
[89.9%] t=898.6 T0  aggregates=356    
[89.9%] t=898.7 T0  aggregates=300    
[89.9%] t=898.8 T0  aggregates=284    
[89.9%] t=898.9 T0  aggregates=306    
[89.9%] t=899.0 T0  aggregates=285    
[89.9%] t=899.1 T0  aggregates=310    
[89.9%] t=899.2 T0  aggregates=299    
[89.9%] t=899.3 T0  aggregates=304    
[89.9%] t=899.4 T0  aggregates=303    
[89.9%] t=899.5 T0  aggregates=306    
[90.0%] t=899.6 T0  aggregates=292    
[90.0%] t=899.7 T0  aggregates=280    
[90.0%] t=899.8 T0  aggregates=308    
[90.0%] t=899.9 T0  aggregates=309    
[90.0%] t=900.0 T0  aggregates=298    
[90.0%] t=900.1 T0  aggregates=303    
[90.0%] t=900.2 T0  aggregates=292    
[90.0%] t=900.3 T0  aggregates=302    
[90.0%] t=900.4 T0  aggregates=303    
[90.1%] t=900.5 T0  aggregates=299    
[90.1%] t=900.6 T0  aggregates=294    
[90.1%] t=900.7 T0  aggregates=309    
[90.1%] t=900.8 T0  aggregates=283    
[90.1%] t=900.9 T0  aggregates=295    
[90.1%] t=901.0 T0  aggregates=279    
[90.1%] t=901.1 T0  aggregates=299    
[90.1%] t=901.2 T0  aggregates=287    
[90.1%] t=901.3 T0  aggregates=305    
[90.1%] t=901.4 T0  aggregates=296    
[90.2%] t=901.5 T0  aggregates=324    
[90.2%] t=901.6 T0  aggregates=315    
[90.2%] t=901.7 T0  aggregates=284    
[90.2%] t=901.8 T0  aggregates=297    
[90.2%] t=901.9 T0  aggregates=287    
[90.2%] t=902.0 T0  aggregates=303    
[90.2%] t=902.1 T0  aggregates=325    
[90.2%] t=902.2 T0  aggregates=347    
[90.2%] t=902.3 T0  aggregates=304    
[90.2%] t=902.4 T0  aggregates=317    
[90.2%] t=902.5 T0  aggregates=310    
[90.3%] t=902.6 T0  aggregates=326    
[90.3%] t=902.7 T0  aggregates=304    
[90.3%] t=902.8 T0  aggregates=286    
[90.3%] t=902.9 T0  aggregates=290    
[90.3%] t=903.0 T0  aggregates=313    
[90.3%] t=903.1 T0  aggregates=336    
[90.3%] t=903.2 T0  aggregates=304    
[90.3%] t=903.3 T0  aggregates=360    
[90.3%] t=903.4 T0  aggregates=310    
[90.3%] t=903.5 T0  aggregates=307    
[90.4%] t=903.6 T0  aggregates=291    
[90.4%] t=903.7 T0  aggregates=285    
[90.4%] t=903.8 T0  aggregates=315    
[90.4%] t=903.9 T0  aggregates=310    
[90.4%] t=904.0 T0  aggregates=289    
[90.4%] t=904.1 T0  aggregates=290    
[90.4%] t=904.2 T0  aggregates=290    
[90.4%] t=904.3 T0  aggregates=288    
[90.4%] t=904.4 T0  aggregates=281    
[90.4%] t=904.5 T0  aggregates=311    
[90.5%] t=904.6 T0  aggregates=315    
[90.5%] t=904.7 T0  aggregates=302    
[90.5%] t=904.8 T0  aggregates=291    
[90.5%] t=904.9 T0  aggregates=301    
[90.5%] t=905.0 T0  aggregates=290    
[90.5%] t=905.1 T0  aggregates=291    
[90.5%] t=905.2 T0  aggregates=276    
[90.5%] t=905.3 T0  aggregates=304    
[90.5%] t=905.4 T0  aggregates=296    
[90.6%] t=905.5 T0  aggregates=306    
[90.6%] t=905.6 T0  aggregates=280    
[90.6%] t=905.7 T0  aggregates=280    
[90.6%] t=905.8 T0  aggregates=299    
[90.6%] t=905.9 T0  aggregates=296    
[90.6%] t=906.0 T0  aggregates=276    
[90.6%] t=906.1 T0  aggregates=272    
[90.6%] t=906.2 T0  aggregates=289    
[90.6%] t=906.3 T0  aggregates=271    
[90.6%] t=906.4 T0  aggregates=308    
[90.7%] t=906.5 T0  aggregates=286    
[90.7%] t=906.6 T0  aggregates=292    
[90.7%] t=906.7 T0  aggregates=277    
[90.7%] t=906.8 T0  aggregates=296    
[90.7%] t=906.9 T0  aggregates=259    
[90.7%] t=907.0 T0  aggregates=308    
[90.7%] t=907.1 T0  aggregates=303    
[90.7%] t=907.2 T0  aggregates=296    
[90.7%] t=907.3 T0  aggregates=297    
[90.7%] t=907.4 T0  aggregates=292    
[90.8%] t=907.5 T0  aggregates=319    
[90.8%] t=907.6 T0  aggregates=292    
[90.8%] t=907.7 T0  aggregates=323    
[90.8%] t=907.8 T0  aggregates=271    
[90.8%] t=907.9 T0  aggregates=307    
[90.8%] t=908.0 T0  aggregates=285    
[90.8%] t=908.1 T0  aggregates=276    
[90.8%] t=908.2 T0  aggregates=262    
[90.8%] t=908.3 T0  aggregates=304    
[90.8%] t=908.4 T0  aggregates=281    
[90.8%] t=908.5 T0  aggregates=281    
[90.9%] t=908.6 T0  aggregates=291    
[90.9%] t=908.7 T0  aggregates=294    
[90.9%] t=908.8 T0  aggregates=282    
[90.9%] t=908.9 T0  aggregates=267    
[90.9%] t=909.0 T0  aggregates=288    
[90.9%] t=909.1 T0  aggregates=276    
[90.9%] t=909.2 T0  aggregates=304    
[90.9%] t=909.3 T0  aggregates=288    
[90.9%] t=909.4 T0  aggregates=350    
[90.9%] t=909.5 T0  aggregates=303    
[91.0%] t=909.6 T0  aggregates=318    
[91.0%] t=909.7 T0  aggregates=298    
[91.0%] t=909.8 T0  aggregates=306    
[91.0%] t=909.9 T0  aggregates=299    
[91.0%] t=910.0 T0  aggregates=293    
[91.0%] t=910.1 T0  aggregates=320    
[91.0%] t=910.2 T0  aggregates=298    
[91.0%] t=910.3 T0  aggregates=318    
[91.0%] t=910.4 T0  aggregates=296    
[91.1%] t=910.5 T0  aggregates=326    
[91.1%] t=910.6 T0  aggregates=278    
[91.1%] t=910.7 T0  aggregates=311    
[91.1%] t=910.8 T0  aggregates=295    
[91.1%] t=910.9 T0  aggregates=318    
[91.1%] t=911.0 T0  aggregates=294    
[91.1%] t=911.1 T0  aggregates=324    
[91.1%] t=911.2 T0  aggregates=308    
[91.1%] t=911.3 T0  aggregates=310    
[91.1%] t=911.4 T0  aggregates=305    
[91.2%] t=911.5 T0  aggregates=288    
[91.2%] t=911.6 T0  aggregates=308    
[91.2%] t=911.7 T0  aggregates=308    
[91.2%] t=911.8 T0  aggregates=293    
[91.2%] t=911.9 T0  aggregates=298    
[91.2%] t=912.0 T0  aggregates=329    
[91.2%] t=912.1 T0  aggregates=306    
[91.2%] t=912.2 T0  aggregates=307    
[91.2%] t=912.3 T0  aggregates=287    
[91.2%] t=912.4 T0  aggregates=314    
[91.2%] t=912.5 T0  aggregates=306    
[91.3%] t=912.6 T0  aggregates=353    
[91.3%] t=912.7 T0  aggregates=301    
[91.3%] t=912.8 T0  aggregates=325    
[91.3%] t=912.9 T0  aggregates=315    
[91.3%] t=913.0 T0  aggregates=297    
[91.3%] t=913.1 T0  aggregates=294    
[91.3%] t=913.2 T0  aggregates=302    
[91.3%] t=913.3 T0  aggregates=304    
[91.3%] t=913.4 T0  aggregates=305    
[91.3%] t=913.5 T0  aggregates=334    
[91.4%] t=913.6 T0  aggregates=304    
[91.4%] t=913.7 T0  aggregates=306    
[91.4%] t=913.8 T0  aggregates=286    
[91.4%] t=913.9 T0  aggregates=285    
[91.4%] t=914.0 T0  aggregates=299    
[91.4%] t=914.1 T0  aggregates=340    
[91.4%] t=914.2 T0  aggregates=363    
[91.4%] t=914.3 T0  aggregates=314    
[91.4%] t=914.4 T0  aggregates=356    
[91.4%] t=914.5 T0  aggregates=311    
[91.5%] t=914.6 T0  aggregates=332    
[91.5%] t=914.7 T0  aggregates=305    
[91.5%] t=914.8 T0  aggregates=305    
[91.5%] t=914.9 T0  aggregates=290    
[91.5%] t=915.0 T0  aggregates=320    
[91.5%] t=915.1 T0  aggregates=282    
[91.5%] t=915.2 T0  aggregates=334    
[91.5%] t=915.3 T0  aggregates=295    
[91.5%] t=915.4 T0  aggregates=295    
[91.6%] t=915.5 T0  aggregates=292    
[91.6%] t=915.6 T0  aggregates=308    
[91.6%] t=915.7 T0  aggregates=313    
[91.6%] t=915.8 T0  aggregates=300    
[91.6%] t=915.9 T0  aggregates=315    
[91.6%] t=916.0 T0  aggregates=284    
[91.6%] t=916.1 T0  aggregates=290    
[91.6%] t=916.2 T0  aggregates=289    
[91.6%] t=916.3 T0  aggregates=311    
[91.6%] t=916.4 T0  aggregates=309    
[91.7%] t=916.5 T0  aggregates=337    
[91.7%] t=916.6 T0  aggregates=324    
[91.7%] t=916.7 T0  aggregates=299    
[91.7%] t=916.8 T0  aggregates=305    
[91.7%] t=916.9 T0  aggregates=302    
[91.7%] t=917.0 T0  aggregates=306    
[91.7%] t=917.1 T0  aggregates=335    
[91.7%] t=917.2 T0  aggregates=338    
[91.7%] t=917.3 T0  aggregates=304    
[91.7%] t=917.4 T0  aggregates=291    
[91.8%] t=917.5 T0  aggregates=320    
[91.8%] t=917.6 T0  aggregates=310    
[91.8%] t=917.7 T0  aggregates=284    
[91.8%] t=917.8 T0  aggregates=336    
[91.8%] t=917.9 T0  aggregates=306    
[91.8%] t=918.0 T0  aggregates=299    
[91.8%] t=918.1 T0  aggregates=312    
[91.8%] t=918.2 T0  aggregates=335    
[91.8%] t=918.3 T0  aggregates=332    
[91.8%] t=918.4 T0  aggregates=313    
[91.8%] t=918.5 T0  aggregates=311    
[91.9%] t=918.6 T0  aggregates=291    
[91.9%] t=918.7 T0  aggregates=309    
[91.9%] t=918.8 T0  aggregates=299    
[91.9%] t=918.9 T0  aggregates=315    
[91.9%] t=919.0 T0  aggregates=310    
[91.9%] t=919.1 T0  aggregates=331    
[91.9%] t=919.2 T0  aggregates=300    
[91.9%] t=919.3 T0  aggregates=320    
[91.9%] t=919.4 T0  aggregates=321    
[91.9%] t=919.5 T0  aggregates=318    
[92.0%] t=919.6 T0  aggregates=302    
[92.0%] t=919.7 T0  aggregates=323    
[92.0%] t=919.8 T0  aggregates=321    
[92.0%] t=919.9 T0  aggregates=357    
[92.0%] t=920.0 T0  aggregates=357    
[92.0%] t=920.1 T0  aggregates=369    
[92.0%] t=920.2 T0  aggregates=377    
[92.0%] t=920.3 T0  aggregates=332    
[92.0%] t=920.4 T0  aggregates=317    
[92.1%] t=920.5 T0  aggregates=317    
[92.1%] t=920.6 T0  aggregates=302    
[92.1%] t=920.7 T0  aggregates=276    
[92.1%] t=920.8 T0  aggregates=312    
[92.1%] t=920.9 T0  aggregates=289    
[92.1%] t=921.0 T0  aggregates=290    
[92.1%] t=921.1 T0  aggregates=288    
[92.1%] t=921.2 T0  aggregates=311    
[92.1%] t=921.3 T0  aggregates=286    
[92.1%] t=921.4 T0  aggregates=316    
[92.2%] t=921.5 T0  aggregates=278    
[92.2%] t=921.6 T0  aggregates=313    
[92.2%] t=921.7 T0  aggregates=283    
[92.2%] t=921.8 T0  aggregates=276    
[92.2%] t=921.9 T0  aggregates=260    
[92.2%] t=922.0 T0  aggregates=290    
[92.2%] t=922.1 T0  aggregates=256    
[92.2%] t=922.2 T0  aggregates=296    
[92.2%] t=922.3 T0  aggregates=265    
[92.2%] t=922.4 T0  aggregates=267    
[92.2%] t=922.5 T0  aggregates=264    
[92.3%] t=922.6 T0  aggregates=285    
[92.3%] t=922.7 T0  aggregates=283    
[92.3%] t=922.8 T0  aggregates=271    
[92.3%] t=922.9 T0  aggregates=283    
[92.3%] t=923.0 T0  aggregates=275    
[92.3%] t=923.1 T0  aggregates=285    
[92.3%] t=923.2 T0  aggregates=281    
[92.3%] t=923.3 T0  aggregates=292    
[92.3%] t=923.4 T0  aggregates=274    
[92.3%] t=923.5 T0  aggregates=267    
[92.4%] t=923.6 T0  aggregates=279    
[92.4%] t=923.7 T0  aggregates=303    
[92.4%] t=923.8 T0  aggregates=284    
[92.4%] t=923.9 T0  aggregates=264    
[92.4%] t=924.0 T0  aggregates=272    
[92.4%] t=924.1 T0  aggregates=265    
[92.4%] t=924.2 T0  aggregates=258    
[92.4%] t=924.3 T0  aggregates=271    
[92.4%] t=924.4 T0  aggregates=260    
[92.4%] t=924.5 T0  aggregates=271    
[92.5%] t=924.6 T0  aggregates=257    
[92.5%] t=924.7 T0  aggregates=277    
[92.5%] t=924.8 T0  aggregates=264    
[92.5%] t=924.9 T0  aggregates=270    
[92.5%] t=925.0 T0  aggregates=253    
[92.5%] t=925.1 T0  aggregates=254    
[92.5%] t=925.2 T0  aggregates=263    
[92.5%] t=925.3 T0  aggregates=336    
[92.5%] t=925.4 T0  aggregates=289    
[92.6%] t=925.5 T0  aggregates=268    
[92.6%] t=925.6 T0  aggregates=257    
[92.6%] t=925.7 T0  aggregates=258    
[92.6%] t=925.8 T0  aggregates=265    
[92.6%] t=925.9 T0  aggregates=248    
[92.6%] t=926.0 T0  aggregates=287    
[92.6%] t=926.1 T0  aggregates=240    
[92.6%] t=926.2 T0  aggregates=278    
[92.6%] t=926.3 T0  aggregates=250    
[92.6%] t=926.4 T0  aggregates=278    
[92.7%] t=926.5 T0  aggregates=257    
[92.7%] t=926.6 T0  aggregates=292    
[92.7%] t=926.7 T0  aggregates=254    
[92.7%] t=926.8 T0  aggregates=259    
[92.7%] t=926.9 T0  aggregates=258    
[92.7%] t=927.0 T0  aggregates=239    
[92.7%] t=927.1 T0  aggregates=228    
[92.7%] t=927.2 T0  aggregates=269    
[92.7%] t=927.3 T0  aggregates=251    
[92.7%] t=927.4 T0  aggregates=246    
[92.8%] t=927.5 T0  aggregates=260    
[92.8%] t=927.6 T0  aggregates=247    
[92.8%] t=927.7 T0  aggregates=238    
[92.8%] t=927.8 T0  aggregates=266    
[92.8%] t=927.9 T0  aggregates=266    
[92.8%] t=928.0 T0  aggregates=257    
[92.8%] t=928.1 T0  aggregates=286    
[92.8%] t=928.2 T0  aggregates=247    
[92.8%] t=928.3 T0  aggregates=250    
[92.8%] t=928.4 T0  aggregates=228    
[92.8%] t=928.5 T0  aggregates=308    
[92.9%] t=928.6 T0  aggregates=259    
[92.9%] t=928.7 T0  aggregates=241    
[92.9%] t=928.8 T0  aggregates=241    
[92.9%] t=928.9 T0  aggregates=249    
[92.9%] t=929.0 T0  aggregates=256    
[92.9%] t=929.1 T0  aggregates=265    
[92.9%] t=929.2 T0  aggregates=264    
[92.9%] t=929.3 T0  aggregates=246    
[92.9%] t=929.4 T0  aggregates=290    
[92.9%] t=929.5 T0  aggregates=269    
[93.0%] t=929.6 T0  aggregates=253    
[93.0%] t=929.7 T0  aggregates=250    
[93.0%] t=929.8 T0  aggregates=243    
[93.0%] t=929.9 T0  aggregates=256    
[93.0%] t=930.0 T0  aggregates=255    
[93.0%] t=930.1 T0  aggregates=248    
[93.0%] t=930.2 T0  aggregates=246    
[93.0%] t=930.3 T0  aggregates=256    
[93.0%] t=930.4 T0  aggregates=254    
[93.1%] t=930.5 T0  aggregates=286    
[93.1%] t=930.6 T0  aggregates=280    
[93.1%] t=930.7 T0  aggregates=278    
[93.1%] t=930.8 T0  aggregates=264    
[93.1%] t=930.9 T0  aggregates=255    
[93.1%] t=931.0 T0  aggregates=255    
[93.1%] t=931.1 T0  aggregates=251    
[93.1%] t=931.2 T0  aggregates=268    
[93.1%] t=931.3 T0  aggregates=252    
[93.1%] t=931.4 T0  aggregates=259    
[93.2%] t=931.5 T0  aggregates=270    
[93.2%] t=931.6 T0  aggregates=272    
[93.2%] t=931.7 T0  aggregates=256    
[93.2%] t=931.8 T0  aggregates=248    
[93.2%] t=931.9 T0  aggregates=243    
[93.2%] t=932.0 T0  aggregates=241    
[93.2%] t=932.1 T0  aggregates=227    
[93.2%] t=932.2 T0  aggregates=246    
[93.2%] t=932.3 T0  aggregates=228    
[93.2%] t=932.4 T0  aggregates=269    
[93.2%] t=932.5 T0  aggregates=273    
[93.3%] t=932.6 T0  aggregates=272    
[93.3%] t=932.7 T0  aggregates=271    
[93.3%] t=932.8 T0  aggregates=289    
[93.3%] t=932.9 T0  aggregates=264    
[93.3%] t=933.0 T0  aggregates=277    
[93.3%] t=933.1 T0  aggregates=272    
[93.3%] t=933.2 T0  aggregates=265    
[93.3%] t=933.3 T0  aggregates=287    
[93.3%] t=933.4 T0  aggregates=258    
[93.3%] t=933.5 T0  aggregates=287    
[93.4%] t=933.6 T0  aggregates=258    
[93.4%] t=933.7 T0  aggregates=273    
[93.4%] t=933.8 T0  aggregates=273    
[93.4%] t=933.9 T0  aggregates=276    
[93.4%] t=934.0 T0  aggregates=254    
[93.4%] t=934.1 T0  aggregates=256    
[93.4%] t=934.2 T0  aggregates=256    
[93.4%] t=934.3 T0  aggregates=279    
[93.4%] t=934.4 T0  aggregates=313    
[93.4%] t=934.5 T0  aggregates=274    
[93.5%] t=934.6 T0  aggregates=307    
[93.5%] t=934.7 T0  aggregates=265    
[93.5%] t=934.8 T0  aggregates=272    
[93.5%] t=934.9 T0  aggregates=259    
[93.5%] t=935.0 T0  aggregates=276    
[93.5%] t=935.1 T0  aggregates=254    
[93.5%] t=935.2 T0  aggregates=287    
[93.5%] t=935.3 T0  aggregates=277    
[93.5%] t=935.4 T0  aggregates=276    
[93.6%] t=935.5 T0  aggregates=260    
[93.6%] t=935.6 T0  aggregates=318    
[93.6%] t=935.7 T0  aggregates=266    
[93.6%] t=935.8 T0  aggregates=296    
[93.6%] t=935.9 T0  aggregates=277    
[93.6%] t=936.0 T0  aggregates=275    
[93.6%] t=936.1 T0  aggregates=271    
[93.6%] t=936.2 T0  aggregates=315    
[93.6%] t=936.3 T0  aggregates=327    
[93.6%] t=936.4 T0  aggregates=338    
[93.7%] t=936.5 T0  aggregates=322    
[93.7%] t=936.6 T0  aggregates=314    
[93.7%] t=936.7 T0  aggregates=272    
[93.7%] t=936.8 T0  aggregates=270    
[93.7%] t=936.9 T0  aggregates=290    
[93.7%] t=937.0 T0  aggregates=276    
[93.7%] t=937.1 T0  aggregates=306    
[93.7%] t=937.2 T0  aggregates=274    
[93.7%] t=937.3 T0  aggregates=290    
[93.7%] t=937.4 T0  aggregates=310    
[93.8%] t=937.5 T0  aggregates=344    
[93.8%] t=937.6 T0  aggregates=334    
[93.8%] t=937.7 T0  aggregates=301    
[93.8%] t=937.8 T0  aggregates=332    
[93.8%] t=937.9 T0  aggregates=322    
[93.8%] t=938.0 T0  aggregates=294    
[93.8%] t=938.1 T0  aggregates=306    
[93.8%] t=938.2 T0  aggregates=287    
[93.8%] t=938.3 T0  aggregates=271    
[93.8%] t=938.4 T0  aggregates=304    
[93.8%] t=938.5 T0  aggregates=296    
[93.9%] t=938.6 T0  aggregates=283    
[93.9%] t=938.7 T0  aggregates=304    
[93.9%] t=938.8 T0  aggregates=263    
[93.9%] t=938.9 T0  aggregates=279    
[93.9%] t=939.0 T0  aggregates=282    
[93.9%] t=939.1 T0  aggregates=291    
[93.9%] t=939.2 T0  aggregates=299    
[93.9%] t=939.3 T0  aggregates=325    
[93.9%] t=939.4 T0  aggregates=298    
[93.9%] t=939.5 T0  aggregates=331    
[94.0%] t=939.6 T0  aggregates=295    
[94.0%] t=939.7 T0  aggregates=303    
[94.0%] t=939.8 T0  aggregates=331    
[94.0%] t=939.9 T0  aggregates=309    
[94.0%] t=940.0 T0  aggregates=322    
[94.0%] t=940.1 T0  aggregates=304    
[94.0%] t=940.2 T0  aggregates=304    
[94.0%] t=940.3 T0  aggregates=282    
[94.0%] t=940.4 T0  aggregates=325    
[94.1%] t=940.5 T0  aggregates=291    
[94.1%] t=940.6 T0  aggregates=300    
[94.1%] t=940.7 T0  aggregates=286    
[94.1%] t=940.8 T0  aggregates=306    
[94.1%] t=940.9 T0  aggregates=293    
[94.1%] t=941.0 T0  aggregates=303    
[94.1%] t=941.1 T0  aggregates=287    
[94.1%] t=941.2 T0  aggregates=367    
[94.1%] t=941.3 T0  aggregates=350    
[94.1%] t=941.4 T0  aggregates=291    
[94.2%] t=941.5 T0  aggregates=296    
[94.2%] t=941.6 T0  aggregates=295    
[94.2%] t=941.7 T0  aggregates=309    
[94.2%] t=941.8 T0  aggregates=283    
[94.2%] t=941.9 T0  aggregates=331    
[94.2%] t=942.0 T0  aggregates=307    
[94.2%] t=942.1 T0  aggregates=303    
[94.2%] t=942.2 T0  aggregates=301    
[94.2%] t=942.3 T0  aggregates=325    
[94.2%] t=942.4 T0  aggregates=307    
[94.2%] t=942.5 T0  aggregates=324    
[94.3%] t=942.6 T0  aggregates=302    
[94.3%] t=942.7 T0  aggregates=294    
[94.3%] t=942.8 T0  aggregates=304    
[94.3%] t=942.9 T0  aggregates=332    
[94.3%] t=943.0 T0  aggregates=328    
[94.3%] t=943.1 T0  aggregates=333    
[94.3%] t=943.2 T0  aggregates=303    
[94.3%] t=943.3 T0  aggregates=304    
[94.3%] t=943.4 T0  aggregates=304    
[94.3%] t=943.5 T0  aggregates=366    
[94.4%] t=943.6 T0  aggregates=383    
[94.4%] t=943.7 T0  aggregates=329    
[94.4%] t=943.8 T0  aggregates=322    
[94.4%] t=943.9 T0  aggregates=311    
[94.4%] t=944.0 T0  aggregates=348    
[94.4%] t=944.1 T0  aggregates=366    
[94.4%] t=944.2 T0  aggregates=332    
[94.4%] t=944.3 T0  aggregates=338    
[94.4%] t=944.4 T0  aggregates=332    
[94.4%] t=944.5 T0  aggregates=315    
[94.5%] t=944.6 T0  aggregates=316    
[94.5%] t=944.7 T0  aggregates=320    
[94.5%] t=944.8 T0  aggregates=353    
[94.5%] t=944.9 T0  aggregates=319    
[94.5%] t=945.0 T0  aggregates=330    
[94.5%] t=945.1 T0  aggregates=326    
[94.5%] t=945.2 T0  aggregates=317    
[94.5%] t=945.3 T0  aggregates=322    
[94.5%] t=945.4 T0  aggregates=308    
[94.6%] t=945.5 T0  aggregates=332    
[94.6%] t=945.6 T0  aggregates=308    
[94.6%] t=945.7 T0  aggregates=351    
[94.6%] t=945.8 T0  aggregates=337    
[94.6%] t=945.9 T0  aggregates=360    
[94.6%] t=946.0 T0  aggregates=342    
[94.6%] t=946.1 T0  aggregates=325    
[94.6%] t=946.2 T0  aggregates=321    
[94.6%] t=946.3 T0  aggregates=331    
[94.6%] t=946.4 T0  aggregates=345    
[94.7%] t=946.5 T0  aggregates=317    
[94.7%] t=946.6 T0  aggregates=334    
[94.7%] t=946.7 T0  aggregates=309    
[94.7%] t=946.8 T0  aggregates=312    
[94.7%] t=946.9 T0  aggregates=305    
[94.7%] t=947.0 T0  aggregates=319    
[94.7%] t=947.1 T0  aggregates=311    
[94.7%] t=947.2 T0  aggregates=323    
[94.7%] t=947.3 T0  aggregates=323    
[94.7%] t=947.4 T0  aggregates=328    
[94.8%] t=947.5 T0  aggregates=328    
[94.8%] t=947.6 T0  aggregates=357    
[94.8%] t=947.7 T0  aggregates=347    
[94.8%] t=947.8 T0  aggregates=336    
[94.8%] t=947.9 T0  aggregates=333    
[94.8%] t=948.0 T0  aggregates=324    
[94.8%] t=948.1 T0  aggregates=347    
[94.8%] t=948.2 T0  aggregates=336    
[94.8%] t=948.3 T0  aggregates=345    
[94.8%] t=948.4 T0  aggregates=332    
[94.8%] t=948.5 T0  aggregates=326    
[94.9%] t=948.6 T0  aggregates=351    
[94.9%] t=948.7 T0  aggregates=364    
[94.9%] t=948.8 T0  aggregates=333    
[94.9%] t=948.9 T0  aggregates=361    
[94.9%] t=949.0 T0  aggregates=331    
[94.9%] t=949.1 T0  aggregates=344    
[94.9%] t=949.2 T0  aggregates=318    
[94.9%] t=949.3 T0  aggregates=334    
[94.9%] t=949.4 T0  aggregates=310    
[94.9%] t=949.5 T0  aggregates=328    
[95.0%] t=949.6 T0  aggregates=312    
[95.0%] t=949.7 T0  aggregates=316    
[95.0%] t=949.8 T0  aggregates=329    
[95.0%] t=949.9 T0  aggregates=333    
[95.0%] t=950.0 T0  aggregates=352    
[95.0%] t=950.1 T0  aggregates=344    
[95.0%] t=950.2 T0  aggregates=309    
[95.0%] t=950.3 T0  aggregates=319    
[95.0%] t=950.4 T0  aggregates=322    
[95.1%] t=950.5 T0  aggregates=322    
[95.1%] t=950.6 T0  aggregates=318    
[95.1%] t=950.7 T0  aggregates=342    
[95.1%] t=950.8 T0  aggregates=355    
[95.1%] t=950.9 T0  aggregates=356    
[95.1%] t=951.0 T0  aggregates=350    
[95.1%] t=951.1 T0  aggregates=320    
[95.1%] t=951.2 T0  aggregates=325    
[95.1%] t=951.3 T0  aggregates=337    
[95.1%] t=951.4 T0  aggregates=323    
[95.2%] t=951.5 T0  aggregates=349    
[95.2%] t=951.6 T0  aggregates=330    
[95.2%] t=951.7 T0  aggregates=343    
[95.2%] t=951.8 T0  aggregates=337    
[95.2%] t=951.9 T0  aggregates=341    
[95.2%] t=952.0 T0  aggregates=313    
[95.2%] t=952.1 T0  aggregates=366    
[95.2%] t=952.2 T0  aggregates=315    
[95.2%] t=952.3 T0  aggregates=323    
[95.2%] t=952.4 T0  aggregates=320    
[95.2%] t=952.5 T0  aggregates=341    
[95.3%] t=952.6 T0  aggregates=318    
[95.3%] t=952.7 T0  aggregates=309    
[95.3%] t=952.8 T0  aggregates=305    
[95.3%] t=952.9 T0  aggregates=306    
[95.3%] t=953.0 T0  aggregates=316    
[95.3%] t=953.1 T0  aggregates=321    
[95.3%] t=953.2 T0  aggregates=333    
[95.3%] t=953.3 T0  aggregates=313    
[95.3%] t=953.4 T0  aggregates=321    
[95.3%] t=953.5 T0  aggregates=312    
[95.4%] t=953.6 T0  aggregates=339    
[95.4%] t=953.7 T0  aggregates=311    
[95.4%] t=953.8 T0  aggregates=319    
[95.4%] t=953.9 T0  aggregates=323    
[95.4%] t=954.0 T0  aggregates=333    
[95.4%] t=954.1 T0  aggregates=312    
[95.4%] t=954.2 T0  aggregates=323    
[95.4%] t=954.3 T0  aggregates=319    
[95.4%] t=954.4 T0  aggregates=343    
[95.4%] t=954.5 T0  aggregates=357    
[95.5%] t=954.6 T0  aggregates=332    
[95.5%] t=954.7 T0  aggregates=314    
[95.5%] t=954.8 T0  aggregates=314    
[95.5%] t=954.9 T0  aggregates=324    
[95.5%] t=955.0 T0  aggregates=324    
[95.5%] t=955.1 T0  aggregates=321    
[95.5%] t=955.2 T0  aggregates=332    
[95.5%] t=955.3 T0  aggregates=339    
[95.5%] t=955.4 T0  aggregates=322    
[95.6%] t=955.5 T0  aggregates=318    
[95.6%] t=955.6 T0  aggregates=304    
[95.6%] t=955.7 T0  aggregates=339    
[95.6%] t=955.8 T0  aggregates=332    
[95.6%] t=955.9 T0  aggregates=339    
[95.6%] t=956.0 T0  aggregates=337    
[95.6%] t=956.1 T0  aggregates=311    
[95.6%] t=956.2 T0  aggregates=329    
[95.6%] t=956.3 T0  aggregates=314    
[95.6%] t=956.4 T0  aggregates=314    
[95.7%] t=956.5 T0  aggregates=338    
[95.7%] t=956.6 T0  aggregates=338    
[95.7%] t=956.7 T0  aggregates=334    
[95.7%] t=956.8 T0  aggregates=331    
[95.7%] t=956.9 T0  aggregates=332    
[95.7%] t=957.0 T0  aggregates=341    
[95.7%] t=957.1 T0  aggregates=347    
[95.7%] t=957.2 T0  aggregates=334    
[95.7%] t=957.3 T0  aggregates=341    
[95.7%] t=957.4 T0  aggregates=315    
[95.8%] t=957.5 T0  aggregates=319    
[95.8%] t=957.6 T0  aggregates=325    
[95.8%] t=957.7 T0  aggregates=347    
[95.8%] t=957.8 T0  aggregates=359    
[95.8%] t=957.9 T0  aggregates=332    
[95.8%] t=958.0 T0  aggregates=336    
[95.8%] t=958.1 T0  aggregates=325    
[95.8%] t=958.2 T0  aggregates=413    
[95.8%] t=958.3 T0  aggregates=368    
[95.8%] t=958.4 T0  aggregates=340    
[95.8%] t=958.5 T0  aggregates=346    
[95.9%] t=958.6 T0  aggregates=338    
[95.9%] t=958.7 T0  aggregates=377    
[95.9%] t=958.8 T0  aggregates=375    
[95.9%] t=958.9 T0  aggregates=334    
[95.9%] t=959.0 T0  aggregates=350    
[95.9%] t=959.1 T0  aggregates=360    
[95.9%] t=959.2 T0  aggregates=341    
[95.9%] t=959.3 T0  aggregates=393    
[95.9%] t=959.4 T0  aggregates=348    
[95.9%] t=959.5 T0  aggregates=355    
[96.0%] t=959.6 T0  aggregates=342    
[96.0%] t=959.7 T0  aggregates=329    
[96.0%] t=959.8 T0  aggregates=330    
[96.0%] t=959.9 T0  aggregates=385    
[96.0%] t=960.0 T0  aggregates=385    
[96.0%] t=960.1 T0  aggregates=342    
[96.0%] t=960.2 T0  aggregates=368    
[96.0%] t=960.3 T0  aggregates=317    
[96.0%] t=960.4 T0  aggregates=371    
[96.1%] t=960.5 T0  aggregates=357    
[96.1%] t=960.6 T0  aggregates=349    
[96.1%] t=960.7 T0  aggregates=327    
[96.1%] t=960.8 T0  aggregates=337    
[96.1%] t=960.9 T0  aggregates=311    
[96.1%] t=961.0 T0  aggregates=371    
[96.1%] t=961.1 T0  aggregates=360    
[96.1%] t=961.2 T0  aggregates=313    
[96.1%] t=961.3 T0  aggregates=324    
[96.1%] t=961.4 T0  aggregates=339    
[96.2%] t=961.5 T0  aggregates=319    
[96.2%] t=961.6 T0  aggregates=328    
[96.2%] t=961.7 T0  aggregates=351    
[96.2%] t=961.8 T0  aggregates=324    
[96.2%] t=961.9 T0  aggregates=322    
[96.2%] t=962.0 T0  aggregates=320    
[96.2%] t=962.1 T0  aggregates=322    
[96.2%] t=962.2 T0  aggregates=326    
[96.2%] t=962.3 T0  aggregates=316    
[96.2%] t=962.4 T0  aggregates=324    
[96.2%] t=962.5 T0  aggregates=330    
[96.3%] t=962.6 T0  aggregates=329    
[96.3%] t=962.7 T0  aggregates=333    
[96.3%] t=962.8 T0  aggregates=345    
[96.3%] t=962.9 T0  aggregates=305    
[96.3%] t=963.0 T0  aggregates=344    
[96.3%] t=963.1 T0  aggregates=314    
[96.3%] t=963.2 T0  aggregates=345    
[96.3%] t=963.3 T0  aggregates=324    
[96.3%] t=963.4 T0  aggregates=309    
[96.3%] t=963.5 T0  aggregates=305    
[96.4%] t=963.6 T0  aggregates=331    
[96.4%] t=963.7 T0  aggregates=304    
[96.4%] t=963.8 T0  aggregates=353    
[96.4%] t=963.9 T0  aggregates=338    
[96.4%] t=964.0 T0  aggregates=333    
[96.4%] t=964.1 T0  aggregates=317    
[96.4%] t=964.2 T0  aggregates=328    
[96.4%] t=964.3 T0  aggregates=304    
[96.4%] t=964.4 T0  aggregates=336    
[96.4%] t=964.5 T0  aggregates=333    
[96.5%] t=964.6 T0  aggregates=353    
[96.5%] t=964.7 T0  aggregates=335    
[96.5%] t=964.8 T0  aggregates=335    
[96.5%] t=964.9 T0  aggregates=320    
[96.5%] t=965.0 T0  aggregates=356    
[96.5%] t=965.1 T0  aggregates=338    
[96.5%] t=965.2 T0  aggregates=323    
[96.5%] t=965.3 T0  aggregates=330    
[96.5%] t=965.4 T0  aggregates=331    
[96.6%] t=965.5 T0  aggregates=348    
[96.6%] t=965.6 T0  aggregates=323    
[96.6%] t=965.7 T0  aggregates=332    
[96.6%] t=965.8 T0  aggregates=331    
[96.6%] t=965.9 T0  aggregates=327    
[96.6%] t=966.0 T0  aggregates=370    
[96.6%] t=966.1 T0  aggregates=333    
[96.6%] t=966.2 T0  aggregates=333    
[96.6%] t=966.3 T0  aggregates=317    
[96.6%] t=966.4 T0  aggregates=358    
[96.7%] t=966.5 T0  aggregates=327    
[96.7%] t=966.6 T0  aggregates=352    
[96.7%] t=966.7 T0  aggregates=336    
[96.7%] t=966.8 T0  aggregates=321    
[96.7%] t=966.9 T0  aggregates=323    
[96.7%] t=967.0 T0  aggregates=350    
[96.7%] t=967.1 T0  aggregates=320    
[96.7%] t=967.2 T0  aggregates=338    
[96.7%] t=967.3 T0  aggregates=330    
[96.7%] t=967.4 T0  aggregates=341    
[96.8%] t=967.5 T0  aggregates=334    
[96.8%] t=967.6 T0  aggregates=324    
[96.8%] t=967.7 T0  aggregates=348    
[96.8%] t=967.8 T0  aggregates=356    
[96.8%] t=967.9 T0  aggregates=342    
[96.8%] t=968.0 T0  aggregates=337    
[96.8%] t=968.1 T0  aggregates=337    
[96.8%] t=968.2 T0  aggregates=315    
[96.8%] t=968.3 T0  aggregates=317    
[96.8%] t=968.4 T0  aggregates=329    
[96.8%] t=968.5 T0  aggregates=341    
[96.9%] t=968.6 T0  aggregates=325    
[96.9%] t=968.7 T0  aggregates=353    
[96.9%] t=968.8 T0  aggregates=318    
[96.9%] t=968.9 T0  aggregates=337    
[96.9%] t=969.0 T0  aggregates=336    
[96.9%] t=969.1 T0  aggregates=361    
[96.9%] t=969.2 T0  aggregates=339    
[96.9%] t=969.3 T0  aggregates=335    
[96.9%] t=969.4 T0  aggregates=318    
[96.9%] t=969.5 T0  aggregates=329    
[97.0%] t=969.6 T0  aggregates=350    
[97.0%] t=969.7 T0  aggregates=364    
[97.0%] t=969.8 T0  aggregates=370    
[97.0%] t=969.9 T0  aggregates=340    
[97.0%] t=970.0 T0  aggregates=341    
[97.0%] t=970.1 T0  aggregates=323    
[97.0%] t=970.2 T0  aggregates=380    
[97.0%] t=970.3 T0  aggregates=351    
[97.0%] t=970.4 T0  aggregates=356    
[97.1%] t=970.5 T0  aggregates=344    
[97.1%] t=970.6 T0  aggregates=342    
[97.1%] t=970.7 T0  aggregates=378    
[97.1%] t=970.8 T0  aggregates=405    
[97.1%] t=970.9 T0  aggregates=362    
[97.1%] t=971.0 T0  aggregates=328    
[97.1%] t=971.1 T0  aggregates=357    
[97.1%] t=971.2 T0  aggregates=351    
[97.1%] t=971.3 T0  aggregates=364    
[97.1%] t=971.4 T0  aggregates=345    
[97.2%] t=971.5 T0  aggregates=343    
[97.2%] t=971.6 T0  aggregates=340    
[97.2%] t=971.7 T0  aggregates=353    
[97.2%] t=971.8 T0  aggregates=341    
[97.2%] t=971.9 T0  aggregates=341    
[97.2%] t=972.0 T0  aggregates=372    
[97.2%] t=972.1 T0  aggregates=330    
[97.2%] t=972.2 T0  aggregates=344    
[97.2%] t=972.3 T0  aggregates=334    
[97.2%] t=972.4 T0  aggregates=370    
[97.2%] t=972.5 T0  aggregates=334    
[97.3%] t=972.6 T0  aggregates=350    
[97.3%] t=972.7 T0  aggregates=351    
[97.3%] t=972.8 T0  aggregates=329    
[97.3%] t=972.9 T0  aggregates=340    
[97.3%] t=973.0 T0  aggregates=342    
[97.3%] t=973.1 T0  aggregates=332    
[97.3%] t=973.2 T0  aggregates=384    
[97.3%] t=973.3 T0  aggregates=336    
[97.3%] t=973.4 T0  aggregates=340    
[97.3%] t=973.5 T0  aggregates=329    
[97.4%] t=973.6 T0  aggregates=341    
[97.4%] t=973.7 T0  aggregates=338    
[97.4%] t=973.8 T0  aggregates=352    
[97.4%] t=973.9 T0  aggregates=342    
[97.4%] t=974.0 T0  aggregates=351    
[97.4%] t=974.1 T0  aggregates=336    
[97.4%] t=974.2 T0  aggregates=332    
[97.4%] t=974.3 T0  aggregates=354    
[97.4%] t=974.4 T0  aggregates=323    
[97.4%] t=974.5 T0  aggregates=363    
[97.5%] t=974.6 T0  aggregates=334    
[97.5%] t=974.7 T0  aggregates=360    
[97.5%] t=974.8 T0  aggregates=389    
[97.5%] t=974.9 T0  aggregates=387    
[97.5%] t=975.0 T0  aggregates=354    
[97.5%] t=975.1 T0  aggregates=348    
[97.5%] t=975.2 T0  aggregates=330    
[97.5%] t=975.3 T0  aggregates=371    
[97.5%] t=975.4 T0  aggregates=343    
[97.6%] t=975.5 T0  aggregates=326    
[97.6%] t=975.6 T0  aggregates=366    
[97.6%] t=975.7 T0  aggregates=386    
[97.6%] t=975.8 T0  aggregates=398    
[97.6%] t=975.9 T0  aggregates=384    
[97.6%] t=976.0 T0  aggregates=377    
[97.6%] t=976.1 T0  aggregates=443    
[97.6%] t=976.2 T0  aggregates=380    
[97.6%] t=976.3 T0  aggregates=358    
[97.6%] t=976.4 T0  aggregates=383    
[97.7%] t=976.5 T0  aggregates=387    
[97.7%] t=976.6 T0  aggregates=392    
[97.7%] t=976.7 T0  aggregates=415    
[97.7%] t=976.8 T0  aggregates=362    
[97.7%] t=976.9 T0  aggregates=356    
[97.7%] t=977.0 T0  aggregates=379    
[97.7%] t=977.1 T0  aggregates=382    
[97.7%] t=977.2 T0  aggregates=336    
[97.7%] t=977.3 T0  aggregates=357    
[97.7%] t=977.4 T0  aggregates=339    
[97.8%] t=977.5 T0  aggregates=318    
[97.8%] t=977.6 T0  aggregates=327    
[97.8%] t=977.7 T0  aggregates=335    
[97.8%] t=977.8 T0  aggregates=318    
[97.8%] t=977.9 T0  aggregates=315    
[97.8%] t=978.0 T0  aggregates=369    
[97.8%] t=978.1 T0  aggregates=320    
[97.8%] t=978.2 T0  aggregates=341    
[97.8%] t=978.3 T0  aggregates=331    
[97.8%] t=978.4 T0  aggregates=299    
[97.8%] t=978.5 T0  aggregates=319    
[97.9%] t=978.6 T0  aggregates=320    
[97.9%] t=978.7 T0  aggregates=320    
[97.9%] t=978.8 T0  aggregates=349    
[97.9%] t=978.9 T0  aggregates=321    
[97.9%] t=979.0 T0  aggregates=335    
[97.9%] t=979.1 T0  aggregates=327    
[97.9%] t=979.2 T0  aggregates=344    
[97.9%] t=979.3 T0  aggregates=337    
[97.9%] t=979.4 T0  aggregates=354    
[97.9%] t=979.5 T0  aggregates=338    
[98.0%] t=979.6 T0  aggregates=349    
[98.0%] t=979.7 T0  aggregates=321    
[98.0%] t=979.8 T0  aggregates=322    
[98.0%] t=979.9 T0  aggregates=313    
[98.0%] t=980.0 T0  aggregates=354    
[98.0%] t=980.1 T0  aggregates=315    
[98.0%] t=980.2 T0  aggregates=298    
[98.0%] t=980.3 T0  aggregates=288    
[98.0%] t=980.4 T0  aggregates=295    
[98.1%] t=980.5 T0  aggregates=288    
[98.1%] t=980.6 T0  aggregates=305    
[98.1%] t=980.7 T0  aggregates=290    
[98.1%] t=980.8 T0  aggregates=301    
[98.1%] t=980.9 T0  aggregates=329    
[98.1%] t=981.0 T0  aggregates=309    
[98.1%] t=981.1 T0  aggregates=279    
[98.1%] t=981.2 T0  aggregates=272    
[98.1%] t=981.3 T0  aggregates=313    
[98.1%] t=981.4 T0  aggregates=291    
[98.2%] t=981.5 T0  aggregates=291    
[98.2%] t=981.6 T0  aggregates=300    
[98.2%] t=981.7 T0  aggregates=313    
[98.2%] t=981.8 T0  aggregates=296    
[98.2%] t=981.9 T0  aggregates=305    
[98.2%] t=982.0 T0  aggregates=292    
[98.2%] t=982.1 T0  aggregates=332    
[98.2%] t=982.2 T0  aggregates=311    
[98.2%] t=982.3 T0  aggregates=323    
[98.2%] t=982.4 T0  aggregates=295    
[98.2%] t=982.5 T0  aggregates=318    
[98.3%] t=982.6 T0  aggregates=300    
[98.3%] t=982.7 T0  aggregates=294    
[98.3%] t=982.8 T0  aggregates=302    
[98.3%] t=982.9 T0  aggregates=326    
[98.3%] t=983.0 T0  aggregates=315    
[98.3%] t=983.1 T0  aggregates=326    
[98.3%] t=983.2 T0  aggregates=323    
[98.3%] t=983.3 T0  aggregates=316    
[98.3%] t=983.4 T0  aggregates=307    
[98.3%] t=983.5 T0  aggregates=317    
[98.4%] t=983.6 T0  aggregates=296    
[98.4%] t=983.7 T0  aggregates=329    
[98.4%] t=983.8 T0  aggregates=330    
[98.4%] t=983.9 T0  aggregates=328    
[98.4%] t=984.0 T0  aggregates=308    
[98.4%] t=984.1 T0  aggregates=309    
[98.4%] t=984.2 T0  aggregates=325    
[98.4%] t=984.3 T0  aggregates=320    
[98.4%] t=984.4 T0  aggregates=289    
[98.4%] t=984.5 T0  aggregates=330    
[98.5%] t=984.6 T0  aggregates=297    
[98.5%] t=984.7 T0  aggregates=314    
[98.5%] t=984.8 T0  aggregates=291    
[98.5%] t=984.9 T0  aggregates=313    
[98.5%] t=985.0 T0  aggregates=298    
[98.5%] t=985.1 T0  aggregates=332    
[98.5%] t=985.2 T0  aggregates=317    
[98.5%] t=985.3 T0  aggregates=326    
[98.5%] t=985.4 T0  aggregates=312    
[98.6%] t=985.5 T0  aggregates=315    
[98.6%] t=985.6 T0  aggregates=306    
[98.6%] t=985.7 T0  aggregates=310    
[98.6%] t=985.8 T0  aggregates=345    
[98.6%] t=985.9 T0  aggregates=320    
[98.6%] t=986.0 T0  aggregates=322    
[98.6%] t=986.1 T0  aggregates=317    
[98.6%] t=986.2 T0  aggregates=317    
[98.6%] t=986.3 T0  aggregates=310    
[98.6%] t=986.4 T0  aggregates=334    
[98.7%] t=986.5 T0  aggregates=310    
[98.7%] t=986.6 T0  aggregates=339    
[98.7%] t=986.7 T0  aggregates=319    
[98.7%] t=986.8 T0  aggregates=322    
[98.7%] t=986.9 T0  aggregates=305    
[98.7%] t=987.0 T0  aggregates=335    
[98.7%] t=987.1 T0  aggregates=307    
[98.7%] t=987.2 T0  aggregates=325    
[98.7%] t=987.3 T0  aggregates=345    
[98.7%] t=987.4 T0  aggregates=334    
[98.8%] t=987.5 T0  aggregates=343    
[98.8%] t=987.6 T0  aggregates=314    
[98.8%] t=987.7 T0  aggregates=344    
[98.8%] t=987.8 T0  aggregates=314    
[98.8%] t=987.9 T0  aggregates=317    
[98.8%] t=988.0 T0  aggregates=317    
[98.8%] t=988.1 T0  aggregates=327    
[98.8%] t=988.2 T0  aggregates=315    
[98.8%] t=988.3 T0  aggregates=342    
[98.8%] t=988.4 T0  aggregates=324    
[98.8%] t=988.5 T0  aggregates=324    
[98.9%] t=988.6 T0  aggregates=307    
[98.9%] t=988.7 T0  aggregates=342    
[98.9%] t=988.8 T0  aggregates=298    
[98.9%] t=988.9 T0  aggregates=343    
[98.9%] t=989.0 T0  aggregates=308    
[98.9%] t=989.1 T0  aggregates=379    
[98.9%] t=989.2 T0  aggregates=354    
[98.9%] t=989.3 T0  aggregates=356    
[98.9%] t=989.4 T0  aggregates=335    
[98.9%] t=989.5 T0  aggregates=311    
[99.0%] t=989.6 T0  aggregates=307    
[99.0%] t=989.7 T0  aggregates=315    
[99.0%] t=989.8 T0  aggregates=308    
[99.0%] t=989.9 T0  aggregates=324    
[99.0%] t=990.0 T0  aggregates=328    
[99.0%] t=990.1 T0  aggregates=318    
[99.0%] t=990.2 T0  aggregates=338    
[99.0%] t=990.3 T0  aggregates=322    
[99.0%] t=990.4 T0  aggregates=346    
[99.1%] t=990.5 T0  aggregates=314    
[99.1%] t=990.6 T0  aggregates=321    
[99.1%] t=990.7 T0  aggregates=313    
[99.1%] t=990.8 T0  aggregates=322    
[99.1%] t=990.9 T0  aggregates=359    
[99.1%] t=991.0 T0  aggregates=337    
[99.1%] t=991.1 T0  aggregates=329    
[99.1%] t=991.2 T0  aggregates=318    
[99.1%] t=991.3 T0  aggregates=329    
[99.1%] t=991.4 T0  aggregates=335    
[99.2%] t=991.5 T0  aggregates=334    
[99.2%] t=991.6 T0  aggregates=321    
[99.2%] t=991.7 T0  aggregates=346    
[99.2%] t=991.8 T0  aggregates=319    
[99.2%] t=991.9 T0  aggregates=326    
[99.2%] t=992.0 T0  aggregates=321    
[99.2%] t=992.1 T0  aggregates=342    
[99.2%] t=992.2 T0  aggregates=329    
[99.2%] t=992.3 T0  aggregates=325    
[99.2%] t=992.4 T0  aggregates=319    
[99.2%] t=992.5 T0  aggregates=334    
[99.3%] t=992.6 T0  aggregates=300    
[99.3%] t=992.7 T0  aggregates=349    
[99.3%] t=992.8 T0  aggregates=317    
[99.3%] t=992.9 T0  aggregates=293    
[99.3%] t=993.0 T0  aggregates=335    
[99.3%] t=993.1 T0  aggregates=322    
[99.3%] t=993.2 T0  aggregates=327    
[99.3%] t=993.3 T0  aggregates=309    
[99.3%] t=993.4 T0  aggregates=313    
[99.3%] t=993.5 T0  aggregates=297    
[99.4%] t=993.6 T0  aggregates=334    
[99.4%] t=993.7 T0  aggregates=326    
[99.4%] t=993.8 T0  aggregates=348    
[99.4%] t=993.9 T0  aggregates=329    
[99.4%] t=994.0 T0  aggregates=320    
[99.4%] t=994.1 T0  aggregates=340    
[99.4%] t=994.2 T0  aggregates=309    
[99.4%] t=994.3 T0  aggregates=318    
[99.4%] t=994.4 T0  aggregates=306    
[99.4%] t=994.5 T0  aggregates=307    
[99.5%] t=994.6 T0  aggregates=331    
[99.5%] t=994.7 T0  aggregates=355    
[99.5%] t=994.8 T0  aggregates=320    
[99.5%] t=994.9 T0  aggregates=323    
[99.5%] t=995.0 T0  aggregates=317    
[99.5%] t=995.1 T0  aggregates=317    
[99.5%] t=995.2 T0  aggregates=328    
[99.5%] t=995.3 T0  aggregates=336    
[99.5%] t=995.4 T0  aggregates=324    
[99.6%] t=995.5 T0  aggregates=316    
[99.6%] t=995.6 T0  aggregates=334    
[99.6%] t=995.7 T0  aggregates=316    
[99.6%] t=995.8 T0  aggregates=325    
[99.6%] t=995.9 T0  aggregates=303    
[99.6%] t=996.0 T0  aggregates=315    
[99.6%] t=996.1 T0  aggregates=309    
[99.6%] t=996.2 T0  aggregates=324    
[99.6%] t=996.3 T0  aggregates=314    
[99.6%] t=996.4 T0  aggregates=324    
[99.7%] t=996.5 T0  aggregates=313    
[99.7%] t=996.6 T0  aggregates=352    
[99.7%] t=996.7 T0  aggregates=356    
[99.7%] t=996.8 T0  aggregates=326    
[99.7%] t=996.9 T0  aggregates=330    
[99.7%] t=997.0 T0  aggregates=318    
[99.7%] t=997.1 T0  aggregates=349    
[99.7%] t=997.2 T0  aggregates=308    
[99.7%] t=997.3 T0  aggregates=296    
[99.7%] t=997.4 T0  aggregates=306    
[99.8%] t=997.5 T0  aggregates=300    
[99.8%] t=997.6 T0  aggregates=295    
[99.8%] t=997.7 T0  aggregates=301    
[99.8%] t=997.8 T0  aggregates=351    
[99.8%] t=997.9 T0  aggregates=321    
[99.8%] t=998.0 T0  aggregates=333    
[99.8%] t=998.1 T0  aggregates=303    
[99.8%] t=998.2 T0  aggregates=305    
[99.8%] t=998.3 T0  aggregates=299    
[99.8%] t=998.4 T0  aggregates=326    
[99.8%] t=998.5 T0  aggregates=308    
[99.9%] t=998.6 T0  aggregates=322    
[99.9%] t=998.7 T0  aggregates=324    
[99.9%] t=998.8 T0  aggregates=321    
[99.9%] t=998.9 T0  aggregates=310    
[99.9%] t=999.0 T0  aggregates=304    
[99.9%] t=999.1 T0  aggregates=327    
[99.9%] t=999.2 T0  aggregates=325    
[99.9%] t=999.3 T0  aggregates=326    
[99.9%] t=999.4 T0  aggregates=320    
[99.9%] t=999.5 T0  aggregates=308    
[100.0%] t=999.6 T0  aggregates=329    
[100.0%] t=999.7 T0  aggregates=299    
[100.0%] t=999.8 T0  aggregates=313    
[100.0%] t=999.9 T0  aggregates=312    
[100.0%] t=1000.0 T0  aggregates=322    
Done. 10000 frames written to data/20260525_195133
